image_id,label,color_group,r,g,b,contrast,thickness_nm
mock_00000,Bulk,Yellow,187.9023,165.4111,121.5234,-0.320813,4.928676
mock_00001,Monolayer,Light Blue,189.5137,204.9307,237.3682,-0.062504,0.360007
mock_00002,Bulk,Yellow,187.457,165.3154,121.7812,-0.310633,5.040524
mock_00003,Bilayer,Blue,154.374,179.207,219.832,-0.125461,0.70099
mock_00004,Bilayer,Blue,154.3984,179.5195,219.7969,-0.106507,0.57045
mock_00005,Few Layers,Green,114.1943,169.625,149.4951,-0.232974,2.246949
mock_00006,Bilayer,Blue,154.7646,179.4287,219.8408,-0.105518,0.589191
mock_00007,Monolayer,Light Blue,189.4365,204.2783,237.0244,-0.055413,0.310396
mock_00008,Few Layers,Green,114.6006,168.9902,149.6172,-0.24226,2.273375
mock_00009,Trilayer,Purple-Blue,127.5371,147.5127,209.5283,-0.166373,1.046416
mock_00010,Bulk,Yellow,187.4248,165.376,122.0273,-0.297282,5.040301
mock_00011,Bulk,Yellow,187.2129,165.8906,121.749,-0.324732,4.99711
mock_00012,Bilayer,Blue,154.6904,179.4863,219.5908,-0.065861,0.597015
mock_00013,Bilayer,Blue,154.3994,179.6338,219.4336,-0.115194,0.75258
mock_00014,Trilayer,Purple-Blue,127.6377,147.7334,209.5928,-0.142296,1.032597
mock_00015,Trilayer,Purple-Blue,127.2617,147.1396,209.3086,-0.158581,0.924023
mock_00016,Bulk,Yellow,187.4805,165.2031,121.6865,-0.347749,5.094509
mock_00017,Bilayer,Blue,154.8037,179.6035,219.5684,-0.113116,0.531412
mock_00018,Monolayer,Light Blue,189.2871,204.499,237.7402,-0.050574,0.284349
mock_00019,Few Layers,Green,114.5459,169.7764,149.8389,-0.272428,2.318528
mock_00020,Trilayer,Purple-Blue,127.0332,147.625,209.2295,-0.145984,1.048642
mock_00021,Bilayer,Blue,154.7256,179.792,219.5,-0.081751,0.624537
mock_00022,Monolayer,Light Blue,189.3457,204.582,237.3623,-0.016534,0.368659
mock_00023,Bilayer,Blue,154.2373,179.3574,219.6045,-0.081543,0.669631
mock_00024,Bulk,Yellow,187.5605,165.2002,121.4375,-0.319923,4.995653
mock_00025,Monolayer,Light Blue,189.6934,204.459,237.5166,-0.039837,0.304856
mock_00026,Monolayer,Light Blue,189.459,204.0098,237.71,-0.049615,0.187484
mock_00027,Trilayer,Purple-Blue,126.7363,148.0029,209.7061,-0.174662,1.014929
mock_00028,Trilayer,Purple-Blue,127.79,147.2354,209.3086,-0.193617,0.855044
mock_00029,Bulk,Yellow,187.2178,165.1738,121.6924,-0.328266,4.905214
mock_00030,Trilayer,Purple-Blue,127.6338,147.4092,209.918,-0.175802,1.046643
mock_00031,Trilayer,Purple-Blue,127.5889,147.0215,209.4521,-0.167306,0.963888
mock_00032,Monolayer,Light Blue,189.6191,204.7148,237.4541,-0.042841,0.382225
mock_00033,Trilayer,Purple-Blue,127.666,147.3945,209.5449,-0.156355,0.942577
mock_00034,Few Layers,Green,114.4941,169.4785,149.1445,-0.226784,2.107945
mock_00035,Bilayer,Blue,154.4795,179.0898,219.1484,-0.108138,0.701954
mock_00036,Trilayer,Purple-Blue,127.6387,147.4062,209.3721,-0.137529,1.005008
mock_00037,Trilayer,Purple-Blue,127.5381,147.1162,209.3838,-0.147628,1.058031
mock_00038,Monolayer,Light Blue,189.751,204.4004,237.5898,-0.05176,0.206562
mock_00039,Bulk,Yellow,187.3721,165.3115,121.0986,-0.318509,5.080256
mock_00040,Few Layers,Green,114.3135,169.5381,149.5742,-0.218639,2.307194
mock_00041,Bilayer,Blue,154.3252,179.6377,219.3486,-0.064422,0.677092
mock_00042,Bulk,Yellow,187.4561,165.5215,121.5996,-0.328656,4.984117
mock_00043,Bulk,Yellow,187.4824,165.5898,121.1133,-0.327909,4.912958
mock_00044,Bulk,Yellow,187.3711,165.2217,121.6719,-0.324201,5.029969
mock_00045,Monolayer,Light Blue,189.3955,204.668,238.165,-0.041233,0.239792
mock_00046,Trilayer,Purple-Blue,127.6328,147.8203,209.7461,-0.161911,0.970588
mock_00047,Monolayer,Light Blue,189.8154,204.5449,237.4717,-0.010916,0.323199
mock_00048,Monolayer,Light Blue,189.5996,204.3926,237.457,-0.042608,0.329221
mock_00049,Trilayer,Purple-Blue,127.8574,147.0703,209.2461,-0.17956,1.071781
mock_00050,Monolayer,Light Blue,189.7324,204.375,237.5332,-0.039658,0.317337
mock_00051,Bulk,Yellow,187.5391,165.5586,121.5791,-0.334631,4.947097
mock_00052,Monolayer,Light Blue,189.042,204.3086,237.6172,-0.007801,0.479123
mock_00053,Monolayer,Light Blue,189.7559,204.7148,237.3809,-0.051694,0.424472
mock_00054,Monolayer,Light Blue,189.6064,204.4258,237.6553,-0.021931,0.292356
mock_00055,Monolayer,Light Blue,189.4502,204.7812,237.0049,-0.049223,0.257612
mock_00056,Bilayer,Blue,154.4521,179.25,219.4697,-0.093664,0.747834
mock_00057,Few Layers,Green,114.499,169.5771,149.1045,-0.229248,2.10386
mock_00058,Few Layers,Green,114.7607,169.5449,149.1719,-0.258713,2.324383
mock_00059,Trilayer,Purple-Blue,127.0029,147.3643,209.9619,-0.161735,0.912774
mock_00060,Bulk,Yellow,187.8125,165.3584,121.4795,-0.308183,4.944991
mock_00061,Monolayer,Light Blue,189.374,204.541,237.5303,-0.048332,0.405216
mock_00062,Monolayer,Light Blue,189.3965,204.6387,237.75,-0.073153,0.178973
mock_00063,Bilayer,Blue,154.0654,179.5557,219.5791,-0.102875,0.681765
mock_00064,Few Layers,Green,114.0898,169.626,149.2949,-0.251612,2.284598
mock_00065,Monolayer,Light Blue,189.6309,204.6348,237.5059,-0.050725,0.364415
mock_00066,Bilayer,Blue,154.3896,179.1982,219.7822,-0.093454,0.663565
mock_00067,Few Layers,Green,114.6045,169.6016,149.5068,-0.251004,2.219813
mock_00068,Bulk,Yellow,188.0596,165.8398,121.6152,-0.296505,5.14628
mock_00069,Trilayer,Purple-Blue,127.292,147.5742,209.2803,-0.162929,0.892877
mock_00070,Few Layers,Green,114.4883,169.543,149.502,-0.237323,2.220902
mock_00071,Bulk,Yellow,187.4316,164.873,121.2002,-0.336997,5.03746
mock_00072,Bilayer,Blue,154.0957,178.9307,219.3281,-0.090024,0.607951
mock_00073,Bilayer,Blue,154.3242,178.9033,219.8203,-0.08698,0.7782
mock_00074,Monolayer,Light Blue,189.1738,204.7666,237.2002,-0.032853,0.229462
mock_00075,Bilayer,Blue,154.7998,179.2393,219.5088,-0.083985,0.543193
mock_00076,Bulk,Yellow,187.5254,165.4121,121.3799,-0.336069,4.99035
mock_00077,Bilayer,Blue,154.9746,179.3164,219.2998,-0.108662,0.572427
mock_00078,Monolayer,Light Blue,188.9053,204.0625,237.6592,-0.013434,0.356186
mock_00079,Trilayer,Purple-Blue,127.6172,147.3281,209.4609,-0.1438,0.935254
mock_00080,Bilayer,Blue,155.0762,179.252,219.8125,-0.072332,0.538238
mock_00081,Monolayer,Light Blue,189.7314,204.6162,237.6934,-0.088144,0.326535
mock_00082,Bulk,Yellow,187.7012,165.5459,121.6514,-0.310685,5.051142
mock_00083,Trilayer,Purple-Blue,127.5254,147.1826,209.4004,-0.185553,0.939082
mock_00084,Monolayer,Light Blue,189.3477,204.2422,237.8066,-0.058048,0.39338
mock_00085,Bilayer,Blue,154.8496,179.3838,219.459,-0.115825,0.667914
mock_00086,Trilayer,Purple-Blue,127.3516,147.5264,209.7344,-0.162543,1.097678
mock_00087,Few Layers,Green,114.8418,169.3135,149.8057,-0.276332,2.202578
mock_00088,Trilayer,Purple-Blue,127.502,147.1768,209.6758,-0.152036,1.003223
mock_00089,Bilayer,Blue,154.5264,179.1416,219.8828,-0.103189,0.551935
mock_00090,Few Layers,Green,114.4619,169.4355,149.6953,-0.235828,2.194647
mock_00091,Few Layers,Green,114.6299,169.7617,149.585,-0.230216,2.230791
mock_00092,Few Layers,Green,114.5186,169.1299,149.3779,-0.234338,2.045301
mock_00093,Trilayer,Purple-Blue,127.8857,147.7588,209.4453,-0.168918,0.969862
mock_00094,Bulk,Yellow,187.8301,165.4902,121.5146,-0.304054,4.918759
mock_00095,Bilayer,Blue,154.7129,179.5791,219.2432,-0.092972,0.554648
mock_00096,Bilayer,Blue,154.6689,178.9971,219.7031,-0.095435,0.623507
mock_00097,Monolayer,Light Blue,189.707,204.3672,237.5186,-0.024586,0.454031
mock_00098,Monolayer,Light Blue,189.3477,204.8818,237.2217,-0.044602,0.373647
mock_00099,Monolayer,Light Blue,189.666,204.5869,237.3779,-0.07061,0.389373
mock_00100,Monolayer,Light Blue,189.4785,204.2598,237.4512,-0.065386,0.22091
mock_00101,Bulk,Yellow,187.7246,165.5732,122.127,-0.315912,5.064558
mock_00102,Trilayer,Purple-Blue,127.7725,147.3545,209.2266,-0.156768,1.018427
mock_00103,Trilayer,Purple-Blue,127.6172,147.5215,209.5371,-0.18601,1.106011
mock_00104,Bulk,Yellow,187.4814,166.0859,121.2949,-0.293917,5.064711
mock_00105,Monolayer,Light Blue,190.002,204.3135,237.4346,-0.044433,0.396784
mock_00106,Monolayer,Light Blue,189.3408,204.5977,237.3486,-0.036936,0.301023
mock_00107,Trilayer,Purple-Blue,127.6055,147.3945,209.6074,-0.157851,0.989654
mock_00108,Monolayer,Light Blue,189.248,204.6875,237.8398,-0.041984,0.209904
mock_00109,Bilayer,Blue,154.2109,179.6533,219.7129,-0.115618,0.678613
mock_00110,Bilayer,Blue,154.5234,179.6709,219.8223,-0.102477,0.793366
mock_00111,Monolayer,Light Blue,189.3906,204.5615,237.1533,-0.058384,0.248134
mock_00112,Trilayer,Purple-Blue,128.082,147.3652,208.8086,-0.156756,0.990822
mock_00113,Bilayer,Blue,154.9277,179.667,219.4277,-0.115154,0.614339
mock_00114,Bilayer,Blue,154.4805,179.3945,219.5342,-0.101178,0.651551
mock_00115,Bulk,Yellow,187.3271,165.7949,121.1074,-0.293589,4.969349
mock_00116,Bilayer,Blue,154.2061,179.5303,219.1914,-0.11868,0.670858
mock_00117,Few Layers,Green,114.623,169.6182,149.1641,-0.252253,2.206576
mock_00118,Monolayer,Light Blue,189.6484,204.3018,237.5967,-0.043792,0.486307
mock_00119,Trilayer,Purple-Blue,127.7549,147.3232,209.3271,-0.177373,1.008298
mock_00120,Monolayer,Light Blue,189.416,204.6416,237.4668,-0.09816,0.354032
mock_00121,Monolayer,Light Blue,189.6123,204.2793,237.5078,-0.055145,0.401444
mock_00122,Bilayer,Blue,154.3018,179.3682,219.6123,-0.094745,0.571917
mock_00123,Bilayer,Blue,154.4648,179.293,219.0771,-0.105341,0.590928
mock_00124,Bilayer,Blue,153.9453,179.458,220.0273,-0.114618,0.642908
mock_00125,Bilayer,Blue,154.8965,179.4023,219.4775,-0.093438,0.555073
mock_00126,Few Layers,Green,114.501,169.7783,149.8916,-0.229297,2.182785
mock_00127,Trilayer,Purple-Blue,127.9951,147.4326,209.6172,-0.19153,0.943817
mock_00128,Monolayer,Light Blue,189.3965,204.5488,237.4102,-0.039331,0.409089
mock_00129,Bilayer,Blue,154.4189,179.9219,219.7764,-0.118122,0.554772
mock_00130,Few Layers,Green,114.5088,169.708,149.8994,-0.244004,2.222105
mock_00131,Monolayer,Light Blue,189.7061,204.2139,237.5352,-0.041923,0.481967
mock_00132,Monolayer,Light Blue,189.3076,204.46,237.292,-0.064016,0.37961
mock_00133,Bilayer,Blue,154.5576,179.6455,219.3037,-0.110993,0.745853
mock_00134,Few Layers,Green,114.5781,168.79,149.2412,-0.217302,2.199403
mock_00135,Trilayer,Purple-Blue,127.7305,147.1182,209.1748,-0.150017,1.005605
mock_00136,Bilayer,Blue,154.6592,179.6113,219.5479,-0.094386,0.667596
mock_00137,Monolayer,Light Blue,189.2715,204.4365,237.1484,-0.021235,0.37063
mock_00138,Few Layers,Green,114.1748,169.3711,149.9502,-0.224936,2.087455
mock_00139,Monolayer,Light Blue,189.9717,204.0098,236.8535,-0.070322,0.312133
mock_00140,Trilayer,Purple-Blue,127.8428,147.3252,209.9443,-0.163653,0.941249
mock_00141,Few Layers,Green,114.5762,169.3271,149.7637,-0.235664,2.183132
mock_00142,Bulk,Yellow,187.2402,165.5244,121.3809,-0.310334,4.924674
mock_00143,Bulk,Yellow,187.5,165.5635,121.6924,-0.299028,5.222924
mock_00144,Trilayer,Purple-Blue,127.5762,147.5527,209.583,-0.137416,0.996735
mock_00145,Few Layers,Green,114.7539,169.3955,149.2441,-0.259268,2.239404
mock_00146,Trilayer,Purple-Blue,127.5684,147.6465,209.2393,-0.155632,0.937735
mock_00147,Trilayer,Purple-Blue,127.0098,147.335,209.6094,-0.147283,1.083356
mock_00148,Monolayer,Light Blue,189.4209,204.6104,237.9463,-0.0419,0.384478
mock_00149,Monolayer,Light Blue,189.3477,204.0742,237.4453,-0.050418,0.217932
mock_00150,Few Layers,Green,114.457,169.4619,149.124,-0.267376,2.139134
mock_00151,Few Layers,Green,114.6787,169.1299,149.7363,-0.240863,2.380366
mock_00152,Bilayer,Blue,154.1914,179.6211,219.3672,-0.08451,0.73774
mock_00153,Trilayer,Purple-Blue,127.1377,147.2559,209.6494,-0.156441,0.975081
mock_00154,Bulk,Yellow,187.0957,165.4844,120.792,-0.310664,4.95737
mock_00155,Trilayer,Purple-Blue,127.7324,147.0811,209.6289,-0.171334,0.993287
mock_00156,Monolayer,Light Blue,189.7832,204.4717,237.2666,-0.074944,0.35276
mock_00157,Monolayer,Light Blue,189.0625,204.6914,236.7686,-0.060384,0.298571
mock_00158,Monolayer,Light Blue,190.0332,204.9629,237.0557,-0.04097,0.350684
mock_00159,Bilayer,Blue,154.8057,179.4082,219.0918,-0.106986,0.679405
mock_00160,Few Layers,Green,114.0488,169.6465,149.9062,-0.235435,2.079621
mock_00161,Few Layers,Green,114.1045,169.6436,149.5371,-0.225674,2.128213
mock_00162,Bilayer,Blue,154.5947,179.4736,219.8555,-0.09529,0.775496
mock_00163,Bilayer,Blue,154.8457,179.6074,219.6523,-0.082078,0.628015
mock_00164,Trilayer,Purple-Blue,127.4746,147.416,209.5156,-0.136274,0.960605
mock_00165,Bilayer,Blue,154.5771,179.7236,218.9326,-0.082269,0.687183
mock_00166,Bilayer,Blue,154.6729,179.8525,219.8408,-0.128672,0.70221
mock_00167,Few Layers,Green,114.6729,169.5322,149.3535,-0.218645,2.091182
mock_00168,Few Layers,Green,114.6553,169.417,149.2354,-0.25953,2.297992
mock_00169,Trilayer,Purple-Blue,127.3984,146.9268,209.5166,-0.145933,1.121259
mock_00170,Bilayer,Blue,154.5713,178.9482,219.5098,-0.116456,0.764855
mock_00171,Trilayer,Purple-Blue,126.8096,147.5312,209.832,-0.12921,1.011373
mock_00172,Bilayer,Blue,153.8535,179.4658,219.2363,-0.11849,0.726462
mock_00173,Bulk,Yellow,187.4443,165.333,121.2451,-0.322433,5.029996
mock_00174,Bulk,Yellow,187.1914,165.6436,121.5068,-0.3126,4.972582
mock_00175,Bilayer,Blue,154.5273,179.8281,219.3213,-0.104882,0.795262
mock_00176,Bilayer,Blue,154.1406,179.6748,219.1406,-0.106491,0.792698
mock_00177,Bilayer,Blue,154.709,179.5059,219.832,-0.137086,0.718682
mock_00178,Monolayer,Light Blue,189.5186,204.8096,237.3652,-0.044665,0.451668
mock_00179,Few Layers,Green,114.2891,169.7627,149.4619,-0.23693,2.185987
mock_00180,Trilayer,Purple-Blue,127.5703,147.79,209.333,-0.147698,0.962042
mock_00181,Bilayer,Blue,154.3945,179.0381,219.7256,-0.100098,0.721534
mock_00182,Bilayer,Blue,154.9053,180.0449,219.9854,-0.096833,0.570601
mock_00183,Bilayer,Blue,154.5732,179.1895,219.4844,-0.08378,0.563647
mock_00184,Monolayer,Light Blue,189.2998,204.5469,237.1953,-0.037157,0.130136
mock_00185,Few Layers,Green,114.5234,169.7471,149.751,-0.202364,2.115604
mock_00186,Monolayer,Light Blue,189.2656,204.2627,237.6904,-0.051117,0.386539
mock_00187,Bilayer,Blue,154.7471,179.4922,219.21,-0.092633,0.645338
mock_00188,Bilayer,Blue,154.4873,179.7041,219.0791,-0.079796,0.717575
mock_00189,Bulk,Yellow,187.4199,165.8135,121.7754,-0.345394,5.057061
mock_00190,Bulk,Yellow,187.5732,165.5088,121.8965,-0.306134,4.91571
mock_00191,Trilayer,Purple-Blue,127.7256,147.5146,209.3789,-0.159612,1.007143
mock_00192,Monolayer,Light Blue,189.5039,204.6152,237.4834,-0.045239,0.321274
mock_00193,Monolayer,Light Blue,189.5254,204.6162,237.2725,-0.06135,0.354903
mock_00194,Monolayer,Light Blue,189.0625,204.0527,237.4902,-0.028429,0.433382
mock_00195,Trilayer,Purple-Blue,127.3994,147.7158,209.5967,-0.186857,0.997316
mock_00196,Monolayer,Light Blue,189.0127,203.9209,237.7383,-0.024366,0.323878
mock_00197,Trilayer,Purple-Blue,127.5762,147.4209,209.2236,-0.172825,1.022719
mock_00198,Bilayer,Blue,154.4414,179.5469,219.6719,-0.096432,0.645206
mock_00199,Monolayer,Light Blue,189.2119,204.4785,237.5078,-0.041657,0.321519
mock_00200,Few Layers,Green,114.4531,169.1895,149.7188,-0.267558,2.097757
mock_00201,Bulk,Yellow,187.6465,165.4395,121.791,-0.323146,5.009984
mock_00202,Monolayer,Light Blue,189.7842,204.4531,237.3984,-0.04045,0.277303
mock_00203,Trilayer,Purple-Blue,127.1875,147.7217,209.8057,-0.161642,1.125235
mock_00204,Monolayer,Light Blue,189.5547,204.5967,238.0342,-0.052896,0.426733
mock_00205,Bilayer,Blue,154.9141,179.4736,219.3535,-0.096216,0.704634
mock_00206,Bilayer,Blue,154.3604,179.2451,219.2461,-0.106406,0.825159
mock_00207,Monolayer,Light Blue,189.5312,204.2441,237.3672,-0.060222,0.383195
mock_00208,Monolayer,Light Blue,189.9951,204.5957,237.5137,-0.026862,0.42677
mock_00209,Bulk,Yellow,187.3584,165.7646,121.7588,-0.31959,4.984815
mock_00210,Trilayer,Purple-Blue,127.918,147.7646,209.5791,-0.15869,1.037418
mock_00211,Monolayer,Light Blue,189.9922,203.957,237.7891,-0.034379,0.377869
mock_00212,Monolayer,Light Blue,189.083,204.5107,237.5176,-0.060531,0.24244
mock_00213,Few Layers,Green,114.4424,169.5479,149.1836,-0.22431,2.178312
mock_00214,Bulk,Yellow,187.7422,165.8223,121.4355,-0.301571,4.985887
mock_00215,Trilayer,Purple-Blue,127.3848,147.7148,209.3809,-0.16929,0.866847
mock_00216,Bilayer,Blue,154.8076,179.2744,218.834,-0.100303,0.819385
mock_00217,Few Layers,Green,114.4385,169.334,149.3271,-0.233509,2.20693
mock_00218,Bilayer,Blue,154.3291,179.4688,219.7383,-0.068113,0.639129
mock_00219,Bulk,Yellow,187.0508,164.8643,121.1641,-0.315181,4.957316
mock_00220,Bulk,Yellow,187.417,165.6113,121.7666,-0.337018,4.982528
mock_00221,Trilayer,Purple-Blue,127.4707,147.333,209.8447,-0.164257,0.845876
mock_00222,Trilayer,Purple-Blue,127.5586,148.002,209.6475,-0.142495,0.933662
mock_00223,Trilayer,Purple-Blue,127.3193,147.6406,209.7354,-0.166586,0.923243
mock_00224,Trilayer,Purple-Blue,127.4727,147.6572,209.835,-0.176097,0.935749
mock_00225,Bilayer,Blue,154.6123,179.5469,219.6807,-0.115568,0.683919
mock_00226,Few Layers,Green,113.9844,169.6914,149.1172,-0.222109,2.02892
mock_00227,Bilayer,Blue,154.5449,179.2158,219.208,-0.095948,0.566118
mock_00228,Trilayer,Purple-Blue,127.5352,147.6572,209.5723,-0.15372,0.951466
mock_00229,Bilayer,Blue,154.7539,179.4404,219.6816,-0.110156,0.655843
mock_00230,Monolayer,Light Blue,189.5918,204.5459,237.501,-0.03809,0.281555
mock_00231,Bilayer,Blue,154.1074,179.1982,219.7734,-0.114176,0.593988
mock_00232,Bulk,Yellow,187.1377,165.6836,121.4199,-0.308676,5.027754
mock_00233,Bulk,Yellow,187.5088,165.2529,121.2676,-0.306914,5.029858
mock_00234,Trilayer,Purple-Blue,127.2578,147.5234,209.6953,-0.177275,1.001764
mock_00235,Few Layers,Green,114.1943,169.8691,149.2227,-0.236172,2.212437
mock_00236,Few Layers,Green,114.7832,169.7207,149.7822,-0.225885,2.157633
mock_00237,Trilayer,Purple-Blue,127.2158,147.2783,209.6865,-0.141688,0.96568
mock_00238,Bulk,Yellow,187.6367,166.0156,121.5449,-0.327773,5.167926
mock_00239,Few Layers,Green,114.9219,169.4463,149.2285,-0.231426,2.203072
mock_00240,Few Layers,Green,114.4863,169.4756,149.9004,-0.270418,2.207527
mock_00241,Bilayer,Blue,154.4072,179.0459,219.3799,-0.124832,0.730939
mock_00242,Few Layers,Green,114.2949,169.5488,149.833,-0.227191,2.266419
mock_00243,Bilayer,Blue,154.4111,179.5322,219.6514,-0.096259,0.637184
mock_00244,Monolayer,Light Blue,189.6074,204.4248,237.4043,-0.033608,0.38657
mock_00245,Bulk,Yellow,187.8428,165.376,121.8223,-0.327687,5.005944
mock_00246,Monolayer,Light Blue,189.7773,204.376,237.6787,-0.057006,0.389623
mock_00247,Monolayer,Light Blue,189.4629,204.6006,237.5547,-0.05745,0.343283
mock_00248,Trilayer,Purple-Blue,128.1309,147.8438,209.376,-0.16702,0.917319
mock_00249,Few Layers,Green,114.6846,169.6436,149.8262,-0.254459,2.182799
mock_00250,Bilayer,Blue,154.7607,179.8604,219.4658,-0.108814,0.512076
mock_00251,Few Layers,Green,114.6943,169.5801,148.9189,-0.211474,2.105365
mock_00252,Trilayer,Purple-Blue,128.2178,147.501,209.5908,-0.155287,1.060887
mock_00253,Trilayer,Purple-Blue,127.5645,147.3789,209.7549,-0.145402,0.967792
mock_00254,Few Layers,Green,114.5801,169.4395,149.4785,-0.240832,2.265507
mock_00255,Bilayer,Blue,154.5664,179.0283,219.5293,-0.095349,0.530021
mock_00256,Few Layers,Green,114.2041,169.9922,149.2588,-0.223468,2.294674
mock_00257,Few Layers,Green,114.1816,169.3672,149.6475,-0.245588,2.22679
mock_00258,Few Layers,Green,114.084,169.4434,149.0791,-0.249699,2.294085
mock_00259,Few Layers,Green,114.6338,169.1895,149.2637,-0.251328,2.207899
mock_00260,Bulk,Yellow,187.8428,165.709,121.6064,-0.320328,5.152221
mock_00261,Few Layers,Green,114.3545,169.7119,149.5479,-0.212947,2.33399
mock_00262,Few Layers,Green,114.959,169.458,149.1172,-0.253106,2.274072
mock_00263,Trilayer,Purple-Blue,127.6689,147.7695,209.2568,-0.187908,0.897347
mock_00264,Monolayer,Light Blue,189.5264,205.1562,237.3848,-0.035141,0.371835
mock_00265,Trilayer,Purple-Blue,127.5039,147.3008,209.4766,-0.159714,0.915837
mock_00266,Monolayer,Light Blue,189.751,204.5381,237.415,-0.048731,0.224917
mock_00267,Monolayer,Light Blue,189.2871,204.4219,237.4971,-0.039847,0.287832
mock_00268,Bilayer,Blue,154.4238,179.3672,219.2695,-0.11514,0.713839
mock_00269,Few Layers,Green,114.3193,169.6357,149.7217,-0.242239,2.202891
mock_00270,Few Layers,Green,114.8174,169.8877,149.7158,-0.249964,2.165822
mock_00271,Few Layers,Green,114.3271,169.4443,149.6572,-0.246386,2.167947
mock_00272,Bilayer,Blue,154.5752,179.9434,219.5283,-0.114344,0.584521
mock_00273,Few Layers,Green,115.1406,169.4395,149.0439,-0.227749,2.282496
mock_00274,Few Layers,Green,114.1631,168.8965,149.3721,-0.245735,2.266484
mock_00275,Trilayer,Purple-Blue,127.7354,147.7881,209.291,-0.164911,1.001607
mock_00276,Few Layers,Green,114.6543,169.4092,149.5195,-0.239243,2.21553
mock_00277,Trilayer,Purple-Blue,127.8877,147.6367,209.4189,-0.158269,1.024558
mock_00278,Bilayer,Blue,154.7852,179.7979,220.0957,-0.105454,0.603548
mock_00279,Bilayer,Blue,154.8164,179.709,219.6875,-0.099824,0.584182
mock_00280,Trilayer,Purple-Blue,127.6826,147.8184,209.5732,-0.130971,0.856605
mock_00281,Trilayer,Purple-Blue,127.4873,147.5039,209.3105,-0.148519,0.996794
mock_00282,Few Layers,Green,114.5732,169.1924,149.6787,-0.252304,2.165688
mock_00283,Monolayer,Light Blue,189.6104,204.71,237.3906,-0.034811,0.263055
mock_00284,Trilayer,Purple-Blue,127.3184,147.292,209.6865,-0.152861,1.10952
mock_00285,Bilayer,Blue,154.2998,179.7686,219.6807,-0.106922,0.600619
mock_00286,Trilayer,Purple-Blue,127.8213,147.6973,209.9248,-0.181283,1.016358
mock_00287,Bulk,Yellow,187.4717,165.0537,121.7041,-0.319875,4.914479
mock_00288,Few Layers,Green,115.1523,169.543,149.5752,-0.241994,2.331862
mock_00289,Bulk,Yellow,187.3623,165.5059,121.7383,-0.318754,5.072277
mock_00290,Bulk,Yellow,187.8096,165.7012,121.748,-0.343483,4.993527
mock_00291,Few Layers,Green,114.4746,169.3301,149.2871,-0.245867,2.110725
mock_00292,Monolayer,Light Blue,189.5029,203.918,236.9023,-0.015666,0.324995
mock_00293,Monolayer,Light Blue,189.9414,204.4883,237.3281,-0.042158,0.322628
mock_00294,Few Layers,Green,114.4375,169.5459,149.5107,-0.242836,2.083306
mock_00295,Monolayer,Light Blue,189.4131,204.6416,237.1953,-0.047254,0.418122
mock_00296,Bulk,Yellow,187.4199,165.7646,121.9336,-0.327633,5.041456
mock_00297,Bulk,Yellow,187.7715,165.0381,121.3379,-0.337685,4.987402
mock_00298,Bulk,Yellow,187.5693,165.8457,121.8623,-0.337224,5.124186
mock_00299,Few Layers,Green,114.6328,169.6875,149.4619,-0.260689,2.091351
mock_00300,Bilayer,Blue,153.9629,179.0703,219.5723,-0.079896,0.60213
mock_00301,Bulk,Yellow,187.3994,165.6172,121.2314,-0.297958,5.108587
mock_00302,Monolayer,Light Blue,189.4404,204.7773,237.4697,-0.044787,0.33313
mock_00303,Bulk,Yellow,187.1963,165.749,121.4326,-0.324168,4.914782
mock_00304,Monolayer,Light Blue,189.4932,204.4355,237.3867,-0.049316,0.15333
mock_00305,Trilayer,Purple-Blue,127.3711,147.2354,209.334,-0.1355,0.96216
mock_00306,Bulk,Yellow,187.1621,165.3076,121.2314,-0.310152,4.913783
mock_00307,Monolayer,Light Blue,189.5771,204.793,237.7031,-0.035756,0.286387
mock_00308,Bilayer,Blue,154.3096,179.6758,219.8008,-0.100059,0.675885
mock_00309,Monolayer,Light Blue,189.7236,204.4619,237.4482,-0.035484,0.441486
mock_00310,Bilayer,Blue,154.5508,178.9941,219.625,-0.091768,0.704252
mock_00311,Monolayer,Light Blue,189.7881,204.5488,237.457,-0.061367,0.347047
mock_00312,Monolayer,Light Blue,189.46,204.6611,237.6631,-0.050054,0.3937
mock_00313,Trilayer,Purple-Blue,127.585,147.7705,209.8623,-0.135168,0.931137
mock_00314,Few Layers,Green,113.9658,170.4297,149.3066,-0.248288,2.225588
mock_00315,Monolayer,Light Blue,189.5752,204.2969,237.667,-0.035891,0.398856
mock_00316,Trilayer,Purple-Blue,127.8008,147.7002,209.2803,-0.145046,1.004366
mock_00317,Monolayer,Light Blue,189.5908,204.3066,237.1807,-0.055194,0.562107
mock_00318,Trilayer,Purple-Blue,127.2275,147.5176,209.499,-0.17289,1.030164
mock_00319,Monolayer,Light Blue,190.1768,204.7812,237.3242,-0.058151,0.461731
mock_00320,Bulk,Yellow,187.4102,165.6201,121.6172,-0.354058,4.943318
mock_00321,Monolayer,Light Blue,189.5703,204.6055,237.1348,-0.032834,0.172086
mock_00322,Few Layers,Green,114.6152,169.6553,149.3984,-0.220048,2.201265
mock_00323,Monolayer,Light Blue,189.3213,204.5244,237.1543,-0.050218,0.312203
mock_00324,Trilayer,Purple-Blue,127.3994,147.6074,209.7822,-0.197979,0.91803
mock_00325,Monolayer,Light Blue,189.7686,204.8555,237.3604,-0.042856,0.318176
mock_00326,Monolayer,Light Blue,189.748,204.3457,237.8809,-0.043888,0.229881
mock_00327,Trilayer,Purple-Blue,127.624,147.001,209.5693,-0.157361,1.085958
mock_00328,Monolayer,Light Blue,189.5918,204.1201,237.6641,-0.056394,0.301208
mock_00329,Bilayer,Blue,154.5098,179.7393,219.8027,-0.079767,0.744614
mock_00330,Monolayer,Light Blue,189.291,204.2744,237.2256,-0.086152,0.378455
mock_00331,Few Layers,Green,114.3789,169.54,149.582,-0.233601,2.082587
mock_00332,Trilayer,Purple-Blue,127.5068,147.5312,209.6133,-0.135024,0.985823
mock_00333,Bulk,Yellow,187.2598,165.5254,121.5518,-0.313541,5.015825
mock_00334,Bilayer,Blue,154.4443,179.8896,219.3447,-0.11463,0.654218
mock_00335,Bilayer,Blue,154.2256,179.5068,219.5898,-0.086666,0.611397
mock_00336,Bilayer,Blue,154.5908,179.1875,219.6572,-0.116642,0.663822
mock_00337,Bilayer,Blue,153.9355,179.3096,219.7432,-0.093051,0.617801
mock_00338,Bilayer,Blue,154.2197,179.7783,219.7168,-0.112564,0.62306
mock_00339,Few Layers,Green,114.9766,169.7393,149.0938,-0.256841,2.230107
mock_00340,Bilayer,Blue,154.6289,179.6387,219.3242,-0.091906,0.558252
mock_00341,Few Layers,Green,114.293,169.5801,149.6875,-0.275465,2.272567
mock_00342,Bilayer,Blue,154.3506,179.4238,219.4082,-0.103043,0.757135
mock_00343,Bilayer,Blue,154.9365,179.3623,219.5547,-0.079169,0.827184
mock_00344,Monolayer,Light Blue,189.3984,204.3281,237.833,-0.03166,0.258508
mock_00345,Few Layers,Green,114.4834,169.4023,149.8857,-0.252097,2.310694
mock_00346,Monolayer,Light Blue,189.623,204.374,237.2529,-0.06839,0.367392
mock_00347,Monolayer,Light Blue,189.1787,204.3828,237.6182,-0.018599,0.250678
mock_00348,Monolayer,Light Blue,189.1914,204.4248,237.6133,-0.046569,0.282456
mock_00349,Bilayer,Blue,154.6299,179.0684,219.1279,-0.088567,0.69883
mock_00350,Monolayer,Light Blue,189.5928,204.2412,237.4277,-0.015512,0.424074
mock_00351,Trilayer,Purple-Blue,127.4492,147.1543,209.4756,-0.158594,1.162804
mock_00352,Few Layers,Green,114.2793,169.6328,149.5967,-0.245433,2.103851
mock_00353,Few Layers,Green,114.6016,169.6807,149.7188,-0.231924,2.115085
mock_00354,Monolayer,Light Blue,189.25,204.418,237.7354,-0.047713,0.237779
mock_00355,Few Layers,Green,114.791,169.0898,149.9004,-0.234368,2.232753
mock_00356,Trilayer,Purple-Blue,127.6367,147.4336,209.917,-0.178876,1.074176
mock_00357,Trilayer,Purple-Blue,127.2109,147.7832,208.8672,-0.183605,1.031762
mock_00358,Trilayer,Purple-Blue,127.3438,147.874,209.502,-0.154858,0.858803
mock_00359,Trilayer,Purple-Blue,127.7031,147.2891,209.8486,-0.179248,1.023811
mock_00360,Bilayer,Blue,154.2773,179.0859,219.1914,-0.108139,0.600515
mock_00361,Monolayer,Light Blue,189.7275,204.377,237.4932,-0.05606,0.265917
mock_00362,Few Layers,Green,114.2637,169.5928,149.3174,-0.237183,2.178787
mock_00363,Few Layers,Green,114.6445,169.8105,149.4922,-0.220268,2.175755
mock_00364,Trilayer,Purple-Blue,127.1992,147.7578,209.707,-0.135537,1.250487
mock_00365,Trilayer,Purple-Blue,127.3066,147.5322,209.7412,-0.153423,0.928822
mock_00366,Bilayer,Blue,154.5371,179.2002,219.6768,-0.116219,0.637678
mock_00367,Trilayer,Purple-Blue,127.2852,147.6758,209.502,-0.145517,1.037607
mock_00368,Bilayer,Blue,154.5869,179.1875,219.4902,-0.088072,0.516796
mock_00369,Bilayer,Blue,154.3564,179.6006,219.5566,-0.099121,0.61855
mock_00370,Bulk,Yellow,187.5205,165.6113,121.6816,-0.312419,4.799234
mock_00371,Trilayer,Purple-Blue,128.043,147.2871,209.3652,-0.193183,0.984552
mock_00372,Bulk,Yellow,187.3145,165.7002,121.8047,-0.336322,5.01304
mock_00373,Monolayer,Light Blue,189.0381,204.6172,238.0303,-0.074023,0.226781
mock_00374,Bulk,Yellow,187.6963,165.5625,121.6289,-0.326641,5.023518
mock_00375,Bulk,Yellow,187.6338,165.6895,121.6045,-0.335295,5.037838
mock_00376,Few Layers,Green,114.7979,169.3135,149.6143,-0.247473,2.159706
mock_00377,Bilayer,Blue,154.3184,179.3926,219.5752,-0.084132,0.558191
mock_00378,Trilayer,Purple-Blue,127.752,147.459,209.5117,-0.146823,0.979706
mock_00379,Monolayer,Light Blue,189.7598,204.793,237.1309,-0.050529,0.229407
mock_00380,Few Layers,Green,114.2627,169.2939,149.5762,-0.238831,2.130728
mock_00381,Bulk,Yellow,187.4961,165.4629,121.5713,-0.341976,5.018404
mock_00382,Bilayer,Blue,154.5879,179.2441,219.5049,-0.081133,0.57631
mock_00383,Bilayer,Blue,154.3457,179.5215,219.1963,-0.074986,0.644577
mock_00384,Few Layers,Green,114.3066,169.6406,149.6572,-0.265349,2.27521
mock_00385,Bilayer,Blue,154.8936,179.6025,219.7051,-0.097617,0.738374
mock_00386,Bilayer,Blue,154.0449,179.3496,219.375,-0.06831,0.608977
mock_00387,Monolayer,Light Blue,189.7744,204.5234,237.0576,-0.042159,0.44645
mock_00388,Monolayer,Light Blue,189.915,204.4756,237.2598,-0.053662,0.246231
mock_00389,Monolayer,Light Blue,190.375,204.4717,237.2295,-0.029641,0.452211
mock_00390,Bulk,Yellow,187.6982,165.3105,121.501,-0.307339,5.055517
mock_00391,Few Layers,Green,114.3008,169.9414,149.1572,-0.22472,2.281091
mock_00392,Monolayer,Light Blue,189.167,204.8545,238.1445,-0.057109,0.285059
mock_00393,Trilayer,Purple-Blue,127.251,147.4287,209.2334,-0.15384,1.021176
mock_00394,Bilayer,Blue,154.5732,179.3945,219.5127,-0.076102,0.473207
mock_00395,Bilayer,Blue,154.2441,179.5654,219.4287,-0.115313,0.732683
mock_00396,Trilayer,Purple-Blue,126.9678,147.1836,209.752,-0.172494,1.020756
mock_00397,Bilayer,Blue,154.5352,179.7373,219.3506,-0.093902,0.6365
mock_00398,Bilayer,Blue,154.0889,179.251,219.7129,-0.079978,0.759743
mock_00399,Monolayer,Light Blue,189.5107,204.2891,237.3447,-0.021466,0.415931
mock_00400,Monolayer,Light Blue,189.6719,204.1436,237.8232,-0.047698,0.271205
mock_00401,Few Layers,Green,114.4482,169.7607,149.7715,-0.263535,2.210479
mock_00402,Bilayer,Blue,154.2637,179.7344,219.6729,-0.117016,0.639334
mock_00403,Bilayer,Blue,154.4531,179.7207,219.4531,-0.097726,0.624514
mock_00404,Monolayer,Light Blue,189.4902,205.0352,237.2139,-0.048186,0.333112
mock_00405,Bulk,Yellow,187.3076,165.209,121.3867,-0.320241,4.967514
mock_00406,Few Layers,Green,114.2148,169.6191,149.2373,-0.239423,2.157807
mock_00407,Bilayer,Blue,154.4883,179.6133,219.7676,-0.098784,0.552714
mock_00408,Bilayer,Blue,154.3057,179.2793,219.7744,-0.094349,0.677856
mock_00409,Bulk,Yellow,187.5732,165.4814,121.3125,-0.327303,4.871073
mock_00410,Trilayer,Purple-Blue,127.4502,147.4268,209.9102,-0.172554,1.05856
mock_00411,Few Layers,Green,114.4658,169.46,149.4922,-0.247163,2.24548
mock_00412,Bilayer,Blue,154.584,179.3662,219.3047,-0.099706,0.721736
mock_00413,Bilayer,Blue,154.7607,179.0303,219.7373,-0.087223,0.689802
mock_00414,Monolayer,Light Blue,189.7393,204.2422,237.2744,-0.065107,0.302542
mock_00415,Monolayer,Light Blue,189.4463,204.5771,237.1836,-0.062601,0.284424
mock_00416,Few Layers,Green,114.2334,169.4219,149.5811,-0.242872,2.099903
mock_00417,Bulk,Yellow,187.6621,165.3369,121.2412,-0.338874,5.069487
mock_00418,Monolayer,Light Blue,189.3369,204.3975,237.8252,-0.059853,0.262589
mock_00419,Bilayer,Blue,154.3438,179.6279,219.7412,-0.093414,0.729198
mock_00420,Few Layers,Green,114.8066,169.2354,149.3789,-0.243177,2.009347
mock_00421,Bulk,Yellow,187.6953,165.3691,121.4727,-0.340785,4.916892
mock_00422,Monolayer,Light Blue,189.8438,204.0254,237.6367,-0.03657,0.234287
mock_00423,Trilayer,Purple-Blue,127.7363,147.4014,209.6309,-0.163614,1.012654
mock_00424,Few Layers,Green,114.4658,169.4619,149.54,-0.212178,2.125555
mock_00425,Monolayer,Light Blue,189.4756,204.0986,237.3037,-0.060684,0.260811
mock_00426,Trilayer,Purple-Blue,127.6025,147.8027,209.7051,-0.147267,0.892702
mock_00427,Bilayer,Blue,154.6025,179.3174,219.4385,-0.081637,0.570039
mock_00428,Bilayer,Blue,154.4229,179.835,219.6797,-0.111846,0.551851
mock_00429,Bulk,Yellow,187.9033,165.7822,121.0996,-0.329968,5.000171
mock_00430,Monolayer,Light Blue,189.7461,204.5088,237.5166,-0.044913,0.408487
mock_00431,Trilayer,Purple-Blue,127.2354,147.4619,209.3389,-0.150471,0.997028
mock_00432,Bilayer,Blue,154.3301,179.7383,218.96,-0.090841,0.608658
mock_00433,Bilayer,Blue,154.5264,179.3828,219.6455,-0.083304,0.616591
mock_00434,Bilayer,Blue,154.7061,179.3721,219.4375,-0.102562,0.657914
mock_00435,Bilayer,Blue,154.3701,179.5762,219.499,-0.127261,0.708663
mock_00436,Monolayer,Light Blue,189.3281,204.79,237.2842,-0.040377,0.304649
mock_00437,Trilayer,Purple-Blue,127.7227,146.9219,209.7188,-0.155581,0.863399
mock_00438,Bilayer,Blue,154.9473,179.5938,219.2109,-0.085202,0.652285
mock_00439,Bilayer,Blue,154.502,179.3662,219.7695,-0.09007,0.576142
mock_00440,Trilayer,Purple-Blue,127.5967,147.1416,209.4189,-0.145765,1.04072
mock_00441,Bilayer,Blue,154.0996,179.5791,219.7246,-0.08805,0.684751
mock_00442,Monolayer,Light Blue,189.7686,204.2764,237.5801,-0.048378,0.300236
mock_00443,Monolayer,Light Blue,189.4678,204.7178,237.7441,-0.042157,0.411681
mock_00444,Bulk,Yellow,187.126,165.583,121.6758,-0.330258,4.967259
mock_00445,Bilayer,Blue,154.4043,179.6445,219.708,-0.089528,0.754721
mock_00446,Few Layers,Green,114.6572,169.6641,149.6562,-0.238801,2.181902
mock_00447,Bulk,Yellow,187.4053,164.9678,121.3828,-0.317075,4.923876
mock_00448,Few Layers,Green,114.5742,169.5068,149.4805,-0.226204,2.232455
mock_00449,Trilayer,Purple-Blue,127.4697,147.7256,209.2344,-0.169809,0.968116
mock_00450,Bilayer,Blue,154.5117,179.6855,219.0703,-0.10244,0.659198
mock_00451,Bulk,Yellow,187.6006,165.3662,121.5752,-0.306124,4.822306
mock_00452,Few Layers,Green,114.5518,169.3096,149.7305,-0.236747,2.286635
mock_00453,Bilayer,Blue,154.6826,178.7695,219.2402,-0.086768,0.771843
mock_00454,Trilayer,Purple-Blue,127.5752,147.4922,209.8389,-0.161205,0.964142
mock_00455,Trilayer,Purple-Blue,127.8359,147.5566,209.627,-0.181012,0.968956
mock_00456,Monolayer,Light Blue,189.5449,204.7295,237.3203,-0.019516,0.277695
mock_00457,Monolayer,Light Blue,189.4365,204.4541,237.5752,-0.065952,0.266964
mock_00458,Bilayer,Blue,154.5107,179.248,219.3779,-0.101442,0.48658
mock_00459,Bulk,Yellow,187.9854,165.6826,121.7744,-0.31543,5.006342
mock_00460,Monolayer,Light Blue,189.7627,204.8027,237.3545,-0.056275,0.347218
mock_00461,Bilayer,Blue,154.7627,179.373,219.3125,-0.115133,0.742046
mock_00462,Bilayer,Blue,154.3994,179.8213,219.4209,-0.100177,0.720029
mock_00463,Monolayer,Light Blue,189.5479,204.668,237.3809,-0.011873,0.400193
mock_00464,Monolayer,Light Blue,189.8291,204.5928,237.1465,-0.047033,0.401561
mock_00465,Monolayer,Light Blue,189.8848,204.5996,237.6035,-0.067839,0.283417
mock_00466,Bulk,Yellow,187.3994,165.5234,121.4443,-0.301102,5.097724
mock_00467,Few Layers,Green,113.7881,169.7021,149.6299,-0.249189,2.202125
mock_00468,Bilayer,Blue,154.4355,179.2021,219.8838,-0.11394,0.608454
mock_00469,Monolayer,Light Blue,189.2578,204.3682,237.4072,-0.059109,0.280277
mock_00470,Bulk,Yellow,187.3682,165.4551,121.501,-0.310473,4.986338
mock_00471,Bulk,Yellow,187.6719,165.6318,121.4336,-0.321666,4.949126
mock_00472,Trilayer,Purple-Blue,127.2002,147.4814,209.5439,-0.16089,1.096934
mock_00473,Few Layers,Green,114.5146,169.25,149.6582,-0.242751,2.025783
mock_00474,Monolayer,Light Blue,189.457,204.5635,237.4727,-0.045462,0.367286
mock_00475,Few Layers,Green,114.3125,169.627,149.6152,-0.225651,2.287193
mock_00476,Few Layers,Green,114.9941,169.8135,149.3887,-0.242718,2.220488
mock_00477,Few Layers,Green,114.5557,169.8623,149.2793,-0.215904,2.133591
mock_00478,Bilayer,Blue,154.334,179.3887,219.3145,-0.093337,0.532013
mock_00479,Bilayer,Blue,154.042,179.4805,219.1426,-0.089311,0.568817
mock_00480,Bilayer,Blue,154.4941,179.457,219.5684,-0.087667,0.630225
mock_00481,Monolayer,Light Blue,189.5293,204.3008,237.5156,-0.041459,0.439458
mock_00482,Few Layers,Green,114.377,169.3389,149.208,-0.229592,2.263822
mock_00483,Few Layers,Green,114.7686,169.4404,149.5508,-0.217916,2.260858
mock_00484,Trilayer,Purple-Blue,127.4805,147.1641,209.459,-0.154686,1.02544
mock_00485,Few Layers,Green,114.8232,169.8525,149.873,-0.239109,2.233934
mock_00486,Few Layers,Green,114.4941,169.7715,149.3457,-0.249202,2.061989
mock_00487,Bulk,Yellow,187.6494,165.3369,121.5361,-0.319366,5.041923
mock_00488,Monolayer,Light Blue,189.7051,204.6836,237.6826,-0.045672,0.182064
mock_00489,Monolayer,Light Blue,190.0205,204.6943,237.5176,-0.064661,0.486861
mock_00490,Monolayer,Light Blue,189.207,204.5771,237.1855,-0.034746,0.295466
mock_00491,Bilayer,Blue,154.5703,179.8223,219.1484,-0.084253,0.729207
mock_00492,Trilayer,Purple-Blue,127.7051,147.4971,209.8398,-0.154855,0.9508
mock_00493,Monolayer,Light Blue,189.1162,204.4385,237.8232,-0.043119,0.352421
mock_00494,Few Layers,Green,114.2822,169.835,149.4346,-0.227386,2.170059
mock_00495,Trilayer,Purple-Blue,127.3906,148.0391,209.6787,-0.177561,1.017455
mock_00496,Trilayer,Purple-Blue,127.0391,147.4004,209.4824,-0.163706,0.921849
mock_00497,Few Layers,Green,114.4248,169.5254,149.0195,-0.247553,2.162858
mock_00498,Few Layers,Green,114.8545,169.6611,149.7158,-0.240009,2.09953
mock_00499,Few Layers,Green,114.5996,169.3721,149.5723,-0.237437,2.088802
mock_00500,Bulk,Yellow,187.3857,165.5977,121.4033,-0.349659,4.82023
mock_00501,Bilayer,Blue,154.499,178.959,219.6768,-0.092033,0.604103
mock_00502,Few Layers,Green,114.6963,169.7666,149.5918,-0.242534,2.266377
mock_00503,Few Layers,Green,114.0332,169.5713,149.5977,-0.251254,2.331533
mock_00504,Few Layers,Green,114.7637,170.0303,149.4609,-0.262931,2.209684
mock_00505,Bulk,Yellow,187.6592,165.8506,121.6123,-0.31843,5.029782
mock_00506,Few Layers,Green,114.3037,169.8545,150.0303,-0.223089,2.263545
mock_00507,Few Layers,Green,114.5498,169.6064,149.1367,-0.246977,2.225983
mock_00508,Few Layers,Green,114.1748,169.6602,149.6807,-0.221914,2.175683
mock_00509,Few Layers,Green,114.7354,169.3086,149.5645,-0.244046,2.239452
mock_00510,Few Layers,Green,114.4297,169.5879,149.4609,-0.250838,2.320435
mock_00511,Trilayer,Purple-Blue,127.3115,147.8809,209.6211,-0.171324,0.845443
mock_00512,Trilayer,Purple-Blue,127.8867,147.1318,209.6299,-0.18061,1.03793
mock_00513,Trilayer,Purple-Blue,127.3301,147.5576,209.4375,-0.161979,1.005267
mock_00514,Bilayer,Blue,154.9014,179.5059,219.2568,-0.115546,0.677103
mock_00515,Monolayer,Light Blue,189.7793,204.9561,237.7402,-0.085048,0.394911
mock_00516,Bilayer,Blue,154.4346,179.0791,219.3604,-0.120574,0.70446
mock_00517,Monolayer,Light Blue,189.4961,204.8379,237.7695,-0.078441,0.343201
mock_00518,Few Layers,Green,114.6816,169.6973,149.6953,-0.24796,2.1956
mock_00519,Few Layers,Green,114.3877,169.3486,149.1025,-0.229707,2.280556
mock_00520,Bulk,Yellow,187.2578,165.4453,121.7344,-0.327092,4.813822
mock_00521,Few Layers,Green,114.4883,169.6973,149.1426,-0.25311,2.285535
mock_00522,Monolayer,Light Blue,189.7627,204.6602,237.4541,-0.049568,0.31316
mock_00523,Few Layers,Green,114.2529,169.2686,149.2637,-0.257152,2.286961
mock_00524,Trilayer,Purple-Blue,128.0273,147.5479,209.1533,-0.175605,0.890019
mock_00525,Trilayer,Purple-Blue,127.6104,147.4287,209.042,-0.159819,1.020529
mock_00526,Monolayer,Light Blue,189.2803,204.6836,236.8428,-0.022684,0.354611
mock_00527,Few Layers,Green,114.5508,169.5391,149.3066,-0.232563,2.207321
mock_00528,Bilayer,Blue,154.8467,179.5703,219.6709,-0.1026,0.675839
mock_00529,Bulk,Yellow,187.4688,165.3271,121.6553,-0.33049,5.056079
mock_00530,Bilayer,Blue,154.3584,179.5635,219.3867,-0.094029,0.801254
mock_00531,Bulk,Yellow,187.9854,166.0361,121.5498,-0.331602,5.003567
mock_00532,Bulk,Yellow,187.6094,165.6221,121.2715,-0.339271,5.123381
mock_00533,Bulk,Yellow,187.8584,165.2217,121.8135,-0.300822,5.053228
mock_00534,Few Layers,Green,114.7324,169.5244,149.4766,-0.227003,2.3471
mock_00535,Few Layers,Green,114.9639,169.3867,149.083,-0.234304,2.136943
mock_00536,Monolayer,Light Blue,189.4414,204.8467,237.4639,-0.049502,0.294186
mock_00537,Bilayer,Blue,154.7705,179.8857,219.498,-0.097797,0.696804
mock_00538,Trilayer,Purple-Blue,127.3584,147.6426,209.3867,-0.165781,1.014327
mock_00539,Monolayer,Light Blue,189.3496,204.2236,237.5703,-0.031684,0.314608
mock_00540,Bulk,Yellow,187.4746,165.6299,121.1436,-0.329564,4.921076
mock_00541,Bulk,Yellow,187.6367,165.6426,121.5879,-0.315077,5.001889
mock_00542,Monolayer,Light Blue,189.4072,204.4385,237.6934,-0.038874,0.383669
mock_00543,Trilayer,Purple-Blue,127.3096,147.4316,209.4502,-0.192065,0.855773
mock_00544,Trilayer,Purple-Blue,127.6768,147.2773,209.2793,-0.162881,0.873926
mock_00545,Monolayer,Light Blue,189.1182,204.6963,237.6729,-0.051242,0.354107
mock_00546,Bulk,Yellow,187.7588,165.3447,121.6729,-0.332482,5.012691
mock_00547,Monolayer,Light Blue,189.3789,204.5977,237.2402,-0.036498,0.30052
mock_00548,Monolayer,Light Blue,189.6465,204.3408,237.127,-0.07603,0.400245
mock_00549,Monolayer,Light Blue,189.9736,204.6992,237.5801,-0.044305,0.350375
mock_00550,Bulk,Yellow,187.8701,165.5205,121.7803,-0.33163,5.077007
mock_00551,Few Layers,Green,114.1963,169.4521,149.2373,-0.235773,2.057061
mock_00552,Bulk,Yellow,187.2275,164.9814,121.21,-0.313775,4.974486
mock_00553,Few Layers,Green,114.4531,169.4473,149.498,-0.2466,2.055966
mock_00554,Bulk,Yellow,187.5439,165.4648,120.9854,-0.322194,4.858281
mock_00555,Trilayer,Purple-Blue,126.9961,147.3066,209.8486,-0.168854,1.00041
mock_00556,Monolayer,Light Blue,189.4785,204.2949,237.3906,-0.038656,0.298971
mock_00557,Monolayer,Light Blue,189.5225,204.5977,237.0693,-0.040527,0.424218
mock_00558,Trilayer,Purple-Blue,127.4111,147.8633,209.4619,-0.157621,1.051745
mock_00559,Bilayer,Blue,154.5635,179.3564,219.9648,-0.070339,0.604482
mock_00560,Monolayer,Light Blue,189.7227,204.4072,237.7432,-0.039848,0.305535
mock_00561,Monolayer,Light Blue,189.3477,204.8506,237.3633,-0.059747,0.342208
mock_00562,Few Layers,Green,114.4062,169.665,149.2373,-0.245333,2.103885
mock_00563,Few Layers,Green,114.6768,169.5879,149.3857,-0.244693,2.131531
mock_00564,Trilayer,Purple-Blue,127.3877,147.2061,209.3145,-0.16569,1.067341
mock_00565,Bilayer,Blue,154.8252,179.5879,219.4941,-0.077225,0.591687
mock_00566,Few Layers,Green,114.543,169.5918,149.4365,-0.226028,2.185094
mock_00567,Bilayer,Blue,154.4199,179.5254,219.8555,-0.085404,0.560168
mock_00568,Monolayer,Light Blue,189.3467,204.2695,237.4746,-0.051094,0.313973
mock_00569,Bulk,Yellow,187.3379,165.9229,121.4805,-0.312655,4.979407
mock_00570,Few Layers,Green,114.5742,169.624,149.3701,-0.226338,2.10026
mock_00571,Few Layers,Green,114.4492,169.7988,149.5889,-0.235109,2.21579
mock_00572,Monolayer,Light Blue,189.3125,204.5986,237.5186,-0.035393,0.410223
mock_00573,Few Layers,Green,114.3711,169.7002,149.9326,-0.231582,2.300946
mock_00574,Bilayer,Blue,154.5781,179.417,219.6758,-0.101255,0.774435
mock_00575,Bulk,Yellow,187.4395,165.0654,121.9111,-0.32803,4.887035
mock_00576,Trilayer,Purple-Blue,127.4863,147.0693,209.752,-0.146829,1.061245
mock_00577,Bilayer,Blue,154.8799,179.6768,219.4277,-0.106701,0.523919
mock_00578,Bulk,Yellow,187.5771,165.3398,121.5615,-0.334736,5.115535
mock_00579,Bilayer,Blue,154.5996,179.6123,219.2695,-0.125009,0.66105
mock_00580,Monolayer,Light Blue,189.7793,204.3701,237.8984,-0.039025,0.296353
mock_00581,Bulk,Yellow,187.2344,165.8066,121.4785,-0.32932,4.794096
mock_00582,Bilayer,Blue,154.751,180.0049,219.7637,-0.096931,0.674314
mock_00583,Bilayer,Blue,154.1816,179.4883,219.7148,-0.097271,0.829358
mock_00584,Bilayer,Blue,154.2129,178.7275,219.5361,-0.096476,0.666236
mock_00585,Few Layers,Green,114.8154,169.4824,149.8945,-0.255801,2.236249
mock_00586,Few Layers,Green,114.457,169.3721,149.1484,-0.251778,2.200718
mock_00587,Monolayer,Light Blue,189.2578,204.0352,237.1904,-0.052386,0.17682
mock_00588,Trilayer,Purple-Blue,127.9443,147.6465,209.7373,-0.152257,0.888827
mock_00589,Monolayer,Light Blue,189.5625,204.8408,237.5146,-0.062876,0.276074
mock_00590,Monolayer,Light Blue,189.5801,204.6689,237.3906,-0.04642,0.320667
mock_00591,Bulk,Yellow,187.4551,165.7051,121.7383,-0.321897,5.09758
mock_00592,Trilayer,Purple-Blue,127.5879,147.6133,209.4629,-0.125042,1.042248
mock_00593,Trilayer,Purple-Blue,127.7041,147.2295,209.0918,-0.190145,0.921759
mock_00594,Bilayer,Blue,155.2324,179.2705,219.4854,-0.105921,0.608291
mock_00595,Trilayer,Purple-Blue,127.5273,147.54,209.2393,-0.160609,0.844767
mock_00596,Trilayer,Purple-Blue,127.3604,147.1826,209.5332,-0.157222,1.067033
mock_00597,Few Layers,Green,114.5547,169.5537,149.5234,-0.217301,2.202565
mock_00598,Bulk,Yellow,187.832,165.9619,121.5811,-0.341796,4.933748
mock_00599,Bilayer,Blue,154.6055,179.583,219.5088,-0.130289,0.699613
mock_00600,Few Layers,Green,114.8906,169.7402,149.7031,-0.259646,2.145956
mock_00601,Few Layers,Green,114.3115,169.1904,149.5908,-0.259823,2.101769
mock_00602,Monolayer,Light Blue,189.6768,204.0576,237.1855,-0.046022,0.494885
mock_00603,Bulk,Yellow,187.3369,165.2656,121.5537,-0.326746,4.89519
mock_00604,Bulk,Yellow,187.2676,165.4609,121.3994,-0.32991,5.067351
mock_00605,Monolayer,Light Blue,189.5244,204.123,237.6152,-0.069779,0.334742
mock_00606,Few Layers,Green,114.2373,169.2451,149.0605,-0.223668,2.274149
mock_00607,Bulk,Yellow,187.333,165.1914,121.4336,-0.358744,4.941917
mock_00608,Monolayer,Light Blue,190.001,204.459,238.1006,-0.032653,0.327606
mock_00609,Monolayer,Light Blue,188.9219,204.1738,236.9785,-0.055504,0.317172
mock_00610,Bilayer,Blue,154.5762,179.4502,219.1445,-0.094703,0.653861
mock_00611,Trilayer,Purple-Blue,127.5391,147.3623,209.8193,-0.153878,0.912414
mock_00612,Few Layers,Green,114.21,170.0205,148.9736,-0.233379,2.331847
mock_00613,Bilayer,Blue,154.6807,179.4688,219.1416,-0.109631,0.510586
mock_00614,Bulk,Yellow,186.9844,165.7334,121.793,-0.28893,5.107403
mock_00615,Few Layers,Green,114.7266,169.5684,149.6426,-0.255364,2.099764
mock_00616,Few Layers,Green,114.0244,169.2412,149.1035,-0.235646,2.291746
mock_00617,Monolayer,Light Blue,189.8652,204.7227,237.2148,-0.036679,0.277539
mock_00618,Monolayer,Light Blue,189.2734,205.0469,237.0801,-0.061025,0.382463
mock_00619,Trilayer,Purple-Blue,127.3096,147.6279,209.1611,-0.162433,0.975626
mock_00620,Trilayer,Purple-Blue,127.7236,147.3857,209.3604,-0.187956,1.078012
mock_00621,Bilayer,Blue,154.7998,179.6455,219.457,-0.088494,0.690759
mock_00622,Trilayer,Purple-Blue,127.2578,147.0156,209.8457,-0.165595,0.967982
mock_00623,Trilayer,Purple-Blue,127.3174,147.3535,209.2158,-0.184985,1.009367
mock_00624,Bilayer,Blue,154.5664,179.4053,219.3223,-0.121533,0.593754
mock_00625,Bilayer,Blue,154.5293,179.3398,219.6689,-0.118858,0.593597
mock_00626,Bilayer,Blue,154.7705,179.6631,218.9629,-0.1065,0.643553
mock_00627,Bulk,Yellow,187.416,165.4102,121.8926,-0.312566,5.047085
mock_00628,Bilayer,Blue,154.877,179.5332,219.5693,-0.070057,0.639062
mock_00629,Bulk,Yellow,187.7744,165.6914,121.5039,-0.30312,4.927665
mock_00630,Monolayer,Light Blue,189.6299,204.1572,237.4629,-0.061634,0.332769
mock_00631,Few Layers,Green,114.4004,169.4102,148.9473,-0.252194,2.123389
mock_00632,Bilayer,Blue,154.2598,179.5508,219.6875,-0.074237,0.64724
mock_00633,Monolayer,Light Blue,189.6387,204.2979,237.085,-0.037129,0.275591
mock_00634,Trilayer,Purple-Blue,127.3262,147.8896,210.0645,-0.146992,0.946519
mock_00635,Trilayer,Purple-Blue,127.748,147.3398,209.2344,-0.174425,1.01146
mock_00636,Bilayer,Blue,154.6904,179.6211,219.2715,-0.102829,0.632919
mock_00637,Bulk,Yellow,187.5068,165.5098,121.5869,-0.346685,5.043867
mock_00638,Few Layers,Green,114.5889,169.4863,149.6943,-0.253797,2.213849
mock_00639,Monolayer,Light Blue,189.6045,204.4297,237.5693,-0.049079,0.407386
mock_00640,Bilayer,Blue,154.9883,179.7129,219.5605,-0.089429,0.771006
mock_00641,Trilayer,Purple-Blue,127.2627,147.502,209.7852,-0.170606,1.04901
mock_00642,Bilayer,Blue,154.4229,178.9873,219.3477,-0.075755,0.63966
mock_00643,Trilayer,Purple-Blue,127.5566,147.709,209.6963,-0.161038,1.10687
mock_00644,Monolayer,Light Blue,189.5312,204.5645,237.5264,-0.055229,0.229739
mock_00645,Few Layers,Green,114.3623,169.4482,149.3369,-0.257156,2.351334
mock_00646,Monolayer,Light Blue,189.2178,204.4365,237.2959,-0.067349,0.280053
mock_00647,Bilayer,Blue,154.3252,179.3926,219.3672,-0.098483,0.58218
mock_00648,Monolayer,Light Blue,189.6416,204.1738,237.2383,-0.050028,0.326058
mock_00649,Bulk,Yellow,187.2803,165.6777,121.3027,-0.330471,4.987119
mock_00650,Bulk,Yellow,187.6104,165.7354,121.6768,-0.309411,4.937804
mock_00651,Bilayer,Blue,154.8213,179.5264,219.377,-0.085308,0.593266
mock_00652,Bulk,Yellow,187.4307,165.3369,121.2109,-0.335447,4.943205
mock_00653,Monolayer,Light Blue,189.1738,204.7891,237.6475,-0.049881,0.314572
mock_00654,Bilayer,Blue,154.6846,179.9814,219.6631,-0.087996,0.794863
mock_00655,Few Layers,Green,114.4043,169.2227,149.3877,-0.241524,2.233919
mock_00656,Monolayer,Light Blue,189.3701,204.623,237.4824,-0.041676,0.192182
mock_00657,Few Layers,Green,114.6064,169.4053,149.7754,-0.266706,2.111993
mock_00658,Monolayer,Light Blue,189.6543,204.5244,237.5752,-0.044281,0.360032
mock_00659,Monolayer,Light Blue,189.3193,204.7842,236.8555,-0.023102,0.324676
mock_00660,Bilayer,Blue,154.1494,179.8584,218.9561,-0.114916,0.787582
mock_00661,Few Layers,Green,114.7422,169.4102,149.4658,-0.248235,2.312792
mock_00662,Bulk,Yellow,187.877,165.4922,121.375,-0.306718,5.147479
mock_00663,Monolayer,Light Blue,189.7822,204.4688,237.8242,-0.03118,0.410909
mock_00664,Few Layers,Green,114.5293,169.8857,149.8174,-0.248925,2.097578
mock_00665,Monolayer,Light Blue,189.3428,204.415,237.1504,-0.035844,0.255354
mock_00666,Trilayer,Purple-Blue,127.3721,147.7109,209.4902,-0.153047,1.078747
mock_00667,Monolayer,Light Blue,189.5615,204.5684,237.4248,-0.051472,0.392908
mock_00668,Trilayer,Purple-Blue,127.4316,147.9678,209.2754,-0.171079,1.027971
mock_00669,Monolayer,Light Blue,189.8271,204.5342,237.7559,-0.08474,0.325359
mock_00670,Few Layers,Green,114.9521,169.1514,149.2021,-0.225311,2.047031
mock_00671,Bilayer,Blue,154.8564,179.2754,219.5654,-0.101625,0.716848
mock_00672,Bilayer,Blue,154.3916,179.2588,219.3682,-0.099642,0.751308
mock_00673,Bilayer,Blue,154.1338,179.4053,218.9287,-0.099911,0.640255
mock_00674,Monolayer,Light Blue,189.1553,204.4062,237.3486,-0.04385,0.337105
mock_00675,Trilayer,Purple-Blue,127.4775,147.0352,209.3633,-0.167685,0.994576
mock_00676,Monolayer,Light Blue,189.6348,204.6787,237.4277,-0.051204,0.398915
mock_00677,Monolayer,Light Blue,189.8477,204.2852,237.5859,-0.045276,0.345858
mock_00678,Few Layers,Green,114.0811,169.4922,149.3037,-0.24105,2.302118
mock_00679,Bilayer,Blue,154.5381,180.0303,219.1123,-0.09329,0.575713
mock_00680,Trilayer,Purple-Blue,127.7314,147.3682,209.8252,-0.148735,0.931947
mock_00681,Trilayer,Purple-Blue,127.6943,147.4668,209.6621,-0.150185,1.019151
mock_00682,Monolayer,Light Blue,189.3223,204.6787,237.3389,-0.039817,0.41988
mock_00683,Few Layers,Green,114.5312,169.877,149.5547,-0.226995,2.040512
mock_00684,Trilayer,Purple-Blue,127.5967,147.3564,209.8975,-0.149701,0.946504
mock_00685,Few Layers,Green,114.6504,169.4512,149.0283,-0.25188,2.134458
mock_00686,Few Layers,Green,114.3877,169.459,149.5195,-0.239162,2.246911
mock_00687,Bilayer,Blue,154.6133,179.4453,219.6875,-0.090211,0.610786
mock_00688,Trilayer,Purple-Blue,127.6211,147.5127,209.5498,-0.151658,1.092572
mock_00689,Monolayer,Light Blue,190.0244,204.3545,237.4795,-0.067794,0.423941
mock_00690,Monolayer,Light Blue,189.4844,204.665,237.5527,-0.050877,0.270654
mock_00691,Few Layers,Green,114.5234,169.7246,149.4883,-0.262535,2.232865
mock_00692,Bilayer,Blue,154.335,179.458,219.8623,-0.097128,0.727052
mock_00693,Trilayer,Purple-Blue,127.3115,147.0342,209.4307,-0.150487,1.077097
mock_00694,Bilayer,Blue,154.5908,179.5996,219.6436,-0.100144,0.669808
mock_00695,Bulk,Yellow,187.3389,165.416,121.75,-0.321853,5.090279
mock_00696,Bulk,Yellow,187.5811,165.5352,121.542,-0.340353,5.088601
mock_00697,Bilayer,Blue,154.3672,179.4043,220.124,-0.097043,0.633244
mock_00698,Monolayer,Light Blue,189.3838,204.8945,237.3115,-0.054251,0.389915
mock_00699,Trilayer,Purple-Blue,127.3066,147.4199,209.9355,-0.164137,1.046934
mock_00700,Trilayer,Purple-Blue,127.4863,147.1611,209.5234,-0.169987,0.984025
mock_00701,Trilayer,Purple-Blue,127.668,147.3691,209.5117,-0.189552,1.048014
mock_00702,Trilayer,Purple-Blue,127.6943,146.9668,209.8184,-0.140774,0.937311
mock_00703,Bulk,Yellow,187.375,165.2285,121.7402,-0.326994,5.206298
mock_00704,Monolayer,Light Blue,189.2422,204.6455,237.0479,-0.051297,0.198588
mock_00705,Trilayer,Purple-Blue,127.3223,147.8154,209.7002,-0.141788,1.069921
mock_00706,Monolayer,Light Blue,189.6064,204.165,237.6748,-0.049611,0.332915
mock_00707,Bilayer,Blue,154.5684,179.3848,219.752,-0.107124,0.634396
mock_00708,Trilayer,Purple-Blue,127.502,147.2686,209.2002,-0.142947,0.855533
mock_00709,Bulk,Yellow,187.8193,165.8633,121.4043,-0.310052,4.97582
mock_00710,Trilayer,Purple-Blue,127.2842,147.3232,209.3564,-0.177242,0.976461
mock_00711,Bulk,Yellow,187.167,165.5215,121.6328,-0.329715,5.009551
mock_00712,Few Layers,Green,114.3496,169.0547,149.9912,-0.205257,2.325059
mock_00713,Few Layers,Green,114.6807,169.6445,149.4375,-0.22897,2.168689
mock_00714,Trilayer,Purple-Blue,127.8604,147.6777,209.8408,-0.178712,1.171814
mock_00715,Bulk,Yellow,187.4883,165.7373,121.5557,-0.343691,5.025959
mock_00716,Trilayer,Purple-Blue,127.7988,147.292,209.6309,-0.175173,1.083172
mock_00717,Bilayer,Blue,154.4238,179.5723,219.2295,-0.099516,0.691289
mock_00718,Trilayer,Purple-Blue,127.4395,147.2432,209.2295,-0.159556,0.951695
mock_00719,Bulk,Yellow,187.2686,165.6621,121.3623,-0.303702,4.896338
mock_00720,Monolayer,Light Blue,189.2783,204.4033,237.5254,-0.022861,0.355031
mock_00721,Bulk,Yellow,187.376,165.4873,121.4893,-0.325678,4.98985
mock_00722,Trilayer,Purple-Blue,127.3643,147.5752,209.1484,-0.145988,0.981089
mock_00723,Bilayer,Blue,154.6494,179.7363,219.5195,-0.093131,0.671092
mock_00724,Few Layers,Green,114.2871,169.6299,149.1836,-0.233011,2.169904
mock_00725,Trilayer,Purple-Blue,127.7607,147.8223,209.124,-0.146901,1.082337
mock_00726,Bilayer,Blue,154.5273,179.5635,219.3604,-0.114536,0.563781
mock_00727,Trilayer,Purple-Blue,127.6631,147.7354,209.5908,-0.13904,1.058215
mock_00728,Bilayer,Blue,154.6895,179.4648,219.1338,-0.08952,0.628999
mock_00729,Monolayer,Light Blue,189.5771,204.7158,237.3086,-0.051926,0.387968
mock_00730,Bilayer,Blue,154.7305,179.2314,219.2275,-0.102264,0.786138
mock_00731,Bilayer,Blue,154.7422,179.4756,219.3203,-0.110393,0.716231
mock_00732,Bulk,Yellow,187.3555,165.3867,121.5459,-0.333175,4.99238
mock_00733,Bulk,Yellow,187.7725,165.083,121.0908,-0.305019,5.112734
mock_00734,Trilayer,Purple-Blue,127.5361,147.4023,209.9717,-0.178768,0.977234
mock_00735,Few Layers,Green,114.2188,169.5312,149.1455,-0.221229,2.021433
mock_00736,Monolayer,Light Blue,189.2148,204.1621,237.5908,-0.041487,0.209061
mock_00737,Bulk,Yellow,187.29,165.4326,122.1338,-0.303777,5.008525
mock_00738,Bilayer,Blue,154.6553,179.6182,219.2266,-0.076767,0.727051
mock_00739,Monolayer,Light Blue,189.3691,203.8818,237.3398,-0.056622,0.517138
mock_00740,Bulk,Yellow,187.8691,165.123,120.9775,-0.328091,4.988597
mock_00741,Few Layers,Green,114.3818,169.6533,149.46,-0.248948,2.269879
mock_00742,Trilayer,Purple-Blue,126.9336,147.9688,209.9014,-0.160933,1.112398
mock_00743,Trilayer,Purple-Blue,127.3115,147.4004,209.5869,-0.142538,1.019152
mock_00744,Trilayer,Purple-Blue,127.4629,147.8516,209.3477,-0.156709,1.088104
mock_00745,Bilayer,Blue,154.1475,179.6729,219.5469,-0.089217,0.562323
mock_00746,Monolayer,Light Blue,189.1113,204.5488,237.7666,-0.038669,0.348168
mock_00747,Few Layers,Green,114.5498,169.457,149.3984,-0.210255,2.151844
mock_00748,Trilayer,Purple-Blue,127.8125,147.1719,209.7969,-0.15715,1.078975
mock_00749,Monolayer,Light Blue,189.4502,204.7363,237.4688,-0.044595,0.272254
mock_00750,Bulk,Yellow,187.1455,165.5088,121.4658,-0.3345,4.930191
mock_00751,Bilayer,Blue,154.5801,179.5693,219.415,-0.106515,0.691081
mock_00752,Monolayer,Light Blue,189.1064,204.5303,236.9336,-0.066619,0.27864
mock_00753,Few Layers,Green,114.5771,169.5273,149.2354,-0.23718,2.039584
mock_00754,Few Layers,Green,114.2559,169.6436,149.3496,-0.227556,2.238777
mock_00755,Few Layers,Green,114.2559,169.3496,149.3467,-0.261724,2.300047
mock_00756,Bilayer,Blue,154.9453,179.6963,219.5518,-0.124497,0.659605
mock_00757,Monolayer,Light Blue,189.5312,204.6201,237.1348,-0.055231,0.297543
mock_00758,Monolayer,Light Blue,189.3066,204.3252,237.6582,-0.025609,0.248681
mock_00759,Monolayer,Light Blue,189.8672,204.1738,237.4092,-0.059209,0.408661
mock_00760,Bilayer,Blue,154.4248,179.3887,219.2188,-0.098608,0.650359
mock_00761,Bulk,Yellow,187.3096,165.4951,121.7783,-0.297952,5.017508
mock_00762,Bilayer,Blue,154.3164,179.5273,219.8047,-0.078507,0.631089
mock_00763,Bilayer,Blue,154.7295,179.6025,219.5342,-0.104023,0.545329
mock_00764,Monolayer,Light Blue,189.29,204.8369,237.4834,-0.04411,0.301308
mock_00765,Few Layers,Green,114.7959,169.3311,149.792,-0.276697,2.225098
mock_00766,Monolayer,Light Blue,189.9727,204.8291,237.0107,-0.027108,0.432459
mock_00767,Few Layers,Green,114.4287,169.4287,149.6914,-0.235905,2.269022
mock_00768,Monolayer,Light Blue,189.5361,204.0879,237.3965,-0.054998,0.536758
mock_00769,Monolayer,Light Blue,189.2666,204.9365,237.0742,-0.050692,0.284243
mock_00770,Trilayer,Purple-Blue,128.0283,147.7979,209.6289,-0.174945,0.864392
mock_00771,Few Layers,Green,114.1289,169.3369,149.582,-0.216245,2.123536
mock_00772,Bilayer,Blue,154.8135,179.4355,219.1982,-0.075595,0.565732
mock_00773,Trilayer,Purple-Blue,127.3613,147.1465,209.5166,-0.139246,1.127385
mock_00774,Few Layers,Green,114.4736,169.4414,149.6133,-0.230708,2.311781
mock_00775,Few Layers,Green,113.9922,169.3018,149.2676,-0.23289,2.080171
mock_00776,Few Layers,Green,114.25,169.4043,149.9375,-0.235578,2.167886
mock_00777,Trilayer,Purple-Blue,127.7217,147.833,208.8799,-0.14524,1.066955
mock_00778,Bilayer,Blue,154.6396,179.6602,219.5879,-0.096727,0.60448
mock_00779,Bilayer,Blue,154.7627,179.9209,219.6709,-0.109095,0.601061
mock_00780,Bilayer,Blue,154.3643,178.9229,219.3086,-0.097137,0.645602
mock_00781,Bilayer,Blue,154.6279,179.2334,219.4443,-0.096493,0.718609
mock_00782,Trilayer,Purple-Blue,127.4756,147.3906,209.541,-0.158809,0.932559
mock_00783,Few Layers,Green,114.6074,169.583,149.1377,-0.244326,2.185029
mock_00784,Bulk,Yellow,187.2852,165.8359,121.5693,-0.322173,5.042016
mock_00785,Few Layers,Green,114.9453,169.6865,149.6309,-0.240562,2.236757
mock_00786,Few Layers,Green,114.2598,168.5557,149.6699,-0.237101,2.209486
mock_00787,Few Layers,Green,115.3389,170.1221,149.0684,-0.239684,2.129881
mock_00788,Few Layers,Green,114.8232,169.5938,149.5645,-0.254956,2.329764
mock_00789,Trilayer,Purple-Blue,127.2949,147.4023,209.541,-0.173207,0.997072
mock_00790,Bulk,Yellow,187.4902,166.0479,121.874,-0.328675,5.127654
mock_00791,Bulk,Yellow,187.543,165.8477,121.458,-0.341162,5.165041
mock_00792,Bilayer,Blue,154.5674,179.4219,219.7012,-0.100292,0.691374
mock_00793,Trilayer,Purple-Blue,126.8682,147.835,209.916,-0.162253,1.077203
mock_00794,Monolayer,Light Blue,189.8613,204.3301,237.5928,-0.025755,0.254569
mock_00795,Few Layers,Green,114.3125,169.7051,149.0215,-0.234052,2.226837
mock_00796,Monolayer,Light Blue,189.7109,204.6318,237.5352,-0.059611,0.475974
mock_00797,Trilayer,Purple-Blue,127.5771,147.3926,209.5098,-0.169834,0.995442
mock_00798,Few Layers,Green,114.9004,169.4668,149.3984,-0.241111,2.265428
mock_00799,Trilayer,Purple-Blue,127.4795,147.6514,209.2705,-0.169404,0.881076
mock_00800,Bilayer,Blue,154.3232,179.3945,219.7285,-0.116371,0.57814
mock_00801,Bulk,Yellow,187.6689,165.8467,121.5,-0.34405,5.070465
mock_00802,Trilayer,Purple-Blue,127.0967,147.5195,209.3662,-0.162455,0.778197
mock_00803,Bulk,Yellow,187.5801,165.5156,121.4824,-0.294656,5.055501
mock_00804,Bilayer,Blue,154.2373,179.0371,219.3857,-0.085467,0.770939
mock_00805,Bulk,Yellow,187.5303,164.7051,121.9902,-0.348635,4.957661
mock_00806,Few Layers,Green,114.5293,169.5566,149.5381,-0.249295,2.336983
mock_00807,Trilayer,Purple-Blue,127.9102,147.2627,209.2461,-0.15584,1.028804
mock_00808,Monolayer,Light Blue,189.6826,204.6172,237.5498,-0.044045,0.31117
mock_00809,Few Layers,Green,114.4756,169.1367,149.502,-0.252551,2.231567
mock_00810,Monolayer,Light Blue,189.4121,204.7676,237.6729,-0.030304,0.302775
mock_00811,Bulk,Yellow,187.4639,165.9619,121.0986,-0.318686,4.956747
mock_00812,Few Layers,Green,114.3086,168.834,149.4912,-0.252213,2.150742
mock_00813,Few Layers,Green,114.499,169.3926,149.1992,-0.223853,2.103207
mock_00814,Few Layers,Green,114.8975,168.8359,149.9434,-0.241444,2.198944
mock_00815,Monolayer,Light Blue,189.3945,204.6943,237.0664,-0.083446,0.354165
mock_00816,Bilayer,Blue,154.5332,179.666,219.6846,-0.10263,0.719352
mock_00817,Few Layers,Green,114.9229,169.3281,149.5713,-0.252958,2.12667
mock_00818,Monolayer,Light Blue,189.8037,204.2725,237.002,-0.067339,0.291307
mock_00819,Bilayer,Blue,154.4668,179.4941,219.7256,-0.10427,0.82811
mock_00820,Monolayer,Light Blue,189.8564,204.3496,237.2461,-0.029379,0.400793
mock_00821,Bilayer,Blue,154.7227,179.4346,219.3535,-0.086584,0.755107
mock_00822,Bulk,Yellow,187.3438,165.8887,121.9004,-0.323045,4.954283
mock_00823,Few Layers,Green,114.0391,169.4297,149.3574,-0.234208,2.26238
mock_00824,Few Layers,Green,114.8623,169.457,149.5449,-0.252853,2.305307
mock_00825,Few Layers,Green,114.4141,169.6445,149.9658,-0.229424,2.199899
mock_00826,Few Layers,Green,114.2627,169.6289,149.6885,-0.233204,2.131181
mock_00827,Monolayer,Light Blue,189.5576,204.375,237.5469,-0.070805,0.367223
mock_00828,Trilayer,Purple-Blue,127.375,147.5215,209.6699,-0.171851,1.081259
mock_00829,Trilayer,Purple-Blue,127.6611,147.5469,209.415,-0.155684,1.067337
mock_00830,Monolayer,Light Blue,189.918,204.3008,237.6045,-0.070301,0.309456
mock_00831,Few Layers,Green,114.4844,169.8301,149.4805,-0.23623,2.162972
mock_00832,Monolayer,Light Blue,189.7021,204.4883,237.3594,-0.048539,0.333177
mock_00833,Few Layers,Green,114.4854,169.4453,149.4316,-0.221461,2.160847
mock_00834,Monolayer,Light Blue,190.0508,204.7129,237.6455,-0.055442,0.368839
mock_00835,Trilayer,Purple-Blue,127.4971,147.1953,209.8301,-0.166575,1.048408
mock_00836,Monolayer,Light Blue,189.6904,204.3252,237.9307,-0.034282,0.35248
mock_00837,Few Layers,Green,114.4678,169.2695,149.3594,-0.252155,2.300887
mock_00838,Trilayer,Purple-Blue,127.5195,147.5449,209.3008,-0.13663,0.953185
mock_00839,Few Layers,Green,113.7764,169.2529,149.4697,-0.235848,2.240901
mock_00840,Trilayer,Purple-Blue,127.2871,147.8789,209.6152,-0.159804,0.844051
mock_00841,Bilayer,Blue,154.8223,179.8271,219.5039,-0.125256,0.496375
mock_00842,Bilayer,Blue,154.5049,179.6572,219.9033,-0.129396,0.652379
mock_00843,Few Layers,Green,114.2354,169.2803,149.6494,-0.235582,2.310291
mock_00844,Trilayer,Purple-Blue,127.8506,147.6885,209.5625,-0.203059,1.053606
mock_00845,Few Layers,Green,114.7725,169.4512,149.2998,-0.253003,2.216372
mock_00846,Bilayer,Blue,153.8467,179.3584,219.2666,-0.108221,0.590667
mock_00847,Bilayer,Blue,154.5967,179.5498,219.8877,-0.092875,0.833342
mock_00848,Few Layers,Green,114.5605,169.3604,149.4375,-0.23103,2.307729
mock_00849,Trilayer,Purple-Blue,127.2988,147.2148,209.585,-0.135562,1.056983
mock_00850,Monolayer,Light Blue,189.3506,204.123,237.249,-0.067831,0.317793
mock_00851,Trilayer,Purple-Blue,127.3418,147.7725,209.373,-0.162923,0.976206
mock_00852,Bilayer,Blue,154.4561,179.3193,219.3779,-0.110795,0.866082
mock_00853,Bulk,Yellow,187.4727,165.6201,121.4316,-0.313439,4.962415
mock_00854,Few Layers,Green,114.7119,169.4395,149.5898,-0.22254,2.10693
mock_00855,Trilayer,Purple-Blue,127.9131,147.332,209.5938,-0.14326,0.975578
mock_00856,Bilayer,Blue,154.6172,179.4531,219.6973,-0.0934,0.61169
mock_00857,Few Layers,Green,113.8477,169.502,149.3369,-0.235674,2.228572
mock_00858,Trilayer,Purple-Blue,127.9258,147.7998,209.208,-0.146112,0.974942
mock_00859,Trilayer,Purple-Blue,127.8145,147.4688,209.3262,-0.149604,0.955286
mock_00860,Trilayer,Purple-Blue,127.5674,147.2686,209.5244,-0.147179,0.949902
mock_00861,Bulk,Yellow,187.458,166.0029,121.1953,-0.313388,5.03641
mock_00862,Trilayer,Purple-Blue,127.4414,147.4551,209.335,-0.168991,1.066332
mock_00863,Trilayer,Purple-Blue,127.377,148.0859,209.2617,-0.16836,1.001312
mock_00864,Few Layers,Green,114.3691,169.4248,149.6377,-0.257313,1.98368
mock_00865,Few Layers,Green,114.5273,169.6855,148.9697,-0.21165,2.199
mock_00866,Bulk,Yellow,187.7354,165.5645,121.6875,-0.342971,4.870352
mock_00867,Few Layers,Green,114.293,169.4531,149.5889,-0.231854,2.101845
mock_00868,Trilayer,Purple-Blue,127.4805,147.5215,210.0938,-0.198757,0.998573
mock_00869,Trilayer,Purple-Blue,127.4883,147.4453,209.5791,-0.151799,1.017393
mock_00870,Bilayer,Blue,154.5459,179.3281,219.4551,-0.09389,0.631266
mock_00871,Few Layers,Green,114.3975,169.6426,149.3506,-0.236104,2.091139
mock_00872,Monolayer,Light Blue,189.3389,204.7285,237.543,-0.05423,0.309726
mock_00873,Trilayer,Purple-Blue,127.5293,147.2588,210.1748,-0.116378,1.031055
mock_00874,Bilayer,Blue,154.4473,179.3818,219.709,-0.124116,0.612914
mock_00875,Few Layers,Green,114.8721,169.8408,149.3086,-0.235956,2.365969
mock_00876,Few Layers,Green,114.4492,169.2578,149.9971,-0.242471,2.214617
mock_00877,Few Layers,Green,114.2783,169.21,149.0801,-0.25091,2.202429
mock_00878,Trilayer,Purple-Blue,127.543,147.334,209.5703,-0.153726,1.045391
mock_00879,Trilayer,Purple-Blue,127.6719,147.5352,209.4736,-0.145532,1.017938
mock_00880,Monolayer,Light Blue,189.6777,204.4326,237.9932,-0.065028,0.288219
mock_00881,Few Layers,Green,114.6035,169.8145,149.5293,-0.228078,2.275299
mock_00882,Bilayer,Blue,154.6201,179.4561,219.5244,-0.077589,0.492702
mock_00883,Bilayer,Blue,154.5811,179.8389,219.751,-0.115053,0.767713
mock_00884,Trilayer,Purple-Blue,127.707,147.8076,209.374,-0.139173,1.047765
mock_00885,Trilayer,Purple-Blue,127.1748,147.2822,209.4316,-0.16893,1.085738
mock_00886,Bulk,Yellow,187.2422,165.4902,121.5225,-0.305644,5.078863
mock_00887,Monolayer,Light Blue,189.4912,204.8691,237.2861,-0.065158,0.377146
mock_00888,Bulk,Yellow,187.5742,165.6553,121.2119,-0.293863,4.938136
mock_00889,Monolayer,Light Blue,189.3057,204.4951,237.5537,-0.077491,0.345401
mock_00890,Few Layers,Green,114.6182,169.2217,149.75,-0.223156,2.141026
mock_00891,Few Layers,Green,114.7812,169.3506,149.6602,-0.232539,2.264944
mock_00892,Trilayer,Purple-Blue,127.1973,147.9834,209.543,-0.170597,0.969162
mock_00893,Trilayer,Purple-Blue,127.6641,147.7207,209.2246,-0.151256,0.900836
mock_00894,Bulk,Yellow,187.5605,165.9346,121.6299,-0.325358,5.009787
mock_00895,Bilayer,Blue,154.7998,179.7324,219.5225,-0.089646,0.67145
mock_00896,Bilayer,Blue,153.9736,179.7207,219.1357,-0.127819,0.67323
mock_00897,Few Layers,Green,114.7686,169.6758,149.3535,-0.244827,1.98559
mock_00898,Bilayer,Blue,154.3828,179.6484,219.1797,-0.074862,0.756863
mock_00899,Bulk,Yellow,187.8691,165.5029,121.417,-0.33668,5.077832
mock_00900,Bulk,Yellow,187.2314,165.5811,121.4453,-0.320738,4.965006
mock_00901,Bilayer,Blue,154.9961,179.5947,220.127,-0.124813,0.679067
mock_00902,Monolayer,Light Blue,189.665,204.542,237.1299,-0.037728,0.265535
mock_00903,Monolayer,Light Blue,189.0918,204.5732,237.2109,-0.051504,0.250594
mock_00904,Bulk,Yellow,187.5049,165.6523,121.457,-0.333174,5.022666
mock_00905,Monolayer,Light Blue,188.9883,204.2852,237.418,-0.077353,0.36455
mock_00906,Bulk,Yellow,187.8877,165.1514,121.5449,-0.331836,4.978989
mock_00907,Monolayer,Light Blue,189.4043,204.3613,237.3936,-0.034589,0.223765
mock_00908,Bilayer,Blue,154.2236,179.9619,219.8789,-0.105166,0.765157
mock_00909,Bulk,Yellow,187.3242,164.9873,121.2783,-0.308688,4.967461
mock_00910,Bilayer,Blue,154.5557,179.9443,219.4043,-0.130087,0.593286
mock_00911,Monolayer,Light Blue,189.9053,204.833,237.5781,-0.050971,0.234158
mock_00912,Trilayer,Purple-Blue,127.583,147.5869,209.4805,-0.165207,1.066619
mock_00913,Bulk,Yellow,186.9912,166.123,121.293,-0.325471,5.140683
mock_00914,Bilayer,Blue,154.4551,179.6416,219.6328,-0.091516,0.539732
mock_00915,Bilayer,Blue,154.4434,179.5703,219.9688,-0.117543,0.643964
mock_00916,Bulk,Yellow,187.6787,165.7422,121.6523,-0.34757,5.079233
mock_00917,Bulk,Yellow,187.6748,165.1504,121.4014,-0.31189,5.143546
mock_00918,Bilayer,Blue,154.9756,179.5615,219.915,-0.076606,0.538938
mock_00919,Trilayer,Purple-Blue,127.6328,147.8174,209.8096,-0.173925,0.95418
mock_00920,Bulk,Yellow,187.7314,165.4814,121.291,-0.322757,4.955865
mock_00921,Trilayer,Purple-Blue,127.5967,147.3555,209.5791,-0.152158,1.141851
mock_00922,Monolayer,Light Blue,189.5488,204.7314,237.2842,-0.053189,0.402718
mock_00923,Bilayer,Blue,154.4922,179.793,219.4404,-0.088472,0.809054
mock_00924,Bilayer,Blue,154.1318,179.6875,219.4727,-0.115725,0.596037
mock_00925,Monolayer,Light Blue,188.9863,204.2188,237.4072,-0.056961,0.398601
mock_00926,Monolayer,Light Blue,189.6279,204.6553,237.5049,-0.041942,0.338904
mock_00927,Trilayer,Purple-Blue,127.8281,147.5479,209.75,-0.163965,0.970884
mock_00928,Trilayer,Purple-Blue,127.3809,147.2803,209.7568,-0.190836,0.86487
mock_00929,Monolayer,Light Blue,189.1719,204.6875,237.4521,-0.038457,0.291695
mock_00930,Bilayer,Blue,154.8506,179.6396,219.3672,-0.114724,0.657583
mock_00931,Monolayer,Light Blue,189.21,204.5195,237.2412,-0.023589,0.380605
mock_00932,Trilayer,Purple-Blue,127.4854,147.8027,209.8955,-0.167293,0.914927
mock_00933,Trilayer,Purple-Blue,127.5264,147.4033,209.4424,-0.161983,0.952119
mock_00934,Bulk,Yellow,187.8506,165.4863,121.5068,-0.333908,4.943469
mock_00935,Bulk,Yellow,187.4189,165.2559,121.3379,-0.313889,5.030162
mock_00936,Bulk,Yellow,187.3213,165.4531,121.1484,-0.314988,5.011945
mock_00937,Trilayer,Purple-Blue,127.5488,147.4854,210.1494,-0.161626,1.046565
mock_00938,Trilayer,Purple-Blue,127.5244,147.9424,209.6387,-0.134741,0.932805
mock_00939,Monolayer,Light Blue,189.6816,204.6582,237.7158,-0.043762,0.262377
mock_00940,Bilayer,Blue,154.5459,179.4785,219.334,-0.094996,0.742841
mock_00941,Few Layers,Green,114.0889,169.6094,149.4824,-0.260329,2.214852
mock_00942,Bilayer,Blue,154.4639,179.4961,219.1611,-0.082885,0.641294
mock_00943,Few Layers,Green,114.1953,169.6641,149.8369,-0.233242,2.102723
mock_00944,Bulk,Yellow,187.5801,165.6826,121.2842,-0.338648,5.000192
mock_00945,Bilayer,Blue,154.9277,179.0107,219.1699,-0.109442,0.622481
mock_00946,Bulk,Yellow,187.4492,165.1201,121.7148,-0.298951,4.962057
mock_00947,Trilayer,Purple-Blue,126.9795,147.1895,208.9551,-0.185041,0.951851
mock_00948,Bilayer,Blue,154.5986,179.2588,219.5449,-0.103528,0.645223
mock_00949,Trilayer,Purple-Blue,127.6182,147.7656,209.7139,-0.170203,0.958515
mock_00950,Few Layers,Green,114.5986,169.248,148.832,-0.224933,2.280239
mock_00951,Monolayer,Light Blue,189.7451,204.0791,237.7949,-0.046294,0.316816
mock_00952,Monolayer,Light Blue,189.4414,205.0127,237.5938,-0.065127,0.273037
mock_00953,Few Layers,Green,114.4004,169.8115,149.3867,-0.247973,2.193065
mock_00954,Few Layers,Green,114.4414,169.7969,149.1562,-0.249051,2.284983
mock_00955,Trilayer,Purple-Blue,127.8066,147.4463,209.4219,-0.159488,1.030472
mock_00956,Trilayer,Purple-Blue,127.3125,146.874,209.3096,-0.153171,1.020162
mock_00957,Bilayer,Blue,154.6104,179.4824,219.209,-0.10591,0.631298
mock_00958,Trilayer,Purple-Blue,127.5732,147.6943,209.374,-0.153912,0.874067
mock_00959,Bilayer,Blue,154.5068,179.8184,219.5996,-0.091626,0.60338
mock_00960,Bilayer,Blue,154.4141,179.8291,219.8789,-0.112738,0.595168
mock_00961,Monolayer,Light Blue,189.3975,205.0791,237.1719,-0.077735,0.215407
mock_00962,Bulk,Yellow,187.542,165.6523,121.6416,-0.348462,4.896805
mock_00963,Few Layers,Green,114.4209,169.8076,149.6631,-0.262126,2.260397
mock_00964,Trilayer,Purple-Blue,127.7627,147.3691,209.7354,-0.198997,1.000692
mock_00965,Monolayer,Light Blue,189.5117,204.957,237.4189,-0.069938,0.470784
mock_00966,Monolayer,Light Blue,189.1328,204.5957,237.6152,-0.033159,0.220361
mock_00967,Few Layers,Green,114.7803,169.6748,149.6484,-0.240583,2.192155
mock_00968,Trilayer,Purple-Blue,127.3711,147.7119,209.4883,-0.172062,0.933446
mock_00969,Bulk,Yellow,187.0605,165.4004,121.4395,-0.336678,5.114628
mock_00970,Trilayer,Purple-Blue,127.4707,147.7471,209.5957,-0.16955,1.01675
mock_00971,Bulk,Yellow,187.6279,165.4834,121.8008,-0.297841,4.990426
mock_00972,Bulk,Yellow,187.6016,165.7441,121.6992,-0.339764,5.024199
mock_00973,Few Layers,Green,114.7207,169.2373,149.8662,-0.235559,2.154555
mock_00974,Monolayer,Light Blue,189.1494,204.3066,237.5605,-0.0521,0.184881
mock_00975,Few Layers,Green,114.6592,169.5117,149.377,-0.260475,2.205516
mock_00976,Bilayer,Blue,154.5605,180.0488,219.543,-0.084702,0.742211
mock_00977,Bilayer,Blue,154.6592,179.5703,219.4707,-0.115394,0.609576
mock_00978,Bilayer,Blue,154.4688,179.3994,219.4141,-0.099242,0.7429
mock_00979,Monolayer,Light Blue,189.5098,204.4727,237.4766,-0.053478,0.33299
mock_00980,Bilayer,Blue,154.6104,179.4443,219.3154,-0.07868,0.588106
mock_00981,Monolayer,Light Blue,189.3252,204.4004,237.21,-0.052036,0.419857
mock_00982,Monolayer,Light Blue,189.3691,205.0508,237.8457,-0.035294,0.348733
mock_00983,Bulk,Yellow,187.7686,165.5547,121.5029,-0.3131,4.95224
mock_00984,Monolayer,Light Blue,189.4365,204.7305,237.6924,-0.052904,0.477776
mock_00985,Trilayer,Purple-Blue,127.8252,147.7236,209.4443,-0.1721,0.994619
mock_00986,Few Layers,Green,114.2715,169.9551,149.5684,-0.250613,2.015347
mock_00987,Bulk,Yellow,187.6377,165.54,121.8877,-0.305818,5.142121
mock_00988,Trilayer,Purple-Blue,127.2881,147.3867,209.7568,-0.179118,0.883449
mock_00989,Bulk,Yellow,187.8408,165.3906,121.8584,-0.313055,4.920925
mock_00990,Trilayer,Purple-Blue,127.8701,147.5811,209.7559,-0.16062,1.006529
mock_00991,Bilayer,Blue,154.0918,179.1523,219.583,-0.118387,0.678486
mock_00992,Trilayer,Purple-Blue,127.7744,147.1016,209.2705,-0.164169,0.946859
mock_00993,Bilayer,Blue,154.5615,179.3516,219.0098,-0.117089,0.648641
mock_00994,Monolayer,Light Blue,189.582,203.9141,237.4961,-0.044372,0.384471
mock_00995,Few Layers,Green,114.2891,169.4111,149.7539,-0.246632,2.171384
mock_00996,Few Layers,Green,114.7695,169.5225,149.4932,-0.241894,2.342594
mock_00997,Monolayer,Light Blue,189.4473,204.5215,236.9912,-0.052952,0.470578
mock_00998,Bilayer,Blue,154.1562,179.5996,219.333,-0.108993,0.548178
mock_00999,Bulk,Yellow,187.5977,165.5059,121.3887,-0.316907,5.071598
mock_01000,Few Layers,Green,114.6221,169.3965,149.4131,-0.262851,2.298053
mock_01001,Few Layers,Green,114.7441,169.708,149.6133,-0.202207,2.213164
mock_01002,Few Layers,Green,114.6309,169.5117,149.5039,-0.227899,2.129739
mock_01003,Bulk,Yellow,187.6992,165.4189,121.418,-0.339841,4.938507
mock_01004,Trilayer,Purple-Blue,127.7041,147.2861,209.8809,-0.177506,1.013204
mock_01005,Bulk,Yellow,187.2285,164.9326,121.8447,-0.333124,4.947908
mock_01006,Bulk,Yellow,187.1094,165.4082,121.3096,-0.309242,5.121722
mock_01007,Bulk,Yellow,187.4824,165.8262,121.3359,-0.322044,5.069834
mock_01008,Trilayer,Purple-Blue,127.5488,147.1426,210.1865,-0.186066,1.055066
mock_01009,Trilayer,Purple-Blue,128.0215,147.4668,209.0781,-0.143392,1.037088
mock_01010,Few Layers,Green,113.8789,169.3242,149.3086,-0.245118,2.249328
mock_01011,Trilayer,Purple-Blue,127.1377,147.4512,209.8496,-0.173826,0.822747
mock_01012,Bilayer,Blue,154.4707,179.4404,219.4355,-0.088784,0.578483
mock_01013,Trilayer,Purple-Blue,126.8418,147.2266,209.1748,-0.15344,0.929158
mock_01014,Monolayer,Light Blue,189.7119,203.9883,237.79,-0.06597,0.361041
mock_01015,Bulk,Yellow,187.3809,166.3955,120.9473,-0.342456,4.932455
mock_01016,Few Layers,Green,114.6523,169.5254,149.2832,-0.225544,2.390642
mock_01017,Bilayer,Blue,154.5713,179.4697,219.3652,-0.094499,0.568322
mock_01018,Bulk,Yellow,187.8398,165.8057,121.459,-0.289538,5.030834
mock_01019,Bilayer,Blue,154.7041,179.6553,219.6885,-0.092842,0.68981
mock_01020,Few Layers,Green,114.6084,169.3779,149.1133,-0.203391,2.162163
mock_01021,Few Layers,Green,114.6924,169.4414,149.3184,-0.242038,2.241378
mock_01022,Monolayer,Light Blue,189.2891,204.1943,237.0039,-0.074333,0.319285
mock_01023,Trilayer,Purple-Blue,127.4434,147.3193,209.7695,-0.146749,0.907663
mock_01024,Bilayer,Blue,154.7432,179.8955,219.4678,-0.094868,0.725051
mock_01025,Trilayer,Purple-Blue,127.5566,147.585,209.4326,-0.180725,0.981353
mock_01026,Bilayer,Blue,154.207,179.2695,219.5996,-0.115059,0.515031
mock_01027,Bulk,Yellow,187.8164,165.251,121.1992,-0.34438,4.94448
mock_01028,Bulk,Yellow,187.4023,164.9844,121.4707,-0.339135,4.978156
mock_01029,Bulk,Yellow,187.5215,165.6348,121.1055,-0.323252,5.093596
mock_01030,Few Layers,Green,114.8242,169.2764,149.5488,-0.241107,2.276241
mock_01031,Bulk,Yellow,187.5225,165.4053,121.373,-0.333655,4.919792
mock_01032,Bulk,Yellow,186.9922,165.0674,121.4697,-0.319714,4.928813
mock_01033,Bulk,Yellow,187.6943,165.1855,121.1904,-0.316562,4.979105
mock_01034,Monolayer,Light Blue,189.4541,204.0391,237.5684,-0.033191,0.367044
mock_01035,Few Layers,Green,113.9375,169.4219,149.1992,-0.245581,2.208754
mock_01036,Trilayer,Purple-Blue,127.0156,147.7588,209.585,-0.170602,0.93318
mock_01037,Trilayer,Purple-Blue,127.8604,147.6719,209.6436,-0.149427,0.910682
mock_01038,Monolayer,Light Blue,189.6533,204.3857,237.5322,-0.058978,0.32565
mock_01039,Trilayer,Purple-Blue,127.3975,147.4121,209.7549,-0.160119,1.074759
mock_01040,Few Layers,Green,114.8594,169.6465,149.0742,-0.236265,2.219096
mock_01041,Bulk,Yellow,187.9062,165.5635,121.3828,-0.318184,4.890566
mock_01042,Bulk,Yellow,187.9912,165.3955,121.3682,-0.323715,5.05176
mock_01043,Monolayer,Light Blue,189.9824,204.833,237.4814,-0.05171,0.363761
mock_01044,Bilayer,Blue,154.4912,179.4668,219.626,-0.063378,0.647068
mock_01045,Bulk,Yellow,187.1602,166.0176,121.5107,-0.321726,4.980474
mock_01046,Monolayer,Light Blue,189.4512,203.7568,237.3896,-0.038556,0.317666
mock_01047,Bulk,Yellow,187.2754,165.5156,121.8096,-0.328884,4.993945
mock_01048,Bilayer,Blue,154.3008,179.7109,219.4502,-0.093269,0.558864
mock_01049,Few Layers,Green,114.8086,169.6416,149.7881,-0.258709,2.383124
mock_01050,Monolayer,Light Blue,189.7461,204.1416,237.4697,-0.044506,0.415923
mock_01051,Monolayer,Light Blue,189.3945,204.5684,237.3867,-0.037039,0.367137
mock_01052,Bulk,Yellow,187.2129,165.3027,121.5361,-0.312967,4.975989
mock_01053,Bilayer,Blue,154.5508,179.7715,219.7949,-0.114041,0.632969
mock_01054,Few Layers,Green,114.7666,169.1836,149.3408,-0.268769,2.162788
mock_01055,Bilayer,Blue,154.6514,179.3301,219.6084,-0.11741,0.54062
mock_01056,Few Layers,Green,114.4336,169.251,149.2754,-0.243877,2.022714
mock_01057,Few Layers,Green,114.5039,169.0703,149.1992,-0.217496,2.200901
mock_01058,Monolayer,Light Blue,189.085,204.5479,237.4355,-0.056943,0.225427
mock_01059,Trilayer,Purple-Blue,127.8105,147.3232,209.5986,-0.183156,0.936526
mock_01060,Trilayer,Purple-Blue,127.4062,147.5645,209.7197,-0.181454,0.945449
mock_01061,Trilayer,Purple-Blue,127.2881,147.7383,209.6055,-0.164852,1.010514
mock_01062,Monolayer,Light Blue,189.9014,204.5186,237.1045,-0.058782,0.345453
mock_01063,Few Layers,Green,114.6709,169.3916,149.5566,-0.25289,2.216806
mock_01064,Trilayer,Purple-Blue,127.5439,147.7129,209.1396,-0.157722,0.981124
mock_01065,Bulk,Yellow,187.6426,165.0811,121.6025,-0.29713,5.018911
mock_01066,Monolayer,Light Blue,189.1777,204.2998,237.3086,-0.04981,0.163586
mock_01067,Few Layers,Green,114.5879,169.9756,149.5947,-0.238518,2.240549
mock_01068,Few Layers,Green,114.2578,169.2031,149.2266,-0.226905,2.277489
mock_01069,Few Layers,Green,114.5225,169.5869,149.7471,-0.214483,2.206635
mock_01070,Bilayer,Blue,154.2725,179.249,219.9756,-0.100278,0.651841
mock_01071,Trilayer,Purple-Blue,127.4395,147.3545,209.7129,-0.152368,0.976506
mock_01072,Few Layers,Green,114.0713,169.3145,149.7607,-0.219335,1.974145
mock_01073,Few Layers,Green,114.2568,169.8223,149.1709,-0.256756,2.214164
mock_01074,Trilayer,Purple-Blue,127.6904,147.2676,209.542,-0.166276,0.932767
mock_01075,Few Layers,Green,114.4092,169.8262,149.3057,-0.242672,2.184716
mock_01076,Monolayer,Light Blue,189.7324,204.3203,236.9639,-0.057186,0.321516
mock_01077,Trilayer,Purple-Blue,127.6348,147.2812,209.417,-0.156128,1.046109
mock_01078,Monolayer,Light Blue,189.2598,204.3828,237.4453,-0.036699,0.207325
mock_01079,Bilayer,Blue,154.8115,179.3096,219.5615,-0.096904,0.643766
mock_01080,Bulk,Yellow,187.4648,164.9736,122.1191,-0.329451,4.99144
mock_01081,Few Layers,Green,114.3154,169.1914,149.3643,-0.249918,2.372939
mock_01082,Bulk,Yellow,187.6787,165.5635,121.5332,-0.327485,5.07965
mock_01083,Bulk,Yellow,187.373,165.6172,121.666,-0.304968,5.007909
mock_01084,Few Layers,Green,114.1992,169.2109,149.5049,-0.25921,2.172712
mock_01085,Monolayer,Light Blue,189.6592,204.5605,237.7686,-0.06328,0.321779
mock_01086,Bilayer,Blue,154.6592,179.6494,219.2627,-0.086892,0.644486
mock_01087,Few Layers,Green,114.6455,169.7061,149.6182,-0.255269,2.14673
mock_01088,Monolayer,Light Blue,189.5898,204.4775,237.4854,-0.044517,0.168471
mock_01089,Trilayer,Purple-Blue,127.6992,147.3467,209.5039,-0.175905,0.913976
mock_01090,Few Layers,Green,114.2148,169.7441,149.7852,-0.263159,2.159121
mock_01091,Monolayer,Light Blue,189.1348,204.4551,237.21,-0.041739,0.284035
mock_01092,Monolayer,Light Blue,189.0654,204.2715,237.7158,-0.039786,0.302335
mock_01093,Few Layers,Green,114.8154,169.3564,149.4248,-0.241976,2.280875
mock_01094,Few Layers,Green,114.6172,169.5234,149.4355,-0.23873,2.224274
mock_01095,Bilayer,Blue,154.4922,179.3301,219.1211,-0.120746,0.679517
mock_01096,Trilayer,Purple-Blue,127.2334,147.3711,209.2432,-0.154134,1.054449
mock_01097,Trilayer,Purple-Blue,127.7207,147.5723,209.415,-0.169446,1.146281
mock_01098,Bulk,Yellow,187.1152,165.4922,121.9961,-0.335238,5.010046
mock_01099,Monolayer,Light Blue,189.3896,204.4795,237.1543,-0.047625,0.349675
mock_01100,Trilayer,Purple-Blue,127.4033,147.2676,209.3535,-0.157003,1.033848
mock_01101,Trilayer,Purple-Blue,127.4346,147.3857,209.5889,-0.150418,1.08077
mock_01102,Trilayer,Purple-Blue,127.6572,147.3135,209.5908,-0.160129,0.965832
mock_01103,Monolayer,Light Blue,189.5576,204.6611,237.5898,-0.073267,0.323112
mock_01104,Trilayer,Purple-Blue,127.4697,147.0166,209.5605,-0.171534,0.994093
mock_01105,Monolayer,Light Blue,189.1797,204.6201,237.3477,-0.060946,0.259867
mock_01106,Few Layers,Green,114.7832,169.2197,148.9541,-0.26676,2.148956
mock_01107,Bilayer,Blue,154.7773,179.3691,219.1963,-0.12057,0.664649
mock_01108,Few Layers,Green,114.8652,169.5381,149.6484,-0.262901,2.282358
mock_01109,Monolayer,Light Blue,189.4756,204.2471,237.7207,-0.030558,0.223897
mock_01110,Bilayer,Blue,154.5801,179.6338,219.4658,-0.101397,0.458503
mock_01111,Bulk,Yellow,187.0107,165.4258,121.0732,-0.33944,4.99505
mock_01112,Trilayer,Purple-Blue,127.6816,147.3838,209.7295,-0.162914,0.944615
mock_01113,Bilayer,Blue,154.1562,179.4561,219.8105,-0.103214,0.711066
mock_01114,Monolayer,Light Blue,189.8945,204.1426,237.6904,-0.045993,0.160419
mock_01115,Few Layers,Green,114.2461,169.4893,149.1582,-0.23879,2.181356
mock_01116,Bulk,Yellow,187.2783,164.709,121.3408,-0.296765,4.998527
mock_01117,Bilayer,Blue,154.5479,179.7715,219.2559,-0.093586,0.560623
mock_01118,Monolayer,Light Blue,188.9971,204.2158,237.7285,-0.085436,0.350534
mock_01119,Trilayer,Purple-Blue,127.3145,147.8125,209.1406,-0.180767,0.895308
mock_01120,Few Layers,Green,114.1182,169.4121,149.5117,-0.243811,2.222548
mock_01121,Monolayer,Light Blue,189.252,204.3359,237.4209,-0.043514,0.404199
mock_01122,Monolayer,Light Blue,189.2539,203.9863,237.1113,-0.059906,0.322006
mock_01123,Bulk,Yellow,187.4971,165.2295,121.7656,-0.324519,5.023059
mock_01124,Bilayer,Blue,154.2842,179.1084,219.3232,-0.063324,0.638548
mock_01125,Trilayer,Purple-Blue,127.3369,148.0225,209.6484,-0.141886,1.006294
mock_01126,Bilayer,Blue,154.582,179.4004,219.5771,-0.119068,0.721234
mock_01127,Monolayer,Light Blue,189.4873,205.0215,237.1543,-0.079332,0.236253
mock_01128,Monolayer,Light Blue,189.5068,204.6963,237.498,-0.043413,0.241659
mock_01129,Trilayer,Purple-Blue,127.5928,147.5566,209.0811,-0.161599,0.984143
mock_01130,Trilayer,Purple-Blue,127.4385,147.5293,209.4932,-0.152663,1.014664
mock_01131,Trilayer,Purple-Blue,127.3477,147.8936,209.3096,-0.163536,1.121612
mock_01132,Monolayer,Light Blue,189.4971,204.627,237.1895,-0.04431,0.424354
mock_01133,Monolayer,Light Blue,189.3252,204.7754,237.7539,-0.069706,0.178848
mock_01134,Bilayer,Blue,154.1621,179.2461,219.5947,-0.103276,0.736158
mock_01135,Trilayer,Purple-Blue,127.4727,147.4395,209.9844,-0.161939,1.069731
mock_01136,Bilayer,Blue,154.4922,179.4521,219.5762,-0.10056,0.621079
mock_01137,Bilayer,Blue,154.3027,179.3525,219.6211,-0.113801,0.684552
mock_01138,Few Layers,Green,114.8184,169.6152,149.1113,-0.249845,2.111543
mock_01139,Monolayer,Light Blue,189.6094,204.915,238.042,-0.039573,0.254571
mock_01140,Monolayer,Light Blue,189.6533,204.2666,237.3857,-0.049658,0.476581
mock_01141,Few Layers,Green,114.75,169.418,149.667,-0.238325,2.200751
mock_01142,Bilayer,Blue,154.3555,179.3145,220.0059,-0.099891,0.744933
mock_01143,Few Layers,Green,114.4707,169.6318,149.75,-0.221254,2.113717
mock_01144,Trilayer,Purple-Blue,127.6416,147.3711,209.001,-0.184917,1.262232
mock_01145,Trilayer,Purple-Blue,127.5801,147.709,209.5508,-0.17246,0.889663
mock_01146,Bulk,Yellow,187.417,165.5928,121.6172,-0.318249,4.979924
mock_01147,Bilayer,Blue,154.7578,179.4736,219.7451,-0.091363,0.694315
mock_01148,Bulk,Yellow,187.7197,165.374,121.4004,-0.337867,4.967857
mock_01149,Trilayer,Purple-Blue,127.5186,147.667,209.3232,-0.168217,1.003714
mock_01150,Trilayer,Purple-Blue,127.2393,147.0156,209.7861,-0.121389,0.985598
mock_01151,Bilayer,Blue,154.9082,179.5732,219.5137,-0.098285,0.721644
mock_01152,Trilayer,Purple-Blue,127.624,147.957,209.8057,-0.169922,1.117594
mock_01153,Monolayer,Light Blue,189.1064,204.5703,237.4346,-0.041395,0.337748
mock_01154,Bulk,Yellow,187.5693,165.5732,121.376,-0.287907,5.018434
mock_01155,Monolayer,Light Blue,189.1934,204.377,237.9062,-0.052856,0.375813
mock_01156,Few Layers,Green,114.4307,169.5645,149.4922,-0.230722,2.394471
mock_01157,Bulk,Yellow,187.7305,165.8965,121.5781,-0.303894,5.049371
mock_01158,Bilayer,Blue,154.3604,179.1738,219.6748,-0.11353,0.638727
mock_01159,Monolayer,Light Blue,189.6533,204.3857,237.5107,-0.057696,0.39749
mock_01160,Trilayer,Purple-Blue,127.3379,147.8965,209.6396,-0.15563,1.018166
mock_01161,Monolayer,Light Blue,189.4482,204.6006,237.3145,-0.063361,0.417599
mock_01162,Trilayer,Purple-Blue,127.6152,147.2422,209.4775,-0.158057,1.018686
mock_01163,Bulk,Yellow,187.2969,165.1758,121.4805,-0.30546,5.040614
mock_01164,Bulk,Yellow,187.5244,165.667,121.8789,-0.326068,4.890999
mock_01165,Monolayer,Light Blue,189.1006,204.4248,237.1689,-0.069674,0.300489
mock_01166,Few Layers,Green,114.1562,169.626,149.6367,-0.244388,2.221621
mock_01167,Bilayer,Blue,154.4004,179.5576,219.3838,-0.115291,0.700297
mock_01168,Few Layers,Green,114.8281,169.6074,149.248,-0.226505,2.225095
mock_01169,Bilayer,Blue,154.5488,179.0889,219.4668,-0.062596,0.758883
mock_01170,Trilayer,Purple-Blue,127.0664,147.833,209.7119,-0.163702,0.991163
mock_01171,Few Layers,Green,114.4258,169.2578,149.3975,-0.235913,2.045612
mock_01172,Trilayer,Purple-Blue,127.7266,147.585,209.5244,-0.148302,1.011493
mock_01173,Few Layers,Green,114.5674,169.4209,149.2695,-0.260384,2.336483
mock_01174,Monolayer,Light Blue,189.3799,204.1768,237.5576,-0.034694,0.304451
mock_01175,Trilayer,Purple-Blue,127.3535,147.625,209.4922,-0.153042,0.978953
mock_01176,Trilayer,Purple-Blue,127.2637,147.6367,209.6123,-0.166698,0.965952
mock_01177,Trilayer,Purple-Blue,127.4727,147.5234,209.791,-0.167918,1.061071
mock_01178,Bilayer,Blue,154.4414,179.3057,219.373,-0.084289,0.653257
mock_01179,Trilayer,Purple-Blue,127.7773,147.4951,209.2344,-0.148896,1.032639
mock_01180,Bilayer,Blue,154.4424,179.5889,219.4824,-0.087394,0.757886
mock_01181,Few Layers,Green,114.6621,169.4707,148.9297,-0.256644,2.364741
mock_01182,Monolayer,Light Blue,189.3633,204.4209,237.4258,-0.052005,0.389483
mock_01183,Monolayer,Light Blue,189.7998,204.3145,237.4209,-0.031774,0.348296
mock_01184,Monolayer,Light Blue,189.3838,205.0088,237.9365,-0.051367,0.370516
mock_01185,Few Layers,Green,114.2246,169.2988,149.3838,-0.247635,2.103075
mock_01186,Monolayer,Light Blue,189.3086,204.4678,237.3232,-0.064974,0.36033
mock_01187,Bilayer,Blue,154.249,179.7217,219.3633,-0.074002,0.644942
mock_01188,Few Layers,Green,114.3887,169.5479,149.9248,-0.225506,2.313151
mock_01189,Bilayer,Blue,154.7705,179.6914,219.7627,-0.084792,0.701544
mock_01190,Trilayer,Purple-Blue,127.583,147.9678,209.6689,-0.16225,0.86936
mock_01191,Bulk,Yellow,187.3779,165.667,121.4551,-0.323104,5.018532
mock_01192,Trilayer,Purple-Blue,127.3086,146.8828,209.3877,-0.165094,1.060732
mock_01193,Bilayer,Blue,154.0811,179.4268,219.7705,-0.096455,0.670451
mock_01194,Bilayer,Blue,154.7646,179.9844,219.6582,-0.116579,0.663154
mock_01195,Monolayer,Light Blue,189.3096,204.6211,237.3857,-0.066162,0.265577
mock_01196,Monolayer,Light Blue,189.6807,204.4473,237.1318,-0.078446,0.264367
mock_01197,Bilayer,Blue,154.2305,179.498,219.5723,-0.082169,0.607876
mock_01198,Bulk,Yellow,187.0625,165.499,121.8037,-0.296793,5.047781
mock_01199,Monolayer,Light Blue,189.5654,204.3213,237.3994,-0.04474,0.33486
mock_01200,Bilayer,Blue,154.5068,179.3447,219.3906,-0.095428,0.615423
mock_01201,Few Layers,Green,114.2783,169.7236,149.4814,-0.25465,2.236098
mock_01202,Bulk,Yellow,187.123,165.543,121.3623,-0.331344,5.027483
mock_01203,Few Layers,Green,114.6357,169.3301,149.1465,-0.231876,2.015328
mock_01204,Bulk,Yellow,187.6436,165.7412,121.4688,-0.314628,4.908536
mock_01205,Monolayer,Light Blue,189.3467,204.3447,237.1025,-0.030012,0.411241
mock_01206,Bulk,Yellow,187.3818,165.4736,121.7715,-0.320727,5.05998
mock_01207,Trilayer,Purple-Blue,127.1562,147.3066,209.6162,-0.175611,0.927023
mock_01208,Bilayer,Blue,154.4971,180.0176,220.2705,-0.109262,0.74108
mock_01209,Trilayer,Purple-Blue,127.334,147.9365,209.416,-0.147722,1.079237
mock_01210,Monolayer,Light Blue,189.8682,204.6943,237.0176,-0.051157,0.296519
mock_01211,Few Layers,Green,114.3545,169.6562,149.1436,-0.245181,2.100199
mock_01212,Bulk,Yellow,187.6865,165.915,121.501,-0.300136,5.016895
mock_01213,Trilayer,Purple-Blue,127.6426,147.167,209.2051,-0.186614,0.869479
mock_01214,Monolayer,Light Blue,189.5713,204.3018,237.5586,-0.047431,0.33389
mock_01215,Trilayer,Purple-Blue,127.7666,147.5625,209.2305,-0.148036,1.029677
mock_01216,Bulk,Yellow,187.501,165.6436,121.3799,-0.310033,5.080826
mock_01217,Bilayer,Blue,154.4961,178.9434,219.7744,-0.106265,0.469264
mock_01218,Bilayer,Blue,154.5342,179.5449,219.6865,-0.107295,0.745071
mock_01219,Bulk,Yellow,187.2891,165.6055,121.7881,-0.306239,5.037048
mock_01220,Monolayer,Light Blue,189.375,204.4834,237.4033,-0.048616,0.357696
mock_01221,Trilayer,Purple-Blue,127.3262,147.748,209.4619,-0.161241,0.895844
mock_01222,Few Layers,Green,114.5576,169.3525,149.124,-0.246732,2.202346
mock_01223,Monolayer,Light Blue,189.7373,203.9736,237.2324,-0.038894,0.42708
mock_01224,Bilayer,Blue,154.3984,179.3945,219.4561,-0.09529,0.679762
mock_01225,Monolayer,Light Blue,189.793,204.4053,237.1152,-0.036785,0.314617
mock_01226,Bulk,Yellow,187.2852,165.6475,121.1846,-0.294446,4.931902
mock_01227,Few Layers,Green,114.7705,169.6504,149.4736,-0.213209,2.192544
mock_01228,Trilayer,Purple-Blue,127.958,147.7646,209.4893,-0.131022,1.069035
mock_01229,Few Layers,Green,113.9111,169.3682,149.6191,-0.204904,2.152507
mock_01230,Bilayer,Blue,154.3936,179.2666,219.4521,-0.102449,0.550155
mock_01231,Trilayer,Purple-Blue,127.6162,147.6484,209.1719,-0.16153,0.990706
mock_01232,Bilayer,Blue,154.5088,179.4824,219.4971,-0.106711,0.528512
mock_01233,Bilayer,Blue,154.4648,179.1953,219.7451,-0.113985,0.872873
mock_01234,Trilayer,Purple-Blue,127.6006,147.7236,209.5293,-0.172125,0.974813
mock_01235,Bilayer,Blue,155.0078,179.4229,219.2969,-0.093803,0.592195
mock_01236,Monolayer,Light Blue,189.5127,204.5107,237.7012,-0.04741,0.229273
mock_01237,Monolayer,Light Blue,189.0498,204.624,237.3896,-0.026464,0.280568
mock_01238,Trilayer,Purple-Blue,127.708,147.6475,209.502,-0.176095,0.952222
mock_01239,Bilayer,Blue,154.9102,179.8242,219.7793,-0.082109,0.568762
mock_01240,Few Layers,Green,114.5166,169.5322,150.001,-0.233575,2.149599
mock_01241,Trilayer,Purple-Blue,128.0527,147.0645,209.8213,-0.153764,1.031398
mock_01242,Monolayer,Light Blue,189.5225,204.8916,237.3623,-0.051712,0.396105
mock_01243,Bulk,Yellow,187.6953,165.458,121.6602,-0.310307,5.005172
mock_01244,Few Layers,Green,114.2793,169.3779,149.6816,-0.208729,2.15687
mock_01245,Monolayer,Light Blue,189.708,204.5615,237.0254,-0.04738,0.450257
mock_01246,Monolayer,Light Blue,189.2207,204.0586,237.4316,-0.05406,0.360099
mock_01247,Bulk,Yellow,187.5908,165.6191,121.6729,-0.346832,4.930012
mock_01248,Monolayer,Light Blue,189.3223,204.3184,237.7842,-0.045972,0.33996
mock_01249,Few Layers,Green,114.7109,169.5703,149.6836,-0.251905,2.080325
mock_01250,Bilayer,Blue,154.6377,179.6904,219.3398,-0.089152,0.594697
mock_01251,Monolayer,Light Blue,189.5303,204.6582,237.5498,-0.068012,0.198817
mock_01252,Trilayer,Purple-Blue,127.6084,147.3057,210.0234,-0.160213,0.933529
mock_01253,Bulk,Yellow,187.5996,165.7246,121.0107,-0.306185,4.954459
mock_01254,Trilayer,Purple-Blue,127.3691,147.6133,209.8672,-0.17046,0.879281
mock_01255,Monolayer,Light Blue,189.8701,204.8828,237.6846,-0.058084,0.298817
mock_01256,Bulk,Yellow,187.6143,165.5684,121.2129,-0.314476,4.954176
mock_01257,Bulk,Yellow,187.7383,165.1328,121.2031,-0.343764,4.974428
mock_01258,Trilayer,Purple-Blue,127.3682,147.7314,209.7617,-0.177769,0.957491
mock_01259,Trilayer,Purple-Blue,128.1357,147.8682,209.709,-0.173583,1.056049
mock_01260,Bilayer,Blue,154.6494,179.4229,219.1885,-0.106213,0.716729
mock_01261,Trilayer,Purple-Blue,127.915,147.8672,209.3613,-0.154856,0.893946
mock_01262,Bilayer,Blue,154.9541,179.7178,219.1924,-0.113343,0.720812
mock_01263,Monolayer,Light Blue,189.7334,204.3721,237.21,-0.053763,0.396755
mock_01264,Bilayer,Blue,154.6904,179.6533,219.083,-0.08875,0.609122
mock_01265,Trilayer,Purple-Blue,127.8721,147.4707,209.3643,-0.153972,0.949536
mock_01266,Trilayer,Purple-Blue,127.3105,147.6582,209.668,-0.155007,1.024931
mock_01267,Monolayer,Light Blue,189.7842,203.9863,236.8604,-0.039429,0.34129
mock_01268,Bilayer,Blue,154.6152,179.1924,219.4824,-0.089407,0.648096
mock_01269,Few Layers,Green,114.4434,169.2588,149.7334,-0.241409,2.259368
mock_01270,Monolayer,Light Blue,189.54,204.2744,237.7021,-0.038123,0.329291
mock_01271,Few Layers,Green,114.5703,169.3975,149.2764,-0.246596,2.078758
mock_01272,Trilayer,Purple-Blue,127.877,147.3848,210.0459,-0.150743,1.062683
mock_01273,Few Layers,Green,114.6885,169.4111,149.5498,-0.251684,2.039004
mock_01274,Bilayer,Blue,154.4688,179.4023,219.7129,-0.083135,0.727406
mock_01275,Few Layers,Green,114.7119,169.6572,149.5645,-0.253342,2.196739
mock_01276,Bilayer,Blue,154.9961,179.4834,219.6104,-0.083558,0.642548
mock_01277,Few Layers,Green,114.9434,169.9023,149.6582,-0.217881,2.286473
mock_01278,Trilayer,Purple-Blue,127.79,147.4033,209.6973,-0.161624,0.995517
mock_01279,Few Layers,Green,114.2178,169.7861,149.5596,-0.246095,2.181487
mock_01280,Bilayer,Blue,154.334,179.2139,219.4072,-0.094565,0.778677
mock_01281,Bilayer,Blue,155.3018,179.3271,219.4131,-0.0936,0.777772
mock_01282,Monolayer,Light Blue,189.5654,205.0801,237.1953,-0.045931,0.129908
mock_01283,Few Layers,Green,114.2812,169.417,149.4336,-0.267863,2.205956
mock_01284,Few Layers,Green,114.3633,168.8535,149.0479,-0.258517,2.150474
mock_01285,Few Layers,Green,114.0703,169.4922,149.4336,-0.236077,2.262228
mock_01286,Few Layers,Green,115.1289,169.752,149.2539,-0.258132,2.257464
mock_01287,Monolayer,Light Blue,190.0518,204.4033,237.749,-0.040951,0.275342
mock_01288,Monolayer,Light Blue,189.5938,204.5488,237.499,-0.068379,0.397695
mock_01289,Few Layers,Green,114.6943,169.8848,149.6641,-0.223133,2.139224
mock_01290,Few Layers,Green,114.3184,169.6045,149.4082,-0.228976,2.151648
mock_01291,Monolayer,Light Blue,189.4219,204.5205,236.959,-0.052533,0.364688
mock_01292,Monolayer,Light Blue,189.4893,204.8994,236.9834,-0.073681,0.216804
mock_01293,Monolayer,Light Blue,189.7705,204.3994,237.6621,-0.063149,0.342965
mock_01294,Few Layers,Green,114.2676,169.3906,149.3926,-0.224324,1.930393
mock_01295,Bilayer,Blue,154.3672,179.4805,219.2305,-0.092201,0.76859
mock_01296,Bilayer,Blue,154.8818,179.0498,219.79,-0.083105,0.683074
mock_01297,Trilayer,Purple-Blue,127.1777,147.6973,209.2402,-0.180903,0.865641
mock_01298,Trilayer,Purple-Blue,127.2051,147.8018,209.6826,-0.186898,0.999899
mock_01299,Bilayer,Blue,154.4209,179.6953,219.7422,-0.101494,0.668694
mock_01300,Bilayer,Blue,154.7305,179.584,219.4336,-0.097672,0.799726
mock_01301,Bulk,Yellow,187.4844,165.3594,121.6455,-0.3167,4.959885
mock_01302,Trilayer,Purple-Blue,127.0977,147.7422,209.2812,-0.177637,1.105663
mock_01303,Trilayer,Purple-Blue,127.7637,146.959,209.3789,-0.144212,1.015175
mock_01304,Few Layers,Green,114.5732,169.4258,149.3896,-0.245257,2.260977
mock_01305,Trilayer,Purple-Blue,127.3994,147.5762,209.5342,-0.173363,1.082117
mock_01306,Trilayer,Purple-Blue,127.4795,147.2939,209.2842,-0.157857,1.007819
mock_01307,Monolayer,Light Blue,189.5684,204.4062,237.3369,-0.036648,0.43687
mock_01308,Monolayer,Light Blue,189.7607,204.5303,237.6104,-0.055166,0.296658
mock_01309,Trilayer,Purple-Blue,127.3623,147.0596,209.4717,-0.171927,0.984436
mock_01310,Trilayer,Purple-Blue,127.5215,147.7217,209.4541,-0.158118,0.966067
mock_01311,Monolayer,Light Blue,189.3945,204.3154,237.707,-0.050909,0.207685
mock_01312,Monolayer,Light Blue,189.3174,204.5449,237.4941,-0.056163,0.359831
mock_01313,Bilayer,Blue,154.8359,179.5449,219.4297,-0.101845,0.620989
mock_01314,Bilayer,Blue,154.3135,179.5986,219.5635,-0.10397,0.782491
mock_01315,Few Layers,Green,114.7393,169.374,149.3662,-0.253127,2.36133
mock_01316,Few Layers,Green,114.7949,169.5371,149.8311,-0.288576,2.187095
mock_01317,Monolayer,Light Blue,189.7109,204.5615,237.5264,-0.025029,0.303403
mock_01318,Bulk,Yellow,187.5713,165.4131,121.2168,-0.307553,5.137521
mock_01319,Monolayer,Light Blue,189.542,204.3955,237.874,-0.049238,0.251856
mock_01320,Bilayer,Blue,154.6455,179.5068,219.4189,-0.109086,0.67749
mock_01321,Bilayer,Blue,154.3545,179.6885,219.5049,-0.101298,0.729956
mock_01322,Bilayer,Blue,154.29,179.4795,219.5029,-0.082888,0.596772
mock_01323,Monolayer,Light Blue,189.4561,204.6133,237.9307,-0.053936,0.186527
mock_01324,Bulk,Yellow,187.6074,165.751,121.5039,-0.331841,4.987404
mock_01325,Bulk,Yellow,187.1729,165.3496,121.3486,-0.32672,4.901763
mock_01326,Monolayer,Light Blue,189.3604,204.208,237.4336,-0.05762,0.290157
mock_01327,Bilayer,Blue,153.751,179.001,219.5332,-0.104579,0.785353
mock_01328,Monolayer,Light Blue,189.3564,204.8867,237.4521,-0.05297,0.51874
mock_01329,Monolayer,Light Blue,189.6094,204.8311,237.1436,-0.052877,0.29136
mock_01330,Trilayer,Purple-Blue,127.4492,147.8643,209.3281,-0.132684,0.924893
mock_01331,Trilayer,Purple-Blue,126.8252,147.5879,209.7559,-0.175883,1.179945
mock_01332,Bulk,Yellow,187.6279,165.7783,121.042,-0.311647,5.110741
mock_01333,Bulk,Yellow,187.4209,165.3389,121.1211,-0.322905,4.895975
mock_01334,Bulk,Yellow,187.3955,165.3701,121.3916,-0.309211,4.949803
mock_01335,Monolayer,Light Blue,189.2549,204.2305,237.332,-0.056248,0.313674
mock_01336,Monolayer,Light Blue,189.5098,204.4434,237.4385,-0.057694,0.405573
mock_01337,Trilayer,Purple-Blue,127.6816,147.2754,208.9268,-0.165313,0.969859
mock_01338,Bulk,Yellow,187.1914,165.3174,120.9736,-0.332765,5.100934
mock_01339,Trilayer,Purple-Blue,127.7139,147.5576,209.3174,-0.128696,0.992666
mock_01340,Few Layers,Green,114.4395,169.6064,149.9111,-0.231585,2.150829
mock_01341,Few Layers,Green,114.501,169.6396,149.2812,-0.235194,2.172082
mock_01342,Few Layers,Green,114.3682,169.6162,149.4785,-0.219073,2.200873
mock_01343,Few Layers,Green,114.5615,169.5322,149.5156,-0.249908,2.253419
mock_01344,Bilayer,Blue,154.7646,179.748,219.3789,-0.102999,0.777426
mock_01345,Trilayer,Purple-Blue,127.2168,147.6367,209.6279,-0.159603,1.209869
mock_01346,Few Layers,Green,114.5127,169.6191,149.8154,-0.218738,2.146438
mock_01347,Bilayer,Blue,154.6924,179.6797,219.8936,-0.070102,0.761885
mock_01348,Bilayer,Blue,154.5332,179.4336,219.2637,-0.101064,0.62867
mock_01349,Few Layers,Green,114.0625,169.5088,149.2188,-0.224024,2.093122
mock_01350,Monolayer,Light Blue,189.543,205.1289,237.8125,-0.037073,0.343972
mock_01351,Bulk,Yellow,187.4023,165.8779,121.5518,-0.325122,5.038071
mock_01352,Bilayer,Blue,154.3281,179.5312,219.6299,-0.10111,0.580398
mock_01353,Bilayer,Blue,154.8447,180.1191,219.4365,-0.077717,0.65418
mock_01354,Few Layers,Green,114.2812,169.5527,149.7705,-0.265178,2.29928
mock_01355,Bilayer,Blue,154.0596,179.6533,219.4688,-0.089963,0.629323
mock_01356,Bulk,Yellow,187.5234,165.5908,121.4092,-0.315148,4.897577
mock_01357,Monolayer,Light Blue,189.3018,204.5176,237.1328,-0.041613,0.290284
mock_01358,Monolayer,Light Blue,189.1191,204.6514,237.4014,-0.041739,0.433987
mock_01359,Trilayer,Purple-Blue,127.582,147.2998,209.6484,-0.126916,1.033065
mock_01360,Few Layers,Green,114.4961,169.6641,149.7334,-0.229045,2.409474
mock_01361,Few Layers,Green,114.3467,169.6172,148.9355,-0.235251,2.226658
mock_01362,Bilayer,Blue,154.8213,179.3604,219.6914,-0.104718,0.665756
mock_01363,Trilayer,Purple-Blue,127.3525,147.0605,209.3965,-0.135418,1.077554
mock_01364,Bilayer,Blue,154.5469,179.6475,219.2432,-0.099794,0.629201
mock_01365,Trilayer,Purple-Blue,127.5635,147.5342,209.6729,-0.168346,0.997719
mock_01366,Bilayer,Blue,154.5664,179.4375,219.3467,-0.116783,0.643054
mock_01367,Bulk,Yellow,187.4297,165.5127,121.6172,-0.339149,5.16163
mock_01368,Monolayer,Light Blue,189.3193,204.1836,237.8369,-0.053736,0.357875
mock_01369,Few Layers,Green,114.6631,169.6504,150.0537,-0.224359,2.240499
mock_01370,Monolayer,Light Blue,189.2559,204.377,237.4678,-0.028489,0.302202
mock_01371,Monolayer,Light Blue,189.3799,203.9209,237.5029,-0.074715,0.246306
mock_01372,Monolayer,Light Blue,189.373,204.7363,237.667,-0.073325,0.338703
mock_01373,Bulk,Yellow,187.2861,165.7793,121.8584,-0.309882,4.932737
mock_01374,Trilayer,Purple-Blue,127.6162,146.9883,209.1992,-0.185397,0.841962
mock_01375,Monolayer,Light Blue,189.2178,204.334,237.6494,-0.059893,0.36505
mock_01376,Bulk,Yellow,187.0156,165.5381,121.8154,-0.326309,4.955839
mock_01377,Bilayer,Blue,154.6045,179.4189,219.5244,-0.091276,0.524844
mock_01378,Trilayer,Purple-Blue,127.5137,147.415,209.4238,-0.150011,1.098926
mock_01379,Bilayer,Blue,154.5176,179.3262,219.7432,-0.111541,0.68576
mock_01380,Trilayer,Purple-Blue,127.7041,147.1768,209.4531,-0.156135,1.035894
mock_01381,Bulk,Yellow,187.5703,165.4678,121.6904,-0.314123,5.15127
mock_01382,Monolayer,Light Blue,189.0928,204.6436,237.6064,-0.049258,0.39938
mock_01383,Monolayer,Light Blue,189.8223,204.3545,237.4355,-0.034769,0.196907
mock_01384,Trilayer,Purple-Blue,127.0195,147.7314,209.5088,-0.160671,0.999922
mock_01385,Monolayer,Light Blue,189.7939,204.0898,237.626,-0.001521,0.357265
mock_01386,Trilayer,Purple-Blue,127.5371,147.2227,209.4424,-0.170268,1.023939
mock_01387,Bilayer,Blue,154.2656,180.1074,219.249,-0.117492,0.66846
mock_01388,Bilayer,Blue,154.2393,179.5059,219.4971,-0.099141,0.726642
mock_01389,Bulk,Yellow,187.5205,165.749,121.5107,-0.315113,5.019654
mock_01390,Bulk,Yellow,187.4287,165.8799,121.2744,-0.330828,4.960717
mock_01391,Trilayer,Purple-Blue,127.5537,147.5459,209.7666,-0.142536,1.078142
mock_01392,Trilayer,Purple-Blue,127.79,147.0938,209.2773,-0.156759,1.042568
mock_01393,Trilayer,Purple-Blue,127.3564,147.585,209.457,-0.131458,0.963682
mock_01394,Trilayer,Purple-Blue,127.7549,147.3301,209.4219,-0.190976,0.982471
mock_01395,Monolayer,Light Blue,189.4521,204.3242,237.3232,-0.021963,0.251536
mock_01396,Bulk,Yellow,187.4014,165.2412,121.2471,-0.338944,5.099139
mock_01397,Bilayer,Blue,154.2363,179.8213,219.4434,-0.086154,0.689096
mock_01398,Monolayer,Light Blue,189.4805,204.7686,237.6934,-0.013626,0.316571
mock_01399,Bilayer,Blue,154.3057,179.9062,219.5674,-0.105031,0.612966
mock_01400,Bilayer,Blue,154.7305,179.2168,219.7129,-0.087279,0.616824
mock_01401,Monolayer,Light Blue,189.7949,204.8906,237.5879,-0.04143,0.339207
mock_01402,Few Layers,Green,114.2139,169.6064,149.3223,-0.24217,2.258201
mock_01403,Monolayer,Light Blue,189.4521,204.5195,237.4023,-0.071347,0.257541
mock_01404,Few Layers,Green,114.7598,169.2412,149.4199,-0.25355,2.253866
mock_01405,Bulk,Yellow,187.9941,164.8975,121.4199,-0.310439,4.836891
mock_01406,Bulk,Yellow,187.2441,165.5156,121.3896,-0.329276,4.880253
mock_01407,Bulk,Yellow,187.6709,165.6426,121.3428,-0.330325,5.075828
mock_01408,Monolayer,Light Blue,189.3428,204.4502,237.6074,-0.043028,0.341839
mock_01409,Bulk,Yellow,187.4883,165.5508,121.5303,-0.292494,5.112961
mock_01410,Few Layers,Green,114.5889,169.376,149.7695,-0.241228,2.243707
mock_01411,Bilayer,Blue,154.1523,179.6475,219.6025,-0.098957,0.676542
mock_01412,Monolayer,Light Blue,189.9336,204.21,237.4746,-0.067447,0.400047
mock_01413,Monolayer,Light Blue,189.3252,204.9648,237.7285,-0.040585,0.278276
mock_01414,Trilayer,Purple-Blue,128.0225,148.041,209.6553,-0.169226,1.027428
mock_01415,Monolayer,Light Blue,189.3389,205.0635,237.5371,-0.079281,0.291198
mock_01416,Bilayer,Blue,154.9326,179.6006,219.4229,-0.074742,0.746768
mock_01417,Monolayer,Light Blue,190.0615,204.8184,237.8438,-0.064595,0.238879
mock_01418,Few Layers,Green,114.5342,169.4365,149.3008,-0.247213,2.216966
mock_01419,Bilayer,Blue,154.8457,179.4316,218.9199,-0.094303,0.658489
mock_01420,Monolayer,Light Blue,189.8867,204.2363,237.0234,-0.028863,0.247167
mock_01421,Few Layers,Green,114.4004,169.4561,149.6387,-0.24343,2.244489
mock_01422,Bilayer,Blue,154.8574,179.5186,219.1367,-0.108765,0.79913
mock_01423,Few Layers,Green,114.335,169.4287,149.9297,-0.266897,2.138057
mock_01424,Few Layers,Green,114.0,169.2471,149.665,-0.264611,2.247075
mock_01425,Few Layers,Green,114.5703,169.2432,149.8496,-0.247887,2.153842
mock_01426,Bilayer,Blue,154.3193,179.2168,219.584,-0.106224,0.736123
mock_01427,Bilayer,Blue,154.6318,179.4756,219.7666,-0.087969,0.687136
mock_01428,Bilayer,Blue,154.3506,179.6582,219.7637,-0.118242,0.827603
mock_01429,Trilayer,Purple-Blue,127.126,147.4277,209.2373,-0.156857,1.116667
mock_01430,Bulk,Yellow,187.3447,165.6104,120.8496,-0.301735,4.863986
mock_01431,Trilayer,Purple-Blue,127.5225,147.5215,209.6904,-0.212321,1.036119
mock_01432,Trilayer,Purple-Blue,127.6201,147.4951,209.6191,-0.149774,0.793429
mock_01433,Monolayer,Light Blue,189.3281,204.4775,237.3457,-0.022749,0.369736
mock_01434,Few Layers,Green,114.5674,169.4258,149.6543,-0.244921,2.192521
mock_01435,Bilayer,Blue,154.1807,179.6113,219.8271,-0.119562,0.82293
mock_01436,Trilayer,Purple-Blue,127.6445,146.8369,209.4102,-0.141682,0.91952
mock_01437,Few Layers,Green,114.3818,169.7227,149.9355,-0.223746,2.315455
mock_01438,Few Layers,Green,114.7812,169.377,149.3262,-0.211123,2.377595
mock_01439,Few Layers,Green,114.292,169.749,149.4795,-0.252461,2.19612
mock_01440,Bulk,Yellow,187.2979,165.585,121.8662,-0.310375,4.853088
mock_01441,Bilayer,Blue,154.2939,179.9023,219.6279,-0.133362,0.594206
mock_01442,Bilayer,Blue,154.9502,179.6455,219.2715,-0.124208,0.772735
mock_01443,Bilayer,Blue,154.6396,179.3359,219.2422,-0.102628,0.64185
mock_01444,Bulk,Yellow,187.6436,164.7861,121.4756,-0.329045,5.046861
mock_01445,Monolayer,Light Blue,189.7969,204.2871,237.165,-0.041012,0.378517
mock_01446,Trilayer,Purple-Blue,127.9492,147.1621,209.1494,-0.176658,0.943936
mock_01447,Bilayer,Blue,154.8848,179.2979,219.8623,-0.073001,0.776027
mock_01448,Bulk,Yellow,187.2881,165.7031,121.3477,-0.324229,4.932609
mock_01449,Trilayer,Purple-Blue,127.6914,147.8525,209.0303,-0.162107,0.967352
mock_01450,Monolayer,Light Blue,189.4492,204.1328,237.498,-0.074773,0.323142
mock_01451,Monolayer,Light Blue,189.6768,204.4404,237.2764,-0.050138,0.188122
mock_01452,Bilayer,Blue,154.2793,179.5137,219.2422,-0.101237,0.706038
mock_01453,Monolayer,Light Blue,190.0166,204.5488,237.7129,-0.041658,0.390013
mock_01454,Few Layers,Green,114.375,169.3691,149.458,-0.204597,2.232795
mock_01455,Monolayer,Light Blue,189.2969,204.4414,237.3945,-0.047396,0.219277
mock_01456,Bilayer,Blue,154.7031,179.8037,219.2939,-0.110751,0.710125
mock_01457,Bulk,Yellow,187.0938,165.5342,121.9238,-0.30131,4.964863
mock_01458,Trilayer,Purple-Blue,127.1162,147.625,209.4229,-0.189354,0.932444
mock_01459,Bulk,Yellow,187.7969,165.6104,121.4111,-0.306405,4.96765
mock_01460,Bulk,Yellow,187.3975,165.6289,122.0967,-0.333247,4.816637
mock_01461,Bulk,Yellow,187.7285,165.5654,121.2168,-0.309068,5.076716
mock_01462,Trilayer,Purple-Blue,127.4375,147.5293,209.4023,-0.169749,0.957838
mock_01463,Bulk,Yellow,187.4922,165.3174,121.5557,-0.344646,4.890782
mock_01464,Monolayer,Light Blue,189.5508,204.3154,237.9717,-0.035099,0.41862
mock_01465,Few Layers,Green,114.7383,169.1162,149.6719,-0.231545,2.143814
mock_01466,Trilayer,Purple-Blue,127.3887,147.8506,209.6152,-0.149324,0.985736
mock_01467,Monolayer,Light Blue,189.3369,204.6289,237.3994,-0.042616,0.416849
mock_01468,Bilayer,Blue,154.8418,179.5947,219.3857,-0.109769,0.547603
mock_01469,Few Layers,Green,114.71,169.5059,150.0146,-0.235897,2.199298
mock_01470,Trilayer,Purple-Blue,127.7236,147.5,209.6572,-0.124058,0.996093
mock_01471,Few Layers,Green,114.7979,169.3076,149.7393,-0.224537,2.179535
mock_01472,Bilayer,Blue,154.3896,179.2461,219.4912,-0.103657,0.760687
mock_01473,Trilayer,Purple-Blue,128.0918,147.8086,209.6299,-0.162187,0.756807
mock_01474,Bulk,Yellow,187.2705,165.3369,121.168,-0.325333,4.92991
mock_01475,Monolayer,Light Blue,189.4248,204.6709,237.4209,-0.065656,0.244315
mock_01476,Trilayer,Purple-Blue,127.3896,147.3789,209.5508,-0.136155,1.043496
mock_01477,Monolayer,Light Blue,189.8965,204.6973,237.9453,-0.08451,0.220437
mock_01478,Trilayer,Purple-Blue,127.665,147.7295,209.3984,-0.168517,0.95401
mock_01479,Few Layers,Green,114.4092,169.5771,149.3213,-0.217025,2.159197
mock_01480,Trilayer,Purple-Blue,127.3877,147.7441,210.1309,-0.169588,1.070941
mock_01481,Few Layers,Green,114.166,169.7891,149.9316,-0.232794,2.172543
mock_01482,Few Layers,Green,114.6172,169.4561,149.5996,-0.228477,2.249673
mock_01483,Few Layers,Green,114.4297,169.1924,149.9404,-0.237839,2.201028
mock_01484,Monolayer,Light Blue,189.7021,203.9678,237.4443,-0.065766,0.456341
mock_01485,Monolayer,Light Blue,189.3496,204.416,237.0527,-0.052552,0.371946
mock_01486,Bilayer,Blue,154.3613,179.7236,219.2891,-0.100139,0.696272
mock_01487,Trilayer,Purple-Blue,127.6836,147.7422,209.8281,-0.167318,0.904675
mock_01488,Few Layers,Green,114.1514,169.4316,148.9424,-0.251473,2.134199
mock_01489,Monolayer,Light Blue,189.5117,204.1846,237.4873,-0.045256,0.33512
mock_01490,Monolayer,Light Blue,189.3643,204.9023,237.2598,-0.057282,0.150352
mock_01491,Trilayer,Purple-Blue,127.2529,147.7578,208.8174,-0.159578,0.955431
mock_01492,Few Layers,Green,114.8721,169.7119,149.5352,-0.245599,2.321381
mock_01493,Bulk,Yellow,187.6816,165.1738,121.5361,-0.343949,4.945646
mock_01494,Bilayer,Blue,154.71,179.2637,219.6465,-0.113219,0.771795
mock_01495,Bilayer,Blue,154.6904,179.2803,219.1943,-0.105395,0.660662
mock_01496,Few Layers,Green,114.957,169.5469,149.542,-0.266161,2.246445
mock_01497,Monolayer,Light Blue,189.6309,204.1143,236.9619,-0.054465,0.327097
mock_01498,Monolayer,Light Blue,189.3457,205.2676,237.3955,-0.062546,0.298663
mock_01499,Few Layers,Green,114.3008,169.5732,149.3057,-0.233906,2.287836
mock_01500,Monolayer,Light Blue,189.374,204.3936,237.5176,-0.062077,0.335911
mock_01501,Monolayer,Light Blue,189.2363,204.251,237.918,-0.037292,0.385616
mock_01502,Monolayer,Light Blue,189.3232,204.6113,237.4551,-0.075093,0.367166
mock_01503,Bulk,Yellow,187.916,165.7598,121.4756,-0.326868,4.942648
mock_01504,Bilayer,Blue,154.5791,179.3857,219.167,-0.109133,0.673598
mock_01505,Bilayer,Blue,154.5791,179.4121,219.6387,-0.100974,0.806746
mock_01506,Bilayer,Blue,154.2842,179.6426,219.4951,-0.096454,0.665696
mock_01507,Bilayer,Blue,154.3506,179.4961,219.4619,-0.098884,0.79546
mock_01508,Monolayer,Light Blue,189.5498,204.3193,237.3955,-0.026011,0.303817
mock_01509,Monolayer,Light Blue,189.6348,204.8486,237.3652,-0.045298,0.345262
mock_01510,Trilayer,Purple-Blue,127.2725,147.5547,209.3535,-0.14469,0.999568
mock_01511,Bilayer,Blue,154.3086,179.6943,219.2461,-0.10284,0.64755
mock_01512,Bulk,Yellow,187.4365,165.2363,121.6152,-0.301799,4.996867
mock_01513,Bilayer,Blue,154.4512,179.5703,219.4814,-0.086186,0.672662
mock_01514,Bulk,Yellow,187.8262,165.8223,121.623,-0.301183,5.000638
mock_01515,Few Layers,Green,114.5459,169.7129,149.7158,-0.216751,2.236204
mock_01516,Bilayer,Blue,154.4541,179.4805,219.165,-0.075677,0.79063
mock_01517,Monolayer,Light Blue,189.542,204.4639,237.623,-0.035659,0.296769
mock_01518,Trilayer,Purple-Blue,127.501,147.8584,209.3398,-0.158561,0.818245
mock_01519,Monolayer,Light Blue,189.5713,204.5996,237.4482,-0.022303,0.326742
mock_01520,Few Layers,Green,114.7842,169.1748,149.751,-0.243911,2.276594
mock_01521,Bulk,Yellow,187.5049,165.9707,121.3174,-0.324722,4.997041
mock_01522,Bulk,Yellow,187.7402,165.1719,121.4102,-0.281983,5.075394
mock_01523,Monolayer,Light Blue,189.4062,204.3115,237.29,-0.050877,0.318983
mock_01524,Bilayer,Blue,154.2783,178.9707,218.8057,-0.111626,0.849599
mock_01525,Trilayer,Purple-Blue,127.2334,147.4033,209.626,-0.156713,0.96598
mock_01526,Bilayer,Blue,154.7412,179.918,219.6201,-0.095035,0.459471
mock_01527,Monolayer,Light Blue,189.4727,204.6758,237.7705,-0.03562,0.340807
mock_01528,Trilayer,Purple-Blue,127.751,147.2451,209.1504,-0.151513,0.925647
mock_01529,Monolayer,Light Blue,189.5645,204.7061,237.5381,-0.062732,0.351933
mock_01530,Bilayer,Blue,154.5029,179.5654,219.623,-0.103809,0.562574
mock_01531,Few Layers,Green,114.4297,169.4502,149.376,-0.254982,2.321842
mock_01532,Few Layers,Green,114.6338,169.376,149.4727,-0.24328,2.240554
mock_01533,Monolayer,Light Blue,189.4854,204.4277,237.499,-0.06279,0.32191
mock_01534,Bulk,Yellow,187.3184,165.2285,121.5684,-0.334162,4.926722
mock_01535,Trilayer,Purple-Blue,127.5273,147.4854,209.8086,-0.156169,0.980793
mock_01536,Trilayer,Purple-Blue,127.3701,147.7676,209.3594,-0.129595,0.936108
mock_01537,Bulk,Yellow,187.4531,165.5459,121.1211,-0.317657,4.945334
mock_01538,Few Layers,Green,114.46,169.6475,149.4453,-0.251429,2.327381
mock_01539,Few Layers,Green,114.9414,169.1592,148.7891,-0.238471,2.216595
mock_01540,Trilayer,Purple-Blue,127.5664,147.3184,209.4219,-0.130513,0.983921
mock_01541,Few Layers,Green,114.2197,169.6416,149.6094,-0.257326,2.172092
mock_01542,Bilayer,Blue,154.7822,179.4961,219.5225,-0.11817,0.680588
mock_01543,Bulk,Yellow,187.6104,165.3789,121.7793,-0.309214,5.057026
mock_01544,Monolayer,Light Blue,189.2803,204.5469,237.8711,-0.050124,0.26233
mock_01545,Bilayer,Blue,154.4297,178.9717,219.665,-0.106714,0.536191
mock_01546,Monolayer,Light Blue,189.21,204.417,237.1885,-0.053144,0.491071
mock_01547,Few Layers,Green,115.0068,169.623,149.2822,-0.248994,2.190702
mock_01548,Monolayer,Light Blue,189.6309,204.6777,237.4199,-0.091299,0.22931
mock_01549,Monolayer,Light Blue,189.3809,204.3203,237.752,-0.049581,0.226584
mock_01550,Trilayer,Purple-Blue,127.5234,147.8721,209.3457,-0.160073,0.974456
mock_01551,Few Layers,Green,114.1904,169.9824,149.7363,-0.223732,2.161607
mock_01552,Trilayer,Purple-Blue,127.8037,147.126,209.21,-0.15152,0.967089
mock_01553,Monolayer,Light Blue,189.5645,204.5723,237.4238,-0.048669,0.435239
mock_01554,Monolayer,Light Blue,189.6279,204.6211,237.293,-0.044704,0.407902
mock_01555,Bilayer,Blue,154.6787,179.3242,219.4277,-0.09033,0.740268
mock_01556,Trilayer,Purple-Blue,127.4717,147.2432,209.0586,-0.168743,0.831996
mock_01557,Monolayer,Light Blue,189.3291,204.2578,237.4219,-0.062412,0.44175
mock_01558,Trilayer,Purple-Blue,127.6025,147.6318,209.6914,-0.172266,1.063544
mock_01559,Monolayer,Light Blue,189.6494,204.3301,237.2959,-0.045243,0.35118
mock_01560,Bilayer,Blue,154.4229,179.4785,219.4346,-0.093797,0.749034
mock_01561,Few Layers,Green,114.7061,169.6406,149.3799,-0.214721,2.153593
mock_01562,Bilayer,Blue,154.5361,179.2129,219.2285,-0.062829,0.596878
mock_01563,Few Layers,Green,114.584,169.6758,149.3877,-0.261099,2.244207
mock_01564,Trilayer,Purple-Blue,127.5684,147.6172,209.584,-0.159346,0.851866
mock_01565,Monolayer,Light Blue,189.4385,204.4658,237.5137,-0.058815,0.543235
mock_01566,Monolayer,Light Blue,189.1064,204.5684,237.0889,-0.054604,0.301913
mock_01567,Few Layers,Green,114.7119,169.4199,149.4834,-0.259485,2.163174
mock_01568,Few Layers,Green,114.9736,169.1445,149.3213,-0.248984,2.267931
mock_01569,Trilayer,Purple-Blue,127.5098,147.4316,209.9766,-0.158991,1.056276
mock_01570,Monolayer,Light Blue,189.5244,203.9219,237.3369,-0.06746,0.161495
mock_01571,Few Layers,Green,114.4551,169.25,149.1875,-0.23831,2.091094
mock_01572,Bilayer,Blue,154.4082,179.9102,219.4541,-0.112884,0.4989
mock_01573,Trilayer,Purple-Blue,127.1074,147.5381,209.7588,-0.157834,1.008205
mock_01574,Monolayer,Light Blue,189.5293,204.6699,237.7598,-0.05056,0.254335
mock_01575,Bulk,Yellow,187.5225,165.3193,121.3926,-0.305332,4.992721
mock_01576,Monolayer,Light Blue,189.7109,204.167,237.5908,-0.037428,0.208038
mock_01577,Monolayer,Light Blue,189.5947,204.6768,237.7539,-0.008786,0.324664
mock_01578,Few Layers,Green,114.5254,169.3623,149.6416,-0.246101,2.257959
mock_01579,Few Layers,Green,114.3457,169.3428,149.5967,-0.223544,2.358954
mock_01580,Bilayer,Blue,154.4648,179.3467,219.7607,-0.105028,0.633337
mock_01581,Few Layers,Green,114.7754,169.6025,149.9609,-0.235933,2.177949
mock_01582,Bilayer,Blue,154.3262,179.7051,219.7305,-0.107068,0.694311
mock_01583,Few Layers,Green,114.3398,169.8037,149.4795,-0.234032,2.072569
mock_01584,Bulk,Yellow,187.5107,165.6367,121.2285,-0.351857,5.065731
mock_01585,Bilayer,Blue,154.5039,179.5703,219.5947,-0.068487,0.758158
mock_01586,Trilayer,Purple-Blue,127.6553,147.4658,209.8193,-0.166905,1.041338
mock_01587,Bulk,Yellow,187.5752,165.1426,121.5225,-0.302676,4.990874
mock_01588,Trilayer,Purple-Blue,128.0059,147.3037,209.0996,-0.162916,0.81089
mock_01589,Bulk,Yellow,187.9463,165.5547,121.3799,-0.321451,4.965219
mock_01590,Bilayer,Blue,154.7051,179.4814,219.9102,-0.087338,0.681471
mock_01591,Monolayer,Light Blue,189.6982,204.1475,237.4805,-0.047095,0.256243
mock_01592,Bulk,Yellow,187.4102,165.4844,121.7275,-0.340579,5.073687
mock_01593,Monolayer,Light Blue,189.3125,204.5068,237.3867,-0.068431,0.369239
mock_01594,Trilayer,Purple-Blue,127.3311,147.6152,209.7305,-0.148622,1.063677
mock_01595,Few Layers,Green,114.9902,169.2031,149.2568,-0.246614,2.134515
mock_01596,Trilayer,Purple-Blue,127.2842,147.5479,209.208,-0.134845,1.022476
mock_01597,Monolayer,Light Blue,189.5322,204.6758,237.6143,-0.042972,0.281743
mock_01598,Trilayer,Purple-Blue,127.4209,147.5156,209.6182,-0.163135,0.918729
mock_01599,Few Layers,Green,114.874,169.7715,149.9453,-0.223639,2.219227
mock_01600,Monolayer,Light Blue,189.1846,204.3311,237.7236,-0.053133,0.294523
mock_01601,Few Layers,Green,114.4004,169.6475,149.7285,-0.220757,2.207259
mock_01602,Trilayer,Purple-Blue,127.3174,147.4619,209.8525,-0.155637,0.933522
mock_01603,Trilayer,Purple-Blue,127.5137,147.3223,209.627,-0.13485,1.044744
mock_01604,Bilayer,Blue,154.7305,179.4053,219.6768,-0.128531,0.601474
mock_01605,Monolayer,Light Blue,189.4199,204.6113,237.4951,-0.05798,0.351985
mock_01606,Bilayer,Blue,154.4229,179.4785,219.7793,-0.086393,0.773468
mock_01607,Trilayer,Purple-Blue,127.0381,147.1777,209.627,-0.170782,1.015062
mock_01608,Trilayer,Purple-Blue,127.4365,147.4902,209.4004,-0.140032,0.999418
mock_01609,Monolayer,Light Blue,189.6055,203.9492,237.5537,-0.027582,0.155753
mock_01610,Bulk,Yellow,187.4346,165.3018,121.3115,-0.30848,4.940312
mock_01611,Trilayer,Purple-Blue,127.165,148.1006,209.8105,-0.16806,0.925827
mock_01612,Bilayer,Blue,154.6367,180.0137,219.3721,-0.069076,0.448798
mock_01613,Trilayer,Purple-Blue,127.1816,147.8467,209.5869,-0.155667,1.105905
mock_01614,Trilayer,Purple-Blue,127.4932,147.6992,209.4082,-0.138773,0.958503
mock_01615,Bulk,Yellow,187.1699,165.2705,121.4775,-0.327885,4.909701
mock_01616,Monolayer,Light Blue,189.9443,204.7607,236.9346,-0.057769,0.260478
mock_01617,Monolayer,Light Blue,189.501,204.2939,237.3516,-0.038998,0.311072
mock_01618,Bulk,Yellow,187.9053,165.6934,121.498,-0.335702,4.94087
mock_01619,Monolayer,Light Blue,189.125,204.79,237.6602,-0.029638,0.347828
mock_01620,Bulk,Yellow,187.7051,165.4707,121.3477,-0.319576,5.033441
mock_01621,Bilayer,Blue,154.2158,179.8535,219.5146,-0.093646,0.67654
mock_01622,Bulk,Yellow,187.8721,165.832,121.4912,-0.335007,5.030995
mock_01623,Monolayer,Light Blue,189.7275,204.6729,237.5645,-0.061119,0.174977
mock_01624,Bilayer,Blue,154.5771,179.5361,219.8369,-0.095034,0.645903
mock_01625,Trilayer,Purple-Blue,127.4814,147.2852,209.5635,-0.168536,0.912808
mock_01626,Bilayer,Blue,154.3125,179.6445,219.7305,-0.099973,0.710378
mock_01627,Monolayer,Light Blue,189.6943,204.2305,237.1328,-0.070624,0.267027
mock_01628,Few Layers,Green,114.6777,169.9492,148.9541,-0.229548,2.133536
mock_01629,Monolayer,Light Blue,188.9766,204.8408,237.4912,-0.067086,0.28741
mock_01630,Bilayer,Blue,154.4668,179.3252,219.7373,-0.098829,0.630242
mock_01631,Monolayer,Light Blue,189.6396,204.9902,237.9502,-0.059689,0.396617
mock_01632,Bilayer,Blue,154.1562,178.9609,219.2373,-0.11116,0.789621
mock_01633,Bulk,Yellow,187.6074,165.124,121.5938,-0.309057,4.999229
mock_01634,Few Layers,Green,114.1719,169.5117,149.6943,-0.235304,2.192249
mock_01635,Few Layers,Green,114.4512,169.4463,149.2031,-0.238908,2.065334
mock_01636,Bulk,Yellow,187.3711,165.458,121.2744,-0.329244,4.885778
mock_01637,Monolayer,Light Blue,189.6006,204.9521,237.0371,-0.059411,0.301577
mock_01638,Bilayer,Blue,154.5576,179.3516,219.0996,-0.098496,0.569292
mock_01639,Monolayer,Light Blue,189.7422,204.3213,237.5381,-0.060677,0.147194
mock_01640,Bulk,Yellow,187.7607,165.4502,121.5684,-0.321883,5.034919
mock_01641,Bilayer,Blue,154.7686,179.3213,219.3174,-0.100153,0.613613
mock_01642,Few Layers,Green,114.2471,169.3516,149.0801,-0.219101,2.105905
mock_01643,Bilayer,Blue,154.2139,179.4678,219.1543,-0.100438,0.656598
mock_01644,Monolayer,Light Blue,189.5059,204.4697,237.7354,-0.020367,0.330104
mock_01645,Few Layers,Green,114.2236,169.2998,149.1309,-0.26294,2.24211
mock_01646,Monolayer,Light Blue,189.7021,204.6006,237.7773,-0.053245,0.352231
mock_01647,Bilayer,Blue,154.6533,179.5557,220.1729,-0.102224,0.730246
mock_01648,Bilayer,Blue,154.5957,179.6514,219.4365,-0.084748,0.71024
mock_01649,Monolayer,Light Blue,189.3584,205.085,237.582,-0.043077,0.354893
mock_01650,Bulk,Yellow,187.6514,165.1807,121.751,-0.327834,4.980676
mock_01651,Bilayer,Blue,154.7285,179.6279,219.3848,-0.096018,0.625862
mock_01652,Few Layers,Green,114.7061,169.3906,149.0293,-0.247847,2.408485
mock_01653,Bulk,Yellow,187.8174,165.0713,121.7168,-0.334121,5.110914
mock_01654,Trilayer,Purple-Blue,127.6006,147.7822,209.9658,-0.160756,1.003603
mock_01655,Few Layers,Green,114.5342,169.2354,149.5283,-0.231866,2.038764
mock_01656,Bulk,Yellow,187.3496,165.3389,121.5576,-0.310155,5.064721
mock_01657,Monolayer,Light Blue,189.457,204.5449,237.6465,-0.054617,0.348944
mock_01658,Trilayer,Purple-Blue,127.8447,147.9893,209.0078,-0.166773,1.005888
mock_01659,Monolayer,Light Blue,189.8818,204.2939,237.4004,-0.041887,0.366011
mock_01660,Trilayer,Purple-Blue,127.5176,147.1826,209.6094,-0.173751,1.063258
mock_01661,Trilayer,Purple-Blue,127.3828,147.6094,209.5547,-0.162189,1.045553
mock_01662,Bilayer,Blue,154.7656,179.292,219.7314,-0.09675,0.727563
mock_01663,Bulk,Yellow,187.9717,165.6309,121.5498,-0.298938,5.042608
mock_01664,Monolayer,Light Blue,189.4912,204.8066,237.4141,-0.0354,0.138462
mock_01665,Few Layers,Green,114.4814,169.2441,149.5254,-0.233257,2.134888
mock_01666,Few Layers,Green,114.4092,169.7402,148.9746,-0.240694,2.148052
mock_01667,Few Layers,Green,114.2363,169.3213,149.7432,-0.256784,2.243193
mock_01668,Bilayer,Blue,154.4912,179.5615,218.9697,-0.092879,0.708778
mock_01669,Trilayer,Purple-Blue,127.6924,148.1611,209.3643,-0.183728,0.980626
mock_01670,Trilayer,Purple-Blue,127.251,147.7129,209.5205,-0.160436,0.994575
mock_01671,Monolayer,Light Blue,189.6904,204.373,237.0957,-0.040542,0.242056
mock_01672,Few Layers,Green,114.2832,169.2725,149.4072,-0.239769,2.181545
mock_01673,Trilayer,Purple-Blue,127.3711,148.001,209.6787,-0.15936,0.912952
mock_01674,Monolayer,Light Blue,189.1816,204.0938,237.2705,-0.042618,0.385062
mock_01675,Monolayer,Light Blue,189.3652,204.4492,237.1855,-0.052441,0.215358
mock_01676,Bilayer,Blue,154.3516,179.2637,219.2266,-0.090968,0.646308
mock_01677,Few Layers,Green,115.0332,169.3965,149.4453,-0.27022,2.380512
mock_01678,Bulk,Yellow,187.4971,165.4883,121.4912,-0.337537,4.966808
mock_01679,Bilayer,Blue,154.0869,179.7549,219.7617,-0.09757,0.544197
mock_01680,Monolayer,Light Blue,189.2812,204.7471,237.4238,-0.065494,0.452641
mock_01681,Bilayer,Blue,154.6426,179.0547,219.5547,-0.110693,0.60491
mock_01682,Monolayer,Light Blue,189.375,204.2627,237.7334,-0.041793,0.363976
mock_01683,Trilayer,Purple-Blue,127.46,147.5059,209.6934,-0.171744,1.013827
mock_01684,Monolayer,Light Blue,189.626,204.4512,237.7471,-0.054173,0.18768
mock_01685,Monolayer,Light Blue,189.248,204.5547,237.7686,-0.041212,0.376027
mock_01686,Bulk,Yellow,187.2451,165.6309,121.4346,-0.314724,5.124028
mock_01687,Bulk,Yellow,187.2734,165.4307,121.4746,-0.303103,4.841697
mock_01688,Bilayer,Blue,154.4805,179.6787,219.6484,-0.114382,0.696042
mock_01689,Monolayer,Light Blue,189.4102,204.5557,238.1494,-0.061685,0.342487
mock_01690,Bulk,Yellow,187.3818,165.3955,121.7168,-0.325471,4.959313
mock_01691,Bilayer,Blue,154.6289,179.6074,219.0459,-0.103149,0.592744
mock_01692,Few Layers,Green,114.6367,170.083,149.8994,-0.238961,2.279354
mock_01693,Few Layers,Green,114.4199,169.3359,149.2832,-0.2549,2.058674
mock_01694,Bilayer,Blue,154.3291,179.4658,219.3066,-0.082956,0.657303
mock_01695,Bilayer,Blue,154.8525,179.4863,219.4268,-0.07274,0.665357
mock_01696,Trilayer,Purple-Blue,127.3623,147.4932,209.3545,-0.156815,1.019727
mock_01697,Bulk,Yellow,187.5283,165.7334,121.792,-0.319262,5.088975
mock_01698,Monolayer,Light Blue,189.541,204.3105,237.333,-0.040343,0.2961
mock_01699,Trilayer,Purple-Blue,127.9629,147.3213,209.501,-0.158351,1.086912
mock_01700,Bulk,Yellow,187.459,165.3057,121.4678,-0.310527,4.991475
mock_01701,Few Layers,Green,114.2539,169.5918,149.6426,-0.282235,2.274105
mock_01702,Monolayer,Light Blue,189.7959,204.3564,237.5176,-0.039616,0.32513
mock_01703,Bulk,Yellow,187.0957,165.5684,120.9619,-0.299288,5.017183
mock_01704,Monolayer,Light Blue,188.877,204.0293,237.4805,-0.044513,0.462468
mock_01705,Monolayer,Light Blue,189.6299,204.4521,237.3789,-0.025704,0.447569
mock_01706,Trilayer,Purple-Blue,127.4805,147.4287,209.7529,-0.154102,0.957896
mock_01707,Trilayer,Purple-Blue,127.7119,147.8584,209.3652,-0.180951,0.91625
mock_01708,Monolayer,Light Blue,189.6416,204.3389,237.4619,-0.053982,0.396751
mock_01709,Bilayer,Blue,154.8584,179.5879,219.6113,-0.109954,0.449682
mock_01710,Bilayer,Blue,154.6797,179.5977,219.3477,-0.085816,0.727304
mock_01711,Few Layers,Green,114.2275,169.6016,149.2568,-0.247394,2.313128
mock_01712,Few Layers,Green,114.418,169.3916,149.5439,-0.265636,2.203824
mock_01713,Monolayer,Light Blue,189.2773,204.6074,237.7803,-0.064192,0.472033
mock_01714,Monolayer,Light Blue,189.6514,203.9727,237.5303,-0.046477,0.296843
mock_01715,Trilayer,Purple-Blue,127.7422,147.5186,209.627,-0.159181,0.958581
mock_01716,Monolayer,Light Blue,189.1914,204.3242,237.1455,-0.030399,0.326833
mock_01717,Bulk,Yellow,187.1914,165.2061,121.8125,-0.315658,5.013315
mock_01718,Few Layers,Green,115.042,169.9834,149.7656,-0.230978,2.194485
mock_01719,Few Layers,Green,114.3682,169.5059,149.7041,-0.220084,2.238467
mock_01720,Trilayer,Purple-Blue,127.5771,147.4688,209.4893,-0.146753,1.037983
mock_01721,Few Layers,Green,114.9014,169.3057,149.3242,-0.24397,2.338458
mock_01722,Few Layers,Green,114.1582,169.1445,149.2998,-0.230023,2.241386
mock_01723,Trilayer,Purple-Blue,127.5645,147.5771,209.3926,-0.155601,1.106264
mock_01724,Bilayer,Blue,154.3945,179.4746,219.3037,-0.089728,0.680352
mock_01725,Few Layers,Green,114.4873,169.957,149.54,-0.230573,2.199855
mock_01726,Bilayer,Blue,154.5234,179.2754,219.2363,-0.142864,0.719225
mock_01727,Bilayer,Blue,154.6514,179.5537,219.6621,-0.115101,0.658262
mock_01728,Trilayer,Purple-Blue,127.8037,147.2344,209.8438,-0.15728,1.13898
mock_01729,Monolayer,Light Blue,189.8076,204.1924,237.0664,-0.040532,0.312941
mock_01730,Monolayer,Light Blue,189.5674,204.6455,237.5986,-0.064025,0.257016
mock_01731,Monolayer,Light Blue,189.623,204.2373,237.3613,-0.039269,0.340669
mock_01732,Trilayer,Purple-Blue,127.4014,147.9619,209.6934,-0.147178,1.038112
mock_01733,Trilayer,Purple-Blue,127.75,147.2666,209.6982,-0.140966,0.935383
mock_01734,Monolayer,Light Blue,189.1631,204.8271,237.6426,-0.046112,0.357621
mock_01735,Trilayer,Purple-Blue,127.5254,147.083,209.4111,-0.179785,0.974776
mock_01736,Bilayer,Blue,154.5049,179.6602,219.2324,-0.090505,0.627572
mock_01737,Few Layers,Green,114.3916,169.5381,149.3867,-0.227205,2.189967
mock_01738,Monolayer,Light Blue,189.6885,204.8232,237.2295,-0.038794,0.311677
mock_01739,Monolayer,Light Blue,189.3281,204.3701,237.2422,-0.012462,0.265194
mock_01740,Bilayer,Blue,154.9912,179.4219,219.4629,-0.11194,0.620653
mock_01741,Few Layers,Green,114.4111,169.4805,149.2529,-0.233421,2.280217
mock_01742,Trilayer,Purple-Blue,127.3115,147.7471,209.3535,-0.170071,1.033882
mock_01743,Trilayer,Purple-Blue,127.8291,147.6006,209.2988,-0.174189,1.026488
mock_01744,Trilayer,Purple-Blue,127.002,147.6084,209.7979,-0.155334,1.086295
mock_01745,Trilayer,Purple-Blue,127.5049,147.4238,208.8662,-0.172163,1.097375
mock_01746,Few Layers,Green,114.6562,169.4424,149.6895,-0.247027,2.265692
mock_01747,Few Layers,Green,114.1504,169.3506,149.4785,-0.256821,2.249674
mock_01748,Monolayer,Light Blue,189.584,204.5215,237.4434,-0.044253,0.261978
mock_01749,Few Layers,Green,114.6553,169.4248,149.0527,-0.24593,2.235557
mock_01750,Few Layers,Green,114.8135,169.6455,149.1416,-0.2371,2.148746
mock_01751,Monolayer,Light Blue,189.2412,204.8496,237.7412,-0.060933,0.34118
mock_01752,Monolayer,Light Blue,189.5176,204.4326,237.2549,-0.036668,0.303273
mock_01753,Bilayer,Blue,154.5938,179.5723,219.1377,-0.099955,0.612596
mock_01754,Trilayer,Purple-Blue,127.5293,147.4551,209.2197,-0.143377,0.929242
mock_01755,Few Layers,Green,114.5693,169.4346,149.9375,-0.236164,2.400346
mock_01756,Bilayer,Blue,154.5869,179.4561,219.2646,-0.102928,0.661196
mock_01757,Bilayer,Blue,154.3359,179.5273,219.5801,-0.075023,0.774955
mock_01758,Monolayer,Light Blue,189.5723,204.1016,237.5391,-0.031614,0.261386
mock_01759,Monolayer,Light Blue,189.665,204.1631,237.5029,-0.055587,0.262644
mock_01760,Bulk,Yellow,187.3516,165.5078,121.332,-0.306689,5.029933
mock_01761,Bulk,Yellow,187.7852,165.1504,121.5967,-0.331937,4.997084
mock_01762,Bulk,Yellow,187.1738,165.7139,121.7275,-0.327834,4.916777
mock_01763,Bilayer,Blue,154.6895,179.8223,219.4092,-0.115621,0.763353
mock_01764,Trilayer,Purple-Blue,127.6875,147.1973,209.334,-0.135883,0.90466
mock_01765,Few Layers,Green,114.333,169.5166,149.4277,-0.241483,2.193081
mock_01766,Trilayer,Purple-Blue,127.5186,147.2969,209.6318,-0.190575,0.959179
mock_01767,Monolayer,Light Blue,189.6113,204.6797,237.376,-0.060444,0.316224
mock_01768,Few Layers,Green,114.582,169.2246,149.46,-0.211785,2.139557
mock_01769,Bilayer,Blue,154.1133,179.0273,219.4277,-0.08805,0.529534
mock_01770,Few Layers,Green,114.2256,169.5449,149.7188,-0.234078,2.155249
mock_01771,Bulk,Yellow,187.3008,165.6504,121.5439,-0.323826,5.051566
mock_01772,Few Layers,Green,114.3525,169.582,149.5684,-0.25126,2.279638
mock_01773,Few Layers,Green,114.7363,169.3145,149.666,-0.264401,2.305161
mock_01774,Trilayer,Purple-Blue,127.2373,147.6611,210.2344,-0.168663,1.013255
mock_01775,Bilayer,Blue,153.8721,179.5781,219.5537,-0.121392,0.622474
mock_01776,Bulk,Yellow,187.3018,165.2949,121.001,-0.334156,4.853267
mock_01777,Bulk,Yellow,187.4531,165.1426,121.3467,-0.338346,5.00155
mock_01778,Bulk,Yellow,187.4775,165.5479,121.2285,-0.31975,5.02154
mock_01779,Few Layers,Green,114.168,169.459,149.3867,-0.240286,2.260677
mock_01780,Trilayer,Purple-Blue,127.0859,147.3916,209.4238,-0.155493,1.126702
mock_01781,Monolayer,Light Blue,189.4922,204.5996,237.5947,-0.024414,0.343862
mock_01782,Bilayer,Blue,154.4824,179.6826,219.5039,-0.080585,0.561024
mock_01783,Few Layers,Green,114.7471,169.8369,149.4561,-0.251125,2.14599
mock_01784,Bilayer,Blue,154.3154,179.6572,219.3848,-0.085704,0.598048
mock_01785,Bulk,Yellow,187.3184,165.8926,121.7656,-0.326333,5.077724
mock_01786,Bilayer,Blue,154.2207,179.5049,219.4658,-0.11206,0.667928
mock_01787,Trilayer,Purple-Blue,127.6455,147.4883,209.667,-0.193878,1.056259
mock_01788,Monolayer,Light Blue,189.0938,204.6992,237.3174,-0.034979,0.422615
mock_01789,Monolayer,Light Blue,189.1504,204.3467,237.9033,-0.089659,0.321128
mock_01790,Monolayer,Light Blue,189.1787,204.4619,237.4414,-0.03979,0.524257
mock_01791,Few Layers,Green,114.4941,169.8584,149.1631,-0.281427,2.350365
mock_01792,Monolayer,Light Blue,189.8926,204.3906,237.2666,-0.025371,0.46596
mock_01793,Trilayer,Purple-Blue,127.0771,147.2578,209.5029,-0.149942,0.898299
mock_01794,Bilayer,Blue,154.6611,179.8164,219.4131,-0.118811,0.494805
mock_01795,Few Layers,Green,114.2803,169.3691,149.6865,-0.246777,2.04637
mock_01796,Monolayer,Light Blue,189.5879,204.833,238.1816,-0.046798,0.235769
mock_01797,Monolayer,Light Blue,189.5234,204.5586,237.7764,-0.042814,0.171357
mock_01798,Trilayer,Purple-Blue,127.627,147.0117,209.5488,-0.156698,1.0655
mock_01799,Bilayer,Blue,154.1533,179.5303,219.7236,-0.081566,0.58054
mock_01800,Bilayer,Blue,154.0059,179.6572,219.2002,-0.112269,0.634255
mock_01801,Monolayer,Light Blue,189.3672,204.4805,237.04,-0.042726,0.366464
mock_01802,Bilayer,Blue,154.624,179.6289,219.668,-0.07668,0.758525
mock_01803,Bilayer,Blue,154.376,179.7207,219.2578,-0.096406,0.594186
mock_01804,Bulk,Yellow,187.5498,165.916,121.4053,-0.292675,4.957241
mock_01805,Few Layers,Green,114.2002,169.2158,149.7695,-0.236792,2.167726
mock_01806,Trilayer,Purple-Blue,127.5801,147.251,209.3096,-0.166706,1.083391
mock_01807,Monolayer,Light Blue,189.5703,204.9258,237.3721,-0.044822,0.324462
mock_01808,Bilayer,Blue,154.3896,179.8252,219.5957,-0.119957,0.779376
mock_01809,Bulk,Yellow,187.4443,165.2158,121.3252,-0.32458,5.077327
mock_01810,Few Layers,Green,114.4814,169.6582,149.7354,-0.252881,2.227208
mock_01811,Bilayer,Blue,154.3096,179.5762,219.3506,-0.074537,0.589567
mock_01812,Trilayer,Purple-Blue,127.5254,147.874,209.1934,-0.132023,0.975557
mock_01813,Bulk,Yellow,187.8359,165.5947,121.5498,-0.308496,4.981071
mock_01814,Few Layers,Green,113.9502,169.0957,149.8301,-0.272802,2.300022
mock_01815,Bulk,Yellow,187.5986,165.4795,120.8818,-0.324886,4.915519
mock_01816,Trilayer,Purple-Blue,127.6953,147.4609,209.5195,-0.148029,1.100642
mock_01817,Monolayer,Light Blue,189.749,204.0605,237.6084,-0.048114,0.278397
mock_01818,Bulk,Yellow,187.2842,165.1797,121.5029,-0.30836,4.998194
mock_01819,Monolayer,Light Blue,189.501,204.3652,237.4795,-0.051474,0.193856
mock_01820,Monolayer,Light Blue,189.4551,204.5059,237.417,-0.039289,0.410031
mock_01821,Few Layers,Green,114.6152,169.5469,149.7471,-0.251759,2.21603
mock_01822,Bilayer,Blue,154.2725,178.9736,219.2295,-0.100824,0.561584
mock_01823,Trilayer,Purple-Blue,127.3945,147.2549,209.3652,-0.139795,0.952572
mock_01824,Trilayer,Purple-Blue,127.1367,147.7734,209.4697,-0.157673,1.06836
mock_01825,Bilayer,Blue,154.2275,179.502,219.3506,-0.120206,0.659924
mock_01826,Monolayer,Light Blue,189.5801,204.5557,237.3701,-0.047412,0.476565
mock_01827,Bilayer,Blue,154.4834,179.375,219.3594,-0.094804,0.777673
mock_01828,Bulk,Yellow,187.6807,165.6211,121.4229,-0.34153,4.930536
mock_01829,Monolayer,Light Blue,189.5703,204.6533,237.4219,-0.082711,0.280039
mock_01830,Monolayer,Light Blue,189.5,204.6797,237.7666,-0.048654,0.34954
mock_01831,Trilayer,Purple-Blue,127.7158,147.6484,209.5117,-0.165282,1.075788
mock_01832,Monolayer,Light Blue,189.5137,204.5098,237.5664,-0.039865,0.323249
mock_01833,Bulk,Yellow,187.665,165.6289,121.3799,-0.349136,5.076472
mock_01834,Bilayer,Blue,154.4238,179.7246,219.6436,-0.094674,0.66256
mock_01835,Monolayer,Light Blue,189.7266,204.4854,237.3145,-0.028765,0.427313
mock_01836,Few Layers,Green,114.7061,169.2969,149.5264,-0.266745,2.191787
mock_01837,Monolayer,Light Blue,189.3799,204.3174,237.4219,-0.058294,0.293214
mock_01838,Bilayer,Blue,154.3662,179.3115,219.791,-0.087194,0.677003
mock_01839,Trilayer,Purple-Blue,127.3789,147.4023,209.8057,-0.161562,1.045792
mock_01840,Monolayer,Light Blue,189.8691,204.6602,237.9326,-0.08445,0.250621
mock_01841,Monolayer,Light Blue,190.1143,204.4424,237.5312,-0.026675,0.220238
mock_01842,Few Layers,Green,114.2227,169.665,149.5869,-0.243248,2.25612
mock_01843,Few Layers,Green,114.2773,169.6318,149.3857,-0.246883,2.254081
mock_01844,Monolayer,Light Blue,189.7402,204.3438,237.6719,-0.037701,0.322681
mock_01845,Monolayer,Light Blue,189.5869,204.585,237.6416,-0.065786,0.424413
mock_01846,Trilayer,Purple-Blue,127.3125,147.3877,209.4414,-0.167017,1.027384
mock_01847,Monolayer,Light Blue,189.5107,204.3926,237.457,-0.032498,0.374089
mock_01848,Monolayer,Light Blue,189.8604,204.2754,237.2656,-0.056365,0.277152
mock_01849,Bulk,Yellow,187.8135,165.3682,121.459,-0.330666,4.941131
mock_01850,Bulk,Yellow,187.8076,165.332,121.3115,-0.281664,5.115239
mock_01851,Few Layers,Green,114.2246,169.5752,149.2666,-0.226159,2.361233
mock_01852,Bilayer,Blue,154.2666,179.6572,219.2334,-0.070042,0.719784
mock_01853,Trilayer,Purple-Blue,127.7305,147.2373,209.459,-0.182939,1.058042
mock_01854,Trilayer,Purple-Blue,127.5205,147.6523,209.7207,-0.181194,1.010434
mock_01855,Bulk,Yellow,187.4941,165.627,121.2178,-0.317689,5.099833
mock_01856,Few Layers,Green,114.5596,169.6338,149.459,-0.241479,2.174133
mock_01857,Trilayer,Purple-Blue,127.1484,147.877,209.3301,-0.155426,1.086599
mock_01858,Monolayer,Light Blue,189.3965,204.5527,237.6016,-0.03571,0.40692
mock_01859,Bulk,Yellow,187.3135,165.5625,121.2461,-0.313462,4.884397
mock_01860,Few Layers,Green,114.7305,169.5156,149.6348,-0.245478,2.147986
mock_01861,Few Layers,Green,114.3838,169.0508,149.2236,-0.257914,2.191928
mock_01862,Few Layers,Green,114.4492,169.3057,149.5322,-0.22605,2.135257
mock_01863,Bulk,Yellow,187.5547,165.9316,121.3408,-0.308542,5.024335
mock_01864,Bulk,Yellow,187.4658,165.1514,121.4668,-0.315891,4.921875
mock_01865,Few Layers,Green,114.4561,169.915,149.3877,-0.23899,2.306622
mock_01866,Few Layers,Green,114.21,169.4209,149.4922,-0.226649,2.174021
mock_01867,Monolayer,Light Blue,189.4688,204.4873,237.6406,-0.030441,0.28278
mock_01868,Trilayer,Purple-Blue,127.4482,147.4131,209.8242,-0.139953,1.097899
mock_01869,Bilayer,Blue,154.3047,179.3174,219.4551,-0.100993,0.684079
mock_01870,Few Layers,Green,114.6045,169.6055,149.3984,-0.218096,2.289584
mock_01871,Bulk,Yellow,187.2832,165.2422,121.9756,-0.325303,4.932608
mock_01872,Bilayer,Blue,154.4414,179.2627,219.9746,-0.091132,0.684195
mock_01873,Monolayer,Light Blue,189.583,204.7744,237.4824,-0.042966,0.270355
mock_01874,Monolayer,Light Blue,189.8125,203.9668,237.4307,-0.069207,0.122251
mock_01875,Monolayer,Light Blue,189.4893,204.3672,237.5078,-0.055228,0.385014
mock_01876,Monolayer,Light Blue,189.2285,204.7236,237.2627,-0.043213,0.348098
mock_01877,Trilayer,Purple-Blue,127.4365,147.3838,209.873,-0.157396,0.978665
mock_01878,Bilayer,Blue,154.6494,179.8252,219.5547,-0.105075,0.668282
mock_01879,Trilayer,Purple-Blue,127.5381,147.4502,209.5059,-0.171203,1.059066
mock_01880,Few Layers,Green,115.1387,169.3262,149.6494,-0.269291,2.293305
mock_01881,Few Layers,Green,114.3379,169.7969,149.7275,-0.22874,2.128864
mock_01882,Monolayer,Light Blue,189.8975,204.5371,237.4951,-0.03785,0.457296
mock_01883,Bilayer,Blue,154.458,179.5713,219.5166,-0.077716,0.696178
mock_01884,Bulk,Yellow,187.0801,165.2266,121.2578,-0.323604,4.983204
mock_01885,Few Layers,Green,114.6709,169.1895,149.1191,-0.252478,2.219793
mock_01886,Monolayer,Light Blue,188.6416,204.2725,237.1084,-0.031345,0.269318
mock_01887,Bilayer,Blue,154.4473,178.832,219.3877,-0.10882,0.627741
mock_01888,Monolayer,Light Blue,189.3066,204.4531,237.6172,-0.051415,0.184377
mock_01889,Bilayer,Blue,154.6992,179.7754,219.7705,-0.082982,0.747613
mock_01890,Monolayer,Light Blue,190.2344,204.1338,237.3193,-0.070386,0.364314
mock_01891,Bulk,Yellow,187.627,165.7178,121.4326,-0.331062,4.864983
mock_01892,Monolayer,Light Blue,189.2539,204.8535,237.3301,-0.06842,0.203447
mock_01893,Bilayer,Blue,154.2227,179.6016,219.0742,-0.09531,0.619605
mock_01894,Bulk,Yellow,187.377,165.0566,121.4561,-0.378736,5.021946
mock_01895,Monolayer,Light Blue,189.5469,204.2949,237.124,-0.073091,0.365631
mock_01896,Trilayer,Purple-Blue,127.3613,147.5254,209.4688,-0.130784,0.922233
mock_01897,Bilayer,Blue,154.792,179.7432,219.2998,-0.126489,0.753826
mock_01898,Trilayer,Purple-Blue,127.6963,147.8271,209.2861,-0.160619,0.893277
mock_01899,Bulk,Yellow,187.6387,165.875,121.8096,-0.322766,4.98838
mock_01900,Trilayer,Purple-Blue,127.3994,147.8115,209.5742,-0.170837,0.992974
mock_01901,Monolayer,Light Blue,189.9424,204.3203,237.4287,-0.056721,0.377423
mock_01902,Bilayer,Blue,154.4121,179.3994,219.5957,-0.110102,0.660112
mock_01903,Trilayer,Purple-Blue,127.2842,147.4014,209.583,-0.15573,1.041509
mock_01904,Monolayer,Light Blue,189.0479,204.125,237.9072,-0.046152,0.287866
mock_01905,Monolayer,Light Blue,189.2402,204.8535,237.2656,-0.06678,0.21707
mock_01906,Bilayer,Blue,154.4062,179.5322,219.3145,-0.089747,0.527793
mock_01907,Bilayer,Blue,154.9297,179.2949,219.415,-0.107213,0.703665
mock_01908,Few Layers,Green,114.8623,169.5342,149.2402,-0.228864,2.152182
mock_01909,Trilayer,Purple-Blue,127.3447,147.2793,209.4961,-0.150559,0.960225
mock_01910,Bilayer,Blue,154.1543,179.0449,219.6426,-0.096636,0.632612
mock_01911,Trilayer,Purple-Blue,127.0898,147.2822,210.1035,-0.1567,1.044277
mock_01912,Bulk,Yellow,187.625,165.4922,121.8672,-0.329623,5.051498
mock_01913,Monolayer,Light Blue,189.1465,205.0303,238.0557,-0.073622,0.171887
mock_01914,Monolayer,Light Blue,189.6318,204.2324,236.9531,-0.063326,0.386655
mock_01915,Bilayer,Blue,154.7646,179.1396,219.5,-0.098504,0.643069
mock_01916,Few Layers,Green,114.5645,169.8203,149.3389,-0.24266,2.29017
mock_01917,Bilayer,Blue,154.8525,179.5332,219.7988,-0.098102,0.455626
mock_01918,Trilayer,Purple-Blue,127.4619,147.5312,209.1885,-0.148143,0.944856
mock_01919,Bilayer,Blue,153.6016,179.5674,219.4229,-0.094192,0.698982
mock_01920,Trilayer,Purple-Blue,127.5947,147.6836,209.085,-0.155933,0.916184
mock_01921,Trilayer,Purple-Blue,127.4355,147.6035,209.126,-0.151598,1.019494
mock_01922,Trilayer,Purple-Blue,127.1162,147.7119,209.4873,-0.157119,0.97089
mock_01923,Few Layers,Green,114.4883,169.5186,148.9531,-0.231835,2.214634
mock_01924,Trilayer,Purple-Blue,127.5801,147.5098,209.626,-0.164518,0.842686
mock_01925,Few Layers,Green,114.0381,169.4805,149.4512,-0.265387,2.165148
mock_01926,Monolayer,Light Blue,189.165,204.1992,237.7979,-0.054241,0.442592
mock_01927,Monolayer,Light Blue,189.5771,204.0537,237.7441,-0.061348,0.185054
mock_01928,Bilayer,Blue,154.6377,179.502,219.4922,-0.077389,0.578026
mock_01929,Few Layers,Green,114.0811,170.0166,149.9365,-0.229276,2.016119
mock_01930,Few Layers,Green,114.4814,169.415,149.2695,-0.202813,2.114035
mock_01931,Bulk,Yellow,187.3975,165.7842,121.7822,-0.33265,5.033941
mock_01932,Monolayer,Light Blue,189.7988,204.3447,237.0684,-0.046945,0.227231
mock_01933,Bilayer,Blue,154.1387,179.875,219.8594,-0.112945,0.581329
mock_01934,Trilayer,Purple-Blue,127.459,147.6133,209.2822,-0.1788,1.092013
mock_01935,Few Layers,Green,114.2266,169.3691,149.5039,-0.248146,2.357618
mock_01936,Trilayer,Purple-Blue,127.5127,147.5352,209.5381,-0.165932,1.009745
mock_01937,Bilayer,Blue,153.9941,179.3906,219.165,-0.103329,0.580368
mock_01938,Few Layers,Green,113.6875,169.6123,149.2959,-0.243411,2.246605
mock_01939,Bilayer,Blue,154.7686,179.0723,219.7305,-0.100824,0.433831
mock_01940,Trilayer,Purple-Blue,127.835,147.4443,209.2822,-0.138044,1.107298
mock_01941,Few Layers,Green,114.752,170.002,149.8682,-0.221716,2.232319
mock_01942,Monolayer,Light Blue,189.5225,204.291,237.7363,-0.041624,0.392455
mock_01943,Few Layers,Green,114.6562,169.3916,149.6172,-0.226134,2.192651
mock_01944,Monolayer,Light Blue,189.7939,204.4268,237.1494,-0.027469,0.390546
mock_01945,Bilayer,Blue,154.1846,179.1523,219.6641,-0.099175,0.676828
mock_01946,Trilayer,Purple-Blue,127.625,147.5068,209.7266,-0.159178,1.009208
mock_01947,Monolayer,Light Blue,189.5781,204.0928,237.7988,-0.032126,0.277156
mock_01948,Few Layers,Green,114.5371,169.3115,150.04,-0.224137,2.168336
mock_01949,Bulk,Yellow,186.9795,165.832,121.5713,-0.320925,4.930088
mock_01950,Bilayer,Blue,154.8975,179.7529,219.7637,-0.087048,0.585532
mock_01951,Few Layers,Green,114.5508,169.5742,149.3711,-0.234699,2.270199
mock_01952,Monolayer,Light Blue,189.4521,204.5156,237.8018,-0.030667,0.353986
mock_01953,Bilayer,Blue,154.625,179.4531,219.7158,-0.123753,0.649015
mock_01954,Trilayer,Purple-Blue,127.6748,147.5557,209.0664,-0.185344,1.052023
mock_01955,Monolayer,Light Blue,189.7803,204.3936,237.5449,-0.048599,0.347181
mock_01956,Monolayer,Light Blue,189.0254,204.5107,237.7275,-0.055688,0.302443
mock_01957,Monolayer,Light Blue,189.5947,204.2168,237.0977,-0.070134,0.381238
mock_01958,Monolayer,Light Blue,189.2773,205.2266,237.4062,-0.050574,0.226064
mock_01959,Few Layers,Green,114.3721,169.4131,149.6172,-0.229241,2.08621
mock_01960,Few Layers,Green,114.5303,169.3496,149.6641,-0.227701,2.071422
mock_01961,Monolayer,Light Blue,189.9238,205.0811,237.5762,-0.048603,0.306741
mock_01962,Few Layers,Green,114.5938,169.624,149.6572,-0.252789,2.297233
mock_01963,Trilayer,Purple-Blue,127.875,147.3242,209.5371,-0.158835,1.020087
mock_01964,Few Layers,Green,115.3242,169.5264,149.5859,-0.225376,1.982275
mock_01965,Bulk,Yellow,187.6289,165.626,121.5479,-0.303378,4.913301
mock_01966,Bilayer,Blue,154.1709,179.459,219.4473,-0.097073,0.814028
mock_01967,Bilayer,Blue,154.3652,179.8496,219.3945,-0.097532,0.71438
mock_01968,Monolayer,Light Blue,189.4199,204.3262,237.6006,-0.073155,0.475585
mock_01969,Bulk,Yellow,187.3486,166.0596,121.4189,-0.310761,4.875195
mock_01970,Bilayer,Blue,153.9551,179.5791,219.7139,-0.080073,0.820815
mock_01971,Monolayer,Light Blue,189.5049,204.541,237.1904,-0.067843,0.423629
mock_01972,Monolayer,Light Blue,189.6035,204.3828,237.1807,-0.026076,0.26916
mock_01973,Trilayer,Purple-Blue,127.6719,147.4844,209.7559,-0.145514,1.017571
mock_01974,Trilayer,Purple-Blue,127.583,147.6846,209.8398,-0.170891,1.089757
mock_01975,Bilayer,Blue,154.8701,179.4346,219.6699,-0.114523,0.724925
mock_01976,Bulk,Yellow,187.8271,165.3096,121.2646,-0.320393,5.177638
mock_01977,Trilayer,Purple-Blue,127.2451,147.8652,209.6475,-0.145651,0.993867
mock_01978,Bulk,Yellow,187.4121,165.2773,121.7744,-0.283818,4.877362
mock_01979,Bilayer,Blue,154.3037,179.9229,219.2256,-0.100469,0.609998
mock_01980,Bulk,Yellow,187.8945,165.6377,121.5117,-0.329845,4.956768
mock_01981,Few Layers,Green,114.5918,169.5625,149.3945,-0.241373,2.280371
mock_01982,Monolayer,Light Blue,189.6182,204.2363,237.126,-0.055361,0.402797
mock_01983,Monolayer,Light Blue,189.5186,204.6406,237.6982,-0.05906,0.33403
mock_01984,Few Layers,Green,114.2578,169.5732,149.5225,-0.251011,2.234298
mock_01985,Bilayer,Blue,154.3037,179.7939,219.2031,-0.079263,0.654165
mock_01986,Few Layers,Green,114.5986,169.1328,149.5557,-0.22647,2.19747
mock_01987,Trilayer,Purple-Blue,127.3535,147.959,209.6348,-0.171178,0.982245
mock_01988,Bilayer,Blue,154.3936,179.0996,219.6016,-0.085704,0.60902
mock_01989,Bilayer,Blue,154.7656,179.5117,219.7207,-0.084729,0.624045
mock_01990,Trilayer,Purple-Blue,127.248,147.4551,209.6104,-0.180122,1.148703
mock_01991,Trilayer,Purple-Blue,127.2285,147.5986,209.2705,-0.159021,0.990249
mock_01992,Bilayer,Blue,154.9131,179.4414,219.3486,-0.117667,0.538058
mock_01993,Bilayer,Blue,154.3887,179.123,219.5225,-0.079845,0.614798
mock_01994,Bilayer,Blue,154.6406,179.5967,219.6631,-0.114579,0.45619
mock_01995,Bilayer,Blue,154.3682,179.2939,219.7607,-0.09733,0.578498
mock_01996,Monolayer,Light Blue,188.6582,204.8584,237.9434,-0.049485,0.431255
mock_01997,Trilayer,Purple-Blue,127.7412,147.2803,209.1924,-0.139017,1.031143
mock_01998,Few Layers,Green,114.4609,169.1816,149.4697,-0.233126,2.11403
mock_01999,Bilayer,Blue,154.4648,179.3242,219.3984,-0.100862,0.708816
mock_02000,Trilayer,Purple-Blue,127.7178,147.3604,209.6006,-0.174243,0.975546
mock_02001,Few Layers,Green,114.707,170.3125,149.3594,-0.244432,2.15733
mock_02002,Monolayer,Light Blue,189.167,204.6865,237.8604,-0.031855,0.171312
mock_02003,Bulk,Yellow,187.1768,165.5195,121.3896,-0.304861,5.084467
mock_02004,Monolayer,Light Blue,189.2979,204.415,237.6973,-0.033148,0.377578
mock_02005,Few Layers,Green,114.7266,169.3848,149.8359,-0.239798,2.208506
mock_02006,Monolayer,Light Blue,189.7275,204.668,237.3037,-0.061247,0.194858
mock_02007,Bilayer,Blue,154.0752,179.7939,219.7227,-0.113137,0.663695
mock_02008,Few Layers,Green,114.2383,169.1416,149.4014,-0.243255,2.244232
mock_02009,Monolayer,Light Blue,189.7539,204.207,237.3867,-0.064684,0.205516
mock_02010,Trilayer,Purple-Blue,127.9648,147.3408,209.709,-0.141751,1.063129
mock_02011,Bilayer,Blue,154.4062,179.7207,219.3975,-0.104328,0.56345
mock_02012,Bilayer,Blue,154.6826,179.7764,219.3672,-0.102112,0.645487
mock_02013,Bilayer,Blue,154.5,179.21,219.7158,-0.074281,0.6887
mock_02014,Few Layers,Green,115.0576,169.752,149.6279,-0.222484,2.179861
mock_02015,Few Layers,Green,114.0273,169.4961,149.4443,-0.251758,2.240265
mock_02016,Bilayer,Blue,154.7314,179.5742,219.502,-0.113363,0.704671
mock_02017,Bilayer,Blue,154.6309,179.2744,219.5791,-0.10156,0.8636
mock_02018,Monolayer,Light Blue,189.582,204.5654,237.1904,-0.061414,0.267641
mock_02019,Bulk,Yellow,187.4092,165.9277,121.1025,-0.350795,5.086725
mock_02020,Bilayer,Blue,154.2979,179.5176,219.3857,-0.097219,0.614023
mock_02021,Few Layers,Green,114.0908,169.1387,149.9922,-0.224516,2.250131
mock_02022,Few Layers,Green,114.5,169.6924,149.8203,-0.242076,2.130381
mock_02023,Few Layers,Green,113.7373,169.8301,149.3525,-0.248126,2.382444
mock_02024,Bulk,Yellow,187.6045,165.5283,121.8945,-0.305007,4.932913
mock_02025,Bulk,Yellow,187.7793,165.3965,121.3232,-0.315793,5.024781
mock_02026,Trilayer,Purple-Blue,127.6484,147.6182,209.9678,-0.1549,1.036874
mock_02027,Monolayer,Light Blue,189.4922,204.3164,237.2725,-0.055441,0.168096
mock_02028,Trilayer,Purple-Blue,127.3584,147.6504,208.9023,-0.188869,1.023012
mock_02029,Few Layers,Green,114.3301,169.7734,149.2754,-0.247484,2.266188
mock_02030,Few Layers,Green,114.0225,169.8604,149.5547,-0.257986,2.215589
mock_02031,Trilayer,Purple-Blue,127.1377,147.7793,209.5312,-0.178107,0.842128
mock_02032,Trilayer,Purple-Blue,127.3604,147.584,209.3857,-0.16855,1.029144
mock_02033,Few Layers,Green,114.7861,169.4014,149.5527,-0.234232,2.275309
mock_02034,Few Layers,Green,114.3076,169.6973,149.5557,-0.217042,2.287936
mock_02035,Monolayer,Light Blue,189.2871,204.8105,237.7246,-0.046027,0.359086
mock_02036,Monolayer,Light Blue,189.6836,204.1035,237.4092,-0.043407,0.327454
mock_02037,Few Layers,Green,114.7891,169.7568,149.4297,-0.266729,2.377172
mock_02038,Few Layers,Green,114.3311,169.168,149.6875,-0.221747,1.968343
mock_02039,Monolayer,Light Blue,189.4697,204.7461,237.4805,-0.058225,0.476973
mock_02040,Monolayer,Light Blue,189.7129,204.7344,237.7861,-0.046326,0.419795
mock_02041,Monolayer,Light Blue,189.7275,204.3428,237.7051,-0.031272,0.334407
mock_02042,Bilayer,Blue,154.6641,179.7617,219.9229,-0.124582,0.491391
mock_02043,Monolayer,Light Blue,189.2969,204.7451,237.4922,-0.02803,0.257083
mock_02044,Bulk,Yellow,187.3584,165.415,121.3711,-0.345227,4.905822
mock_02045,Monolayer,Light Blue,189.541,204.3994,237.1387,-0.011524,0.369138
mock_02046,Monolayer,Light Blue,189.166,204.334,237.415,-0.047164,0.393205
mock_02047,Few Layers,Green,114.4873,169.6279,149.4121,-0.281063,2.131642
mock_02048,Monolayer,Light Blue,189.3652,204.5322,237.2021,-0.046419,0.316242
mock_02049,Bulk,Yellow,187.499,165.3848,121.793,-0.331457,4.864713
mock_02050,Trilayer,Purple-Blue,127.1094,148.0557,209.6914,-0.161115,1.081824
mock_02051,Trilayer,Purple-Blue,127.4824,147.4336,209.2969,-0.159449,0.960207
mock_02052,Few Layers,Green,114.6436,169.4238,149.7207,-0.250685,2.249544
mock_02053,Few Layers,Green,114.4229,169.3877,149.3281,-0.238984,2.26021
mock_02054,Trilayer,Purple-Blue,127.1162,147.7031,209.1807,-0.164028,1.073491
mock_02055,Few Layers,Green,114.7627,169.7334,149.7324,-0.242749,2.039952
mock_02056,Bilayer,Blue,154.5352,179.416,219.1621,-0.08475,0.639365
mock_02057,Trilayer,Purple-Blue,127.5957,147.5664,209.3389,-0.137607,1.170497
mock_02058,Trilayer,Purple-Blue,127.8145,147.6758,209.9033,-0.130006,1.054233
mock_02059,Bilayer,Blue,154.5977,179.7578,219.6201,-0.114233,0.520882
mock_02060,Bilayer,Blue,154.5088,179.8457,219.5029,-0.10624,0.616517
mock_02061,Bilayer,Blue,154.6084,179.04,219.3945,-0.112602,0.665043
mock_02062,Bulk,Yellow,187.3662,165.752,121.6318,-0.343053,4.977948
mock_02063,Few Layers,Green,114.3408,169.4434,149.8398,-0.234083,2.184452
mock_02064,Bilayer,Blue,154.916,179.4141,219.5576,-0.096931,0.672599
mock_02065,Monolayer,Light Blue,189.3828,204.5029,237.2168,-0.026928,0.24433
mock_02066,Bulk,Yellow,187.6455,165.6631,121.0098,-0.32661,4.995227
mock_02067,Bulk,Yellow,187.5918,165.6367,121.5166,-0.327441,4.909604
mock_02068,Monolayer,Light Blue,189.2354,204.7598,237.1035,-0.059853,0.200454
mock_02069,Bulk,Yellow,186.9961,165.6182,121.498,-0.331381,4.902833
mock_02070,Trilayer,Purple-Blue,127.5635,147.501,209.2812,-0.145364,0.829338
mock_02071,Few Layers,Green,114.4531,169.3027,149.5107,-0.263669,2.168143
mock_02072,Few Layers,Green,114.6631,170.0107,149.4121,-0.226823,2.218411
mock_02073,Monolayer,Light Blue,189.6689,204.4336,237.9482,-0.085751,0.22387
mock_02074,Bilayer,Blue,154.4482,179.6846,219.29,-0.126549,0.664036
mock_02075,Monolayer,Light Blue,189.3887,204.2432,237.626,-0.057219,0.301945
mock_02076,Monolayer,Light Blue,189.7266,204.7373,237.3193,-0.053179,0.291565
mock_02077,Monolayer,Light Blue,189.5127,204.7725,237.2012,-0.031445,0.257704
mock_02078,Trilayer,Purple-Blue,127.5693,147.5859,209.3594,-0.158245,1.026534
mock_02079,Bilayer,Blue,154.0908,179.5332,219.2822,-0.094122,0.706068
mock_02080,Bulk,Yellow,187.5215,166.0137,121.5342,-0.297638,5.034394
mock_02081,Bulk,Yellow,187.4082,165.4609,121.5996,-0.332882,4.849218
mock_02082,Few Layers,Green,114.666,169.5186,149.5605,-0.234715,2.124981
mock_02083,Bulk,Yellow,187.4111,166.0713,121.7002,-0.319326,5.061728
mock_02084,Monolayer,Light Blue,189.5244,204.4355,237.2861,-0.049787,0.271437
mock_02085,Bulk,Yellow,187.4492,165.4375,121.8877,-0.322173,5.136749
mock_02086,Few Layers,Green,113.9688,169.3301,149.3105,-0.23187,2.187246
mock_02087,Monolayer,Light Blue,189.5605,203.9473,237.5518,-0.047884,0.334624
mock_02088,Bilayer,Blue,154.6445,179.4648,219.3662,-0.116694,0.454206
mock_02089,Trilayer,Purple-Blue,127.4014,147.1982,209.333,-0.15879,1.098684
mock_02090,Trilayer,Purple-Blue,128.0586,147.7178,209.4375,-0.175605,0.778979
mock_02091,Monolayer,Light Blue,189.542,204.5107,237.7373,-0.072069,0.359991
mock_02092,Trilayer,Purple-Blue,127.6885,147.5068,209.5615,-0.159035,1.045092
mock_02093,Trilayer,Purple-Blue,127.6895,147.8281,209.4453,-0.155,1.131612
mock_02094,Monolayer,Light Blue,189.9365,204.4443,237.1025,-0.036945,0.343477
mock_02095,Bulk,Yellow,187.6904,165.626,121.4287,-0.282778,4.981123
mock_02096,Few Layers,Green,114.4736,169.4609,149.3867,-0.252448,2.197084
mock_02097,Bilayer,Blue,154.4316,179.3906,219.6738,-0.11483,0.659124
mock_02098,Few Layers,Green,114.3359,169.4287,149.2578,-0.230491,2.258164
mock_02099,Monolayer,Light Blue,189.96,204.4326,237.0908,-0.068725,0.358472
mock_02100,Monolayer,Light Blue,188.7637,204.5098,237.5527,-0.060318,0.126382
mock_02101,Bulk,Yellow,187.4648,165.4844,121.8262,-0.314753,4.945423
mock_02102,Bilayer,Blue,154.2754,179.4414,219.0156,-0.082929,0.736734
mock_02103,Bilayer,Blue,154.4521,179.248,219.0654,-0.090476,0.520826
mock_02104,Trilayer,Purple-Blue,127.7383,147.7773,209.3945,-0.164214,0.894399
mock_02105,Bilayer,Blue,154.1523,179.3252,219.4365,-0.114175,0.631896
mock_02106,Bilayer,Blue,154.3916,179.3955,219.0684,-0.085188,0.770735
mock_02107,Bulk,Yellow,187.8027,165.3193,121.8516,-0.349217,4.910245
mock_02108,Monolayer,Light Blue,189.5566,204.8447,237.4053,-0.04995,0.339033
mock_02109,Monolayer,Light Blue,189.7334,204.4561,237.8564,-0.05579,0.343209
mock_02110,Monolayer,Light Blue,189.4775,204.4678,237.5586,-0.052962,0.365516
mock_02111,Trilayer,Purple-Blue,127.9688,147.5977,209.0547,-0.148487,1.10094
mock_02112,Bulk,Yellow,187.2852,165.3535,121.7803,-0.307413,5.06442
mock_02113,Bilayer,Blue,154.04,179.6719,218.9385,-0.126132,0.648976
mock_02114,Bilayer,Blue,154.7188,179.2852,219.2637,-0.119223,0.645446
mock_02115,Monolayer,Light Blue,189.6377,204.0498,237.4775,-0.022627,0.333085
mock_02116,Monolayer,Light Blue,189.7383,204.6748,237.5342,-0.055878,0.281247
mock_02117,Few Layers,Green,114.5283,169.6436,149.5195,-0.240802,2.142284
mock_02118,Few Layers,Green,114.9199,169.1621,149.7061,-0.234891,2.232289
mock_02119,Bilayer,Blue,154.498,179.7627,219.2959,-0.116933,0.647996
mock_02120,Bilayer,Blue,154.6572,179.5479,219.7402,-0.110437,0.716311
mock_02121,Trilayer,Purple-Blue,127.4971,147.3809,209.6768,-0.184037,0.985648
mock_02122,Few Layers,Green,114.6953,169.4385,149.2627,-0.224571,2.187934
mock_02123,Monolayer,Light Blue,189.4219,204.248,237.6494,-0.043507,0.341519
mock_02124,Few Layers,Green,113.8867,169.6758,148.8682,-0.251136,2.130301
mock_02125,Bulk,Yellow,187.3682,165.7666,121.5918,-0.327894,4.984624
mock_02126,Bilayer,Blue,154.3213,179.9619,219.4277,-0.107032,0.761489
mock_02127,Bilayer,Blue,154.6572,179.7607,219.6348,-0.110141,0.545659
mock_02128,Bulk,Yellow,187.3643,165.1992,121.4619,-0.303647,5.011066
mock_02129,Monolayer,Light Blue,189.2871,204.7285,237.2041,-0.044886,0.25411
mock_02130,Bulk,Yellow,187.2354,165.2158,121.3975,-0.333365,4.979995
mock_02131,Few Layers,Green,114.3447,169.2109,149.0664,-0.225739,2.236006
mock_02132,Bulk,Yellow,187.4639,165.583,121.7256,-0.30801,5.026323
mock_02133,Bilayer,Blue,154.8369,179.6152,219.8516,-0.056771,0.537021
mock_02134,Few Layers,Green,114.335,169.8467,149.3369,-0.234066,2.265833
mock_02135,Trilayer,Purple-Blue,127.5596,147.3984,209.6914,-0.163536,0.812615
mock_02136,Monolayer,Light Blue,189.3975,204.2314,237.4609,-0.037548,0.386485
mock_02137,Bilayer,Blue,154.1533,179.9443,219.2666,-0.098022,0.737016
mock_02138,Bilayer,Blue,154.5771,179.5615,219.333,-0.086184,0.680766
mock_02139,Trilayer,Purple-Blue,127.6455,147.3965,209.7549,-0.171848,1.102721
mock_02140,Trilayer,Purple-Blue,127.8213,147.6689,209.7422,-0.157161,1.025617
mock_02141,Trilayer,Purple-Blue,127.4307,147.4189,209.6143,-0.163104,1.072878
mock_02142,Few Layers,Green,114.75,169.75,149.5342,-0.270679,2.210215
mock_02143,Trilayer,Purple-Blue,127.7568,147.0195,209.1484,-0.150138,1.01936
mock_02144,Trilayer,Purple-Blue,127.3301,147.7959,208.9971,-0.174867,0.991112
mock_02145,Bilayer,Blue,154.6367,180.0098,219.7344,-0.087226,0.570604
mock_02146,Bilayer,Blue,154.8701,179.6953,219.918,-0.118555,0.589232
mock_02147,Bulk,Yellow,187.2695,165.7598,121.1875,-0.307657,4.992676
mock_02148,Bilayer,Blue,154.5596,179.4277,219.5615,-0.101084,0.460221
mock_02149,Trilayer,Purple-Blue,127.5547,147.9512,209.7773,-0.166926,0.784744
mock_02150,Few Layers,Green,114.3086,169.3945,149.3018,-0.231194,2.271275
mock_02151,Trilayer,Purple-Blue,127.832,147.3389,209.3447,-0.140392,0.922689
mock_02152,Few Layers,Green,114.8594,169.5713,149.3652,-0.215266,2.158371
mock_02153,Bilayer,Blue,154.3877,179.8643,219.5742,-0.112268,0.758902
mock_02154,Trilayer,Purple-Blue,127.458,147.2598,209.3701,-0.168782,0.899032
mock_02155,Bilayer,Blue,154.4814,179.7549,219.5234,-0.126121,0.635592
mock_02156,Bulk,Yellow,186.9463,165.7305,121.6094,-0.313124,5.081962
mock_02157,Bilayer,Blue,154.5488,179.542,219.918,-0.091188,0.560073
mock_02158,Trilayer,Purple-Blue,127.3584,147.1611,209.4941,-0.151713,0.847694
mock_02159,Monolayer,Light Blue,189.0156,204.5898,237.1621,-0.04885,0.386865
mock_02160,Monolayer,Light Blue,189.3359,205.082,237.5244,-0.050359,0.301354
mock_02161,Monolayer,Light Blue,189.5693,204.585,236.8281,-0.038729,0.301291
mock_02162,Monolayer,Light Blue,190.0479,204.0439,237.0391,-0.049042,0.202958
mock_02163,Bulk,Yellow,187.3867,165.5068,121.5068,-0.338464,5.071711
mock_02164,Bulk,Yellow,187.3662,165.7119,121.6504,-0.322294,4.909055
mock_02165,Bulk,Yellow,187.1885,165.4512,122.0947,-0.33317,4.986897
mock_02166,Few Layers,Green,114.5469,169.4033,149.6104,-0.25074,2.266185
mock_02167,Few Layers,Green,114.3965,169.0273,148.7939,-0.241801,2.162096
mock_02168,Trilayer,Purple-Blue,127.4844,147.1572,209.627,-0.165786,0.908151
mock_02169,Few Layers,Green,114.4863,169.8135,149.417,-0.258124,2.099977
mock_02170,Few Layers,Green,114.3672,169.5264,149.4541,-0.246458,2.357871
mock_02171,Trilayer,Purple-Blue,127.3369,147.5,209.209,-0.15179,0.860714
mock_02172,Trilayer,Purple-Blue,127.6201,147.3164,209.5742,-0.152943,1.064642
mock_02173,Trilayer,Purple-Blue,127.5068,147.4678,210.1191,-0.181255,1.109597
mock_02174,Bulk,Yellow,187.0605,165.2266,121.7871,-0.314572,5.027018
mock_02175,Bulk,Yellow,187.3838,165.4561,121.0576,-0.327201,4.929751
mock_02176,Bilayer,Blue,154.8818,179.4854,219.2002,-0.128011,0.772815
mock_02177,Monolayer,Light Blue,189.6533,204.0273,237.3066,-0.059257,0.347483
mock_02178,Bulk,Yellow,188.0605,165.0732,121.5449,-0.346752,4.938458
mock_02179,Bilayer,Blue,154.499,179.5605,219.4326,-0.101478,0.583054
mock_02180,Bilayer,Blue,154.251,179.7197,219.5371,-0.084219,0.605875
mock_02181,Monolayer,Light Blue,189.5947,204.4355,237.4307,-0.038309,0.213204
mock_02182,Bulk,Yellow,187.4639,165.3887,121.75,-0.327729,5.124378
mock_02183,Trilayer,Purple-Blue,127.6045,147.8691,209.6885,-0.151745,0.991825
mock_02184,Monolayer,Light Blue,189.4385,204.3896,237.3301,-0.020124,0.335054
mock_02185,Bulk,Yellow,187.8408,165.1982,121.6445,-0.29922,4.839088
mock_02186,Bulk,Yellow,187.3818,165.5332,121.6172,-0.301196,4.89404
mock_02187,Few Layers,Green,114.2891,169.7695,149.626,-0.242244,2.264576
mock_02188,Bilayer,Blue,154.4404,179.4561,219.8525,-0.11282,0.767421
mock_02189,Few Layers,Green,114.3643,169.4404,149.5,-0.236532,2.283344
mock_02190,Trilayer,Purple-Blue,127.6309,147.8525,209.9414,-0.161763,0.926852
mock_02191,Bulk,Yellow,187.0811,165.5811,121.2871,-0.295991,4.878298
mock_02192,Bulk,Yellow,187.1377,165.5254,122.0498,-0.306859,5.054538
mock_02193,Few Layers,Green,114.2998,169.7881,149.4873,-0.253073,2.222735
mock_02194,Monolayer,Light Blue,189.4238,204.6309,237.2207,-0.042174,0.415978
mock_02195,Bilayer,Blue,154.2764,179.7197,219.3965,-0.104569,0.703322
mock_02196,Bulk,Yellow,187.6123,165.4375,121.9502,-0.319,5.066057
mock_02197,Bulk,Yellow,187.1494,165.2598,121.4473,-0.336872,4.946594
mock_02198,Bilayer,Blue,154.3691,179.6084,219.8311,-0.110072,0.726263
mock_02199,Trilayer,Purple-Blue,127.7412,147.2471,209.4209,-0.159838,1.098072
mock_02200,Few Layers,Green,114.4883,169.75,149.4834,-0.242647,2.170829
mock_02201,Few Layers,Green,114.374,169.4863,149.1084,-0.228665,2.122595
mock_02202,Bilayer,Blue,154.6406,179.5156,219.4385,-0.081178,0.732925
mock_02203,Monolayer,Light Blue,189.4961,204.6631,236.9883,-0.053838,0.310224
mock_02204,Bulk,Yellow,187.0537,165.9082,121.2734,-0.302948,4.936958
mock_02205,Bilayer,Blue,154.6289,179.7422,219.3574,-0.097145,0.557462
mock_02206,Monolayer,Light Blue,189.2471,204.1982,238.0508,-0.073134,0.382599
mock_02207,Bulk,Yellow,187.418,165.0879,121.2812,-0.358942,5.04143
mock_02208,Trilayer,Purple-Blue,127.2285,147.4307,209.7656,-0.181297,0.947354
mock_02209,Bulk,Yellow,187.1211,165.4082,121.2861,-0.300765,4.968382
mock_02210,Bulk,Yellow,187.1025,165.2002,121.8369,-0.323298,4.935028
mock_02211,Monolayer,Light Blue,189.6309,204.5527,237.457,-0.048062,0.290556
mock_02212,Bulk,Yellow,187.5244,165.6787,121.9043,-0.29933,5.001451
mock_02213,Bilayer,Blue,154.6611,179.5332,219.625,-0.121311,0.760884
mock_02214,Monolayer,Light Blue,189.6436,204.5742,237.3164,-0.013744,0.29091
mock_02215,Bulk,Yellow,187.6016,165.376,121.5801,-0.307803,5.033356
mock_02216,Few Layers,Green,114.3125,169.2607,149.7275,-0.257224,2.255567
mock_02217,Few Layers,Green,114.5674,169.498,149.5107,-0.237048,2.272741
mock_02218,Trilayer,Purple-Blue,127.3887,147.9766,209.5898,-0.144221,1.049634
mock_02219,Trilayer,Purple-Blue,126.9746,147.083,209.4512,-0.164231,1.134041
mock_02220,Monolayer,Light Blue,189.2979,204.8096,237.4512,-0.070739,0.275795
mock_02221,Trilayer,Purple-Blue,127.7549,147.4121,209.3516,-0.157171,1.009102
mock_02222,Trilayer,Purple-Blue,127.2881,147.8174,209.0479,-0.165249,0.967931
mock_02223,Trilayer,Purple-Blue,127.5322,147.6982,209.6309,-0.178005,1.007319
mock_02224,Monolayer,Light Blue,189.5889,204.6309,237.3545,-0.046676,0.378004
mock_02225,Few Layers,Green,114.5,169.6074,149.8438,-0.242458,2.126001
mock_02226,Monolayer,Light Blue,189.5586,204.5488,237.7441,-0.046853,0.186832
mock_02227,Few Layers,Green,114.3867,169.4434,149.3379,-0.223146,2.116787
mock_02228,Monolayer,Light Blue,188.9844,204.6826,237.6855,-0.041476,0.230934
mock_02229,Bilayer,Blue,153.9971,179.2607,220.0127,-0.106307,0.791087
mock_02230,Few Layers,Green,114.4854,169.1924,149.5059,-0.254852,2.090924
mock_02231,Bilayer,Blue,154.1826,179.7158,219.5039,-0.071696,0.754708
mock_02232,Monolayer,Light Blue,189.9668,204.7158,237.3848,-0.049568,0.355524
mock_02233,Bilayer,Blue,154.4062,179.5234,219.1348,-0.069324,0.685861
mock_02234,Monolayer,Light Blue,189.4844,204.6611,237.4873,-0.058677,0.295934
mock_02235,Few Layers,Green,114.6846,169.3213,149.124,-0.236318,2.199332
mock_02236,Few Layers,Green,114.4854,169.667,149.3848,-0.230152,2.250535
mock_02237,Bulk,Yellow,187.25,165.4746,121.3721,-0.325847,5.036917
mock_02238,Trilayer,Purple-Blue,127.5303,147.6982,208.9375,-0.17393,0.854623
mock_02239,Bilayer,Blue,154.1299,179.4199,219.5684,-0.118336,0.466063
mock_02240,Trilayer,Purple-Blue,127.5742,147.3496,209.4688,-0.145764,1.029184
mock_02241,Few Layers,Green,114.5381,169.3438,149.3682,-0.209972,2.200487
mock_02242,Monolayer,Light Blue,189.8369,204.4453,237.4473,-0.050989,0.411587
mock_02243,Bulk,Yellow,187.2988,165.2637,121.7451,-0.310814,5.099482
mock_02244,Bulk,Yellow,187.71,165.126,121.4033,-0.299146,4.9321
mock_02245,Monolayer,Light Blue,189.4863,204.6777,237.7998,-0.044535,0.297232
mock_02246,Few Layers,Green,114.8994,169.4854,149.3506,-0.234352,2.155567
mock_02247,Trilayer,Purple-Blue,127.7295,147.7559,209.3066,-0.160472,0.997386
mock_02248,Trilayer,Purple-Blue,127.6113,147.5996,209.3389,-0.189631,0.982156
mock_02249,Few Layers,Green,114.4902,169.2295,149.6318,-0.208991,2.366282
mock_02250,Bulk,Yellow,187.3604,165.0479,121.2354,-0.34895,5.188402
mock_02251,Trilayer,Purple-Blue,127.4551,147.4619,209.6602,-0.147876,1.101339
mock_02252,Few Layers,Green,114.293,169.3916,149.5312,-0.25735,2.160234
mock_02253,Bulk,Yellow,187.4609,165.5,121.8525,-0.325454,5.034274
mock_02254,Few Layers,Green,114.625,169.4043,149.8467,-0.206464,2.106143
mock_02255,Few Layers,Green,114.6807,169.5156,149.4346,-0.268959,2.165025
mock_02256,Monolayer,Light Blue,189.4248,204.6982,237.374,-0.038982,0.488095
mock_02257,Bulk,Yellow,187.7764,165.9268,121.1543,-0.33082,5.070793
mock_02258,Monolayer,Light Blue,189.5547,204.2529,237.9297,-0.058336,0.285893
mock_02259,Few Layers,Green,114.7529,169.415,149.7842,-0.264301,2.238101
mock_02260,Trilayer,Purple-Blue,127.458,147.4707,209.4072,-0.171931,0.898337
mock_02261,Trilayer,Purple-Blue,127.7256,147.7012,209.5381,-0.15063,0.876734
mock_02262,Few Layers,Green,114.5771,169.6279,149.5791,-0.231961,2.123932
mock_02263,Bilayer,Blue,154.1025,179.3076,219.627,-0.080526,0.675229
mock_02264,Monolayer,Light Blue,189.124,204.3145,237.6855,-0.032084,0.312657
mock_02265,Monolayer,Light Blue,189.4424,204.3936,237.4033,-0.054435,0.295357
mock_02266,Trilayer,Purple-Blue,127.2959,147.4141,209.4404,-0.163942,0.916623
mock_02267,Bilayer,Blue,154.417,179.6064,219.2656,-0.111267,0.687626
mock_02268,Bilayer,Blue,154.2021,179.7988,219.4951,-0.115197,0.670849
mock_02269,Few Layers,Green,114.5713,170.1709,149.7656,-0.243916,2.372018
mock_02270,Monolayer,Light Blue,189.4131,204.5371,237.6768,-0.054911,0.313548
mock_02271,Few Layers,Green,114.8789,169.8457,149.1846,-0.255372,2.106094
mock_02272,Monolayer,Light Blue,189.1201,204.499,237.5771,-0.064847,0.213933
mock_02273,Monolayer,Light Blue,189.1387,204.3955,237.3125,-0.031177,0.236485
mock_02274,Bilayer,Blue,154.0059,179.6582,219.6982,-0.093826,0.710806
mock_02275,Bulk,Yellow,187.1572,165.3271,121.8418,-0.309194,4.998242
mock_02276,Trilayer,Purple-Blue,127.543,147.8604,209.333,-0.185026,0.8143
mock_02277,Trilayer,Purple-Blue,127.7686,147.4756,209.7832,-0.161359,1.092478
mock_02278,Bilayer,Blue,154.4727,179.6621,219.8271,-0.097707,0.781796
mock_02279,Few Layers,Green,114.2051,169.373,149.8584,-0.248382,2.127871
mock_02280,Few Layers,Green,114.6641,169.6396,149.9531,-0.240548,2.177349
mock_02281,Trilayer,Purple-Blue,127.167,147.3037,209.4043,-0.186603,1.061083
mock_02282,Few Layers,Green,114.2305,169.4814,149.2471,-0.237107,2.116843
mock_02283,Monolayer,Light Blue,189.001,204.2129,237.5635,-0.050218,0.308073
mock_02284,Bulk,Yellow,187.6221,165.4912,121.1523,-0.31347,4.925675
mock_02285,Few Layers,Green,114.54,169.874,149.2158,-0.230113,2.164375
mock_02286,Monolayer,Light Blue,189.5078,204.5361,237.002,-0.061694,0.250157
mock_02287,Bilayer,Blue,154.332,179.373,219.0195,-0.102424,0.627142
mock_02288,Trilayer,Purple-Blue,127.291,147.458,209.2607,-0.175148,0.966603
mock_02289,Monolayer,Light Blue,189.5918,204.3936,237.4922,-0.064994,0.405637
mock_02290,Few Layers,Green,114.7129,169.5361,149.5312,-0.229607,2.245108
mock_02291,Bilayer,Blue,154.5771,179.1992,219.4053,-0.083908,0.650201
mock_02292,Few Layers,Green,114.5459,169.292,149.5762,-0.247942,2.164539
mock_02293,Bulk,Yellow,187.417,165.2158,121.6074,-0.303541,5.074868
mock_02294,Trilayer,Purple-Blue,127.0176,147.4668,209.627,-0.165973,1.008771
mock_02295,Trilayer,Purple-Blue,127.5986,147.4326,209.1865,-0.133576,0.951583
mock_02296,Bilayer,Blue,154.5977,179.4473,219.418,-0.085295,0.671253
mock_02297,Monolayer,Light Blue,189.5352,204.1152,237.1035,-0.04898,0.428181
mock_02298,Monolayer,Light Blue,189.2539,204.2588,237.6211,-0.050368,0.245796
mock_02299,Monolayer,Light Blue,189.2998,204.5811,237.2529,-0.067155,0.282538
mock_02300,Monolayer,Light Blue,190.0059,204.335,237.3193,-0.026016,0.423805
mock_02301,Monolayer,Light Blue,189.042,204.5449,237.4863,-0.063183,0.354791
mock_02302,Trilayer,Purple-Blue,127.5234,147.8154,209.2275,-0.15982,0.954625
mock_02303,Monolayer,Light Blue,189.8125,204.0889,237.0469,-0.075926,0.328441
mock_02304,Bulk,Yellow,187.4922,165.5264,121.6309,-0.303193,4.986584
mock_02305,Monolayer,Light Blue,189.8311,204.2998,237.3447,-0.052047,0.331722
mock_02306,Bilayer,Blue,154.8838,179.4766,219.4639,-0.149088,0.541744
mock_02307,Monolayer,Light Blue,189.623,204.7021,237.5371,-0.04333,0.353457
mock_02308,Monolayer,Light Blue,189.5137,204.5342,237.5703,-0.050649,0.303779
mock_02309,Bulk,Yellow,187.6904,165.3027,121.6318,-0.35714,4.948922
mock_02310,Bilayer,Blue,154.7539,179.9365,219.5342,-0.124745,0.686194
mock_02311,Monolayer,Light Blue,189.2441,204.1279,237.5176,-0.084285,0.383398
mock_02312,Trilayer,Purple-Blue,127.918,147.335,209.1621,-0.172728,1.040018
mock_02313,Bilayer,Blue,154.5537,180.1172,219.6494,-0.09286,0.51478
mock_02314,Bilayer,Blue,154.4883,179.5771,219.0713,-0.116452,0.728666
mock_02315,Monolayer,Light Blue,189.2373,205.0283,237.0811,-0.026363,0.32724
mock_02316,Monolayer,Light Blue,188.7666,204.4834,237.5322,-0.052,0.384154
mock_02317,Few Layers,Green,114.5791,169.0547,149.623,-0.256469,2.052086
mock_02318,Trilayer,Purple-Blue,127.2432,147.4404,209.7129,-0.157976,0.956048
mock_02319,Bilayer,Blue,154.207,179.6963,219.5605,-0.084741,0.786649
mock_02320,Monolayer,Light Blue,189.6123,204.5605,237.4551,-0.072317,0.300591
mock_02321,Bilayer,Blue,154.5752,179.8135,219.3555,-0.091772,0.696597
mock_02322,Monolayer,Light Blue,189.8633,204.5049,237.3232,-0.034749,0.351548
mock_02323,Monolayer,Light Blue,189.499,204.3203,238.1465,-0.044663,0.41823
mock_02324,Trilayer,Purple-Blue,126.9219,147.9834,209.3506,-0.139983,1.025385
mock_02325,Bilayer,Blue,154.4648,179.6934,219.4326,-0.105385,0.682965
mock_02326,Bilayer,Blue,154.416,179.9014,219.2324,-0.091009,0.650608
mock_02327,Bulk,Yellow,187.209,165.5068,121.3496,-0.292639,4.901566
mock_02328,Bulk,Yellow,187.3916,165.2217,121.5479,-0.324325,5.15822
mock_02329,Trilayer,Purple-Blue,127.252,147.5127,209.3496,-0.142183,1.03189
mock_02330,Few Layers,Green,114.5186,169.7402,149.541,-0.231521,2.132048
mock_02331,Monolayer,Light Blue,189.3105,204.6035,236.791,-0.060252,0.433777
mock_02332,Trilayer,Purple-Blue,127.002,147.6123,209.9199,-0.181199,0.98941
mock_02333,Bilayer,Blue,154.3633,179.625,219.7012,-0.079907,0.717053
mock_02334,Bulk,Yellow,187.4512,165.29,121.1104,-0.317129,5.005213
mock_02335,Bilayer,Blue,154.665,179.875,219.3691,-0.079117,0.726266
mock_02336,Monolayer,Light Blue,189.5391,204.4844,237.3105,-0.040091,0.234013
mock_02337,Bulk,Yellow,187.2227,165.3242,121.0361,-0.311011,5.06877
mock_02338,Bulk,Yellow,187.5332,165.7451,121.4482,-0.321443,4.890262
mock_02339,Trilayer,Purple-Blue,127.4355,147.5156,209.5488,-0.179025,0.990876
mock_02340,Bulk,Yellow,187.5596,165.3623,120.9824,-0.326639,5.030748
mock_02341,Few Layers,Green,114.5791,169.1123,149.3457,-0.245744,2.29083
mock_02342,Bulk,Yellow,187.6055,165.6855,121.4951,-0.297141,5.098374
mock_02343,Few Layers,Green,114.6914,169.1309,149.2598,-0.225991,2.243139
mock_02344,Bilayer,Blue,154.9053,179.5537,219.1162,-0.115409,0.58491
mock_02345,Bilayer,Blue,154.3037,179.2598,219.3164,-0.106877,0.621889
mock_02346,Monolayer,Light Blue,189.3135,204.8125,237.8633,-0.050867,0.384766
mock_02347,Bilayer,Blue,155.0244,179.8662,219.4062,-0.104019,0.719677
mock_02348,Bilayer,Blue,154.2822,179.5332,219.6357,-0.12936,0.668362
mock_02349,Bulk,Yellow,187.915,165.0791,121.3623,-0.336713,4.990584
mock_02350,Bulk,Yellow,187.6416,165.3242,121.5625,-0.300663,5.115798
mock_02351,Monolayer,Light Blue,189.6748,204.8086,237.8359,-0.042226,0.396368
mock_02352,Few Layers,Green,114.25,169.0361,149.6123,-0.258336,2.003968
mock_02353,Bilayer,Blue,154.7607,179.7783,219.873,-0.086358,0.642582
mock_02354,Bulk,Yellow,187.458,164.9902,122.0127,-0.30741,5.196884
mock_02355,Monolayer,Light Blue,189.5723,204.4111,237.543,-0.052096,0.374468
mock_02356,Trilayer,Purple-Blue,127.749,147.5625,209.5762,-0.167587,0.988064
mock_02357,Few Layers,Green,114.5645,169.6104,149.583,-0.229413,2.352447
mock_02358,Few Layers,Green,114.5049,169.3838,149.7041,-0.240555,2.132804
mock_02359,Bilayer,Blue,154.4932,179.5605,219.499,-0.11742,0.640018
mock_02360,Bulk,Yellow,187.6494,165.7002,121.6777,-0.320477,4.985301
mock_02361,Bilayer,Blue,154.6475,179.8398,219.626,-0.084148,0.667158
mock_02362,Few Layers,Green,114.415,169.7373,149.3926,-0.242329,2.068078
mock_02363,Few Layers,Green,114.335,169.3672,149.5029,-0.243292,2.193986
mock_02364,Bilayer,Blue,154.9277,179.1416,219.499,-0.095691,0.61657
mock_02365,Trilayer,Purple-Blue,127.2236,147.29,209.1758,-0.140624,0.984089
mock_02366,Few Layers,Green,114.5371,169.3428,149.416,-0.24564,2.132235
mock_02367,Bilayer,Blue,154.9844,179.6133,219.6572,-0.129517,0.528383
mock_02368,Trilayer,Purple-Blue,127.5645,147.3623,209.498,-0.153249,0.918903
mock_02369,Trilayer,Purple-Blue,127.4922,147.4512,209.248,-0.138594,0.987991
mock_02370,Bilayer,Blue,154.2285,179.5166,219.9707,-0.072451,0.636842
mock_02371,Bilayer,Blue,154.5947,179.4873,219.5381,-0.091118,0.588593
mock_02372,Monolayer,Light Blue,189.918,205.1445,237.5254,-0.063979,0.21229
mock_02373,Monolayer,Light Blue,189.4717,204.3291,237.6025,-0.057868,0.231962
mock_02374,Bulk,Yellow,187.3994,165.3955,121.2852,-0.308725,4.794866
mock_02375,Monolayer,Light Blue,189.625,204.8809,237.3955,-0.064056,0.358397
mock_02376,Bulk,Yellow,187.2969,165.7715,121.7275,-0.3295,5.08084
mock_02377,Few Layers,Green,114.126,169.6602,149.5967,-0.233993,2.082666
mock_02378,Monolayer,Light Blue,189.4355,204.3174,237.3916,-0.080473,0.264491
mock_02379,Trilayer,Purple-Blue,127.4395,147.7354,209.8086,-0.168648,0.903917
mock_02380,Trilayer,Purple-Blue,127.5439,147.5322,209.5625,-0.18269,1.045917
mock_02381,Few Layers,Green,114.1289,169.5283,149.4688,-0.245343,2.182465
mock_02382,Few Layers,Green,114.458,169.668,149.7764,-0.270278,2.218375
mock_02383,Monolayer,Light Blue,189.6797,204.6631,237.6934,-0.048974,0.335669
mock_02384,Bilayer,Blue,154.7412,179.3623,219.4141,-0.119626,0.628181
mock_02385,Monolayer,Light Blue,189.2764,204.46,237.5479,-0.032927,0.335331
mock_02386,Few Layers,Green,114.8398,169.6855,149.0938,-0.212322,2.196342
mock_02387,Bilayer,Blue,154.7617,179.5449,219.3252,-0.093587,0.571103
mock_02388,Monolayer,Light Blue,189.4395,204.5215,237.5664,-0.046585,0.285645
mock_02389,Few Layers,Green,114.1592,169.2373,148.9834,-0.267025,2.210808
mock_02390,Bulk,Yellow,187.2041,165.3447,121.8047,-0.303369,5.029774
mock_02391,Bilayer,Blue,154.5693,179.8115,219.4688,-0.110256,0.733064
mock_02392,Bulk,Yellow,187.5137,165.3936,121.6602,-0.321636,4.940439
mock_02393,Trilayer,Purple-Blue,127.335,147.5791,209.4268,-0.129588,0.958588
mock_02394,Few Layers,Green,114.7061,169.5996,149.1885,-0.231252,2.052974
mock_02395,Few Layers,Green,114.374,169.8242,149.666,-0.260548,2.182059
mock_02396,Monolayer,Light Blue,189.6055,204.293,237.6836,-0.057009,0.373204
mock_02397,Bilayer,Blue,154.4053,179.6377,219.6885,-0.105304,0.722269
mock_02398,Few Layers,Green,114.6768,169.7969,149.4648,-0.240605,2.181366
mock_02399,Bilayer,Blue,154.7656,179.5977,219.5967,-0.075753,0.677719
mock_02400,Monolayer,Light Blue,189.9092,204.7197,236.9707,-0.033357,0.318476
mock_02401,Trilayer,Purple-Blue,127.6865,147.1445,209.3213,-0.17091,0.865845
mock_02402,Trilayer,Purple-Blue,127.5986,147.4492,209.3389,-0.160358,0.952122
mock_02403,Trilayer,Purple-Blue,127.8086,147.2021,209.0361,-0.160464,0.971785
mock_02404,Few Layers,Green,114.3457,170.0293,149.5996,-0.253117,2.163146
mock_02405,Few Layers,Green,114.5801,169.4521,150.1387,-0.248929,2.146986
mock_02406,Bulk,Yellow,187.6309,165.6406,121.7842,-0.307651,4.93254
mock_02407,Few Layers,Green,114.4668,169.5947,149.6152,-0.252704,2.109729
mock_02408,Bulk,Yellow,187.084,165.2354,121.6602,-0.319381,5.071398
mock_02409,Few Layers,Green,114.4922,169.248,150.0771,-0.259211,2.234689
mock_02410,Bulk,Yellow,187.9697,165.8135,121.3926,-0.320002,5.055335
mock_02411,Bulk,Yellow,187.5859,165.4258,121.4502,-0.298989,4.985823
mock_02412,Trilayer,Purple-Blue,127.5186,148.0322,209.6348,-0.166689,0.969966
mock_02413,Bilayer,Blue,154.8037,179.4443,219.2539,-0.088314,0.700537
mock_02414,Bilayer,Blue,154.9258,179.668,219.8184,-0.082829,0.622356
mock_02415,Few Layers,Green,114.2354,169.9932,149.1748,-0.210343,2.295774
mock_02416,Trilayer,Purple-Blue,127.3623,147.6309,209.3721,-0.168923,0.953275
mock_02417,Trilayer,Purple-Blue,127.3203,147.7549,209.6084,-0.134475,1.056237
mock_02418,Bulk,Yellow,187.3672,165.2168,121.625,-0.308863,5.073569
mock_02419,Bilayer,Blue,154.2881,179.4307,219.2109,-0.112453,0.590389
mock_02420,Monolayer,Light Blue,189.249,204.3438,237.7061,-0.03925,0.222551
mock_02421,Trilayer,Purple-Blue,127.8301,147.3359,209.1982,-0.171685,1.014068
mock_02422,Bulk,Yellow,187.2998,165.3359,121.5029,-0.327314,4.969696
mock_02423,Monolayer,Light Blue,189.4121,204.1611,237.3682,-0.049191,0.404823
mock_02424,Few Layers,Green,114.8613,169.6113,149.124,-0.252481,2.095984
mock_02425,Few Layers,Green,114.4414,169.6172,149.4443,-0.236547,2.246981
mock_02426,Bilayer,Blue,154.6309,179.5557,219.625,-0.100891,0.522599
mock_02427,Few Layers,Green,114.5293,169.8047,149.9795,-0.250068,2.097814
mock_02428,Trilayer,Purple-Blue,127.1855,147.5938,209.5449,-0.174644,0.980049
mock_02429,Bulk,Yellow,187.1377,165.959,121.0586,-0.326626,5.132968
mock_02430,Monolayer,Light Blue,189.3213,204.5186,237.7139,-0.059023,0.24917
mock_02431,Few Layers,Green,114.3301,169.5557,149.3232,-0.224544,2.333635
mock_02432,Monolayer,Light Blue,189.3672,204.3955,237.4834,-0.051528,0.315541
mock_02433,Bulk,Yellow,187.7129,165.1094,121.3838,-0.303023,5.07724
mock_02434,Monolayer,Light Blue,189.4268,204.4062,237.4463,-0.047865,0.388084
mock_02435,Trilayer,Purple-Blue,127.5488,147.6045,209.7451,-0.132069,1.127546
mock_02436,Few Layers,Green,114.5127,169.4531,149.5996,-0.219105,2.254028
mock_02437,Bilayer,Blue,154.8301,179.9199,219.3691,-0.075302,0.664397
mock_02438,Few Layers,Green,114.6465,169.0176,149.3203,-0.226375,2.145915
mock_02439,Bulk,Yellow,187.5381,165.5879,121.1426,-0.342145,5.070276
mock_02440,Trilayer,Purple-Blue,127.708,147.5117,209.2744,-0.187676,1.042456
mock_02441,Bulk,Yellow,187.5615,165.667,121.6338,-0.330282,4.933914
mock_02442,Trilayer,Purple-Blue,127.3203,147.3984,209.3311,-0.164041,0.970269
mock_02443,Bilayer,Blue,154.4639,179.3135,219.627,-0.090731,0.764767
mock_02444,Bulk,Yellow,187.8779,164.9961,121.333,-0.312772,5.142989
mock_02445,Few Layers,Green,114.2002,168.9902,149.8477,-0.230642,2.310021
mock_02446,Bilayer,Blue,154.0645,179.8291,219.6152,-0.028408,0.641468
mock_02447,Trilayer,Purple-Blue,127.0,147.2676,209.8037,-0.173819,0.918106
mock_02448,Few Layers,Green,114.9189,169.6963,149.3857,-0.201642,2.241086
mock_02449,Bilayer,Blue,154.9736,179.4277,219.7402,-0.083435,0.575144
mock_02450,Monolayer,Light Blue,189.4424,204.71,237.417,-0.033184,0.280925
mock_02451,Trilayer,Purple-Blue,127.6592,147.5986,209.0654,-0.147875,1.02709
mock_02452,Trilayer,Purple-Blue,127.7344,147.5859,209.3262,-0.151987,1.116496
mock_02453,Few Layers,Green,114.6348,169.9121,149.8594,-0.249891,2.1435
mock_02454,Trilayer,Purple-Blue,127.1162,147.3027,209.3867,-0.173641,1.064451
mock_02455,Bulk,Yellow,187.5889,165.0479,122.0703,-0.296213,4.966487
mock_02456,Bilayer,Blue,154.4463,179.6299,219.5605,-0.103145,0.60887
mock_02457,Few Layers,Green,114.8994,169.5635,149.5967,-0.218761,2.330203
mock_02458,Few Layers,Green,114.5742,169.2764,149.416,-0.248568,2.15849
mock_02459,Bilayer,Blue,153.959,179.7861,219.3262,-0.084371,0.65297
mock_02460,Bilayer,Blue,153.9863,179.7783,219.627,-0.118434,0.584535
mock_02461,Trilayer,Purple-Blue,127.9004,147.3223,209.6338,-0.155485,1.049322
mock_02462,Bulk,Yellow,187.6475,165.4346,121.2568,-0.316442,4.868013
mock_02463,Bilayer,Blue,154.7236,179.7617,219.418,-0.087509,0.653939
mock_02464,Monolayer,Light Blue,189.3965,204.2373,237.2051,-0.054165,0.303206
mock_02465,Monolayer,Light Blue,189.2803,204.1133,237.0146,-0.034446,0.313232
mock_02466,Bilayer,Blue,154.7822,179.6797,219.6992,-0.105559,0.628762
mock_02467,Few Layers,Green,114.333,169.5557,149.0537,-0.242158,2.277604
mock_02468,Monolayer,Light Blue,189.7266,204.7471,237.4854,-0.063281,0.290178
mock_02469,Bulk,Yellow,187.1074,165.3535,121.9316,-0.331451,5.03969
mock_02470,Trilayer,Purple-Blue,127.2939,147.6963,209.708,-0.158984,0.977032
mock_02471,Bilayer,Blue,154.5039,179.2139,219.7637,-0.119285,0.691157
mock_02472,Trilayer,Purple-Blue,127.0996,147.4629,209.7168,-0.164668,0.954099
mock_02473,Bulk,Yellow,187.7656,165.1396,120.96,-0.317638,4.875798
mock_02474,Bulk,Yellow,187.3672,165.3447,121.6338,-0.312427,4.926163
mock_02475,Trilayer,Purple-Blue,127.2188,147.4102,209.8086,-0.171971,1.181212
mock_02476,Bulk,Yellow,187.7246,165.4004,121.4414,-0.307236,4.998548
mock_02477,Trilayer,Purple-Blue,127.6738,147.6357,209.6699,-0.149956,0.889238
mock_02478,Monolayer,Light Blue,189.8691,204.9336,237.415,-0.04807,0.419383
mock_02479,Bilayer,Blue,154.7852,179.5176,219.0449,-0.114097,0.644472
mock_02480,Trilayer,Purple-Blue,127.6289,147.2969,209.5049,-0.147944,1.073893
mock_02481,Trilayer,Purple-Blue,127.5547,147.5938,209.6455,-0.176551,0.958696
mock_02482,Few Layers,Green,114.6553,169.374,149.6504,-0.236016,2.031338
mock_02483,Few Layers,Green,114.125,169.4775,149.4688,-0.251277,2.124858
mock_02484,Bilayer,Blue,154.791,179.4336,219.3516,-0.094975,0.669595
mock_02485,Bulk,Yellow,187.2256,165.6279,121.5898,-0.303837,4.97674
mock_02486,Bilayer,Blue,154.293,179.7275,219.7607,-0.118548,0.607368
mock_02487,Trilayer,Purple-Blue,127.627,147.4092,209.5615,-0.148723,0.980162
mock_02488,Bilayer,Blue,154.1621,179.1992,219.1396,-0.102967,0.684948
mock_02489,Few Layers,Green,114.5176,169.7109,149.0645,-0.22402,2.276746
mock_02490,Bilayer,Blue,154.3652,179.2764,219.4111,-0.105703,0.675826
mock_02491,Monolayer,Light Blue,189.6895,204.4775,236.4736,-0.069434,0.311793
mock_02492,Bilayer,Blue,154.7969,179.5195,219.2246,-0.085014,0.694232
mock_02493,Bilayer,Blue,154.7988,179.3574,219.2568,-0.09453,0.677404
mock_02494,Few Layers,Green,114.9883,169.6377,149.0537,-0.256942,2.160037
mock_02495,Bulk,Yellow,187.2881,165.627,121.6543,-0.318845,4.94379
mock_02496,Trilayer,Purple-Blue,127.5205,147.5986,210.1182,-0.158847,1.016717
mock_02497,Bulk,Yellow,187.9385,165.4336,120.9268,-0.303634,5.10747
mock_02498,Monolayer,Light Blue,189.3799,204.46,237.332,-0.044684,0.337216
mock_02499,Few Layers,Green,114.1943,168.8994,149.4678,-0.216749,2.188067
mock_02500,Few Layers,Green,114.6357,169.6309,149.5,-0.221712,2.164476
mock_02501,Bilayer,Blue,154.2168,179.6885,218.8516,-0.109996,0.634077
mock_02502,Monolayer,Light Blue,189.4482,204.7988,237.458,-0.0491,0.330652
mock_02503,Few Layers,Green,114.6064,169.4316,148.8145,-0.241562,2.140952
mock_02504,Trilayer,Purple-Blue,127.4941,147.334,209.0303,-0.140783,1.04686
mock_02505,Bilayer,Blue,154.3555,179.4678,219.4531,-0.093291,0.57591
mock_02506,Monolayer,Light Blue,189.1016,204.6523,237.3418,-0.028696,0.249671
mock_02507,Few Layers,Green,114.542,169.5166,149.584,-0.244645,2.212978
mock_02508,Trilayer,Purple-Blue,127.2432,147.3047,209.6494,-0.180986,0.867583
mock_02509,Few Layers,Green,114.7656,169.5459,149.3223,-0.230818,2.12577
mock_02510,Few Layers,Green,114.4707,169.5166,149.1543,-0.238537,2.195809
mock_02511,Bulk,Yellow,187.0537,165.2197,121.7344,-0.321419,4.861704
mock_02512,Few Layers,Green,114.4248,169.2666,149.5693,-0.235098,2.106742
mock_02513,Monolayer,Light Blue,189.3789,204.6406,237.3418,-0.043861,0.315297
mock_02514,Trilayer,Purple-Blue,127.7188,147.832,209.333,-0.16315,1.072966
mock_02515,Monolayer,Light Blue,189.2881,204.6172,237.6758,-0.040122,0.459637
mock_02516,Monolayer,Light Blue,189.8047,204.4854,237.5977,-0.066112,0.229689
mock_02517,Monolayer,Light Blue,189.541,205.1387,237.6484,-0.037643,0.451515
mock_02518,Bulk,Yellow,187.8125,165.3105,121.2139,-0.322126,4.826364
mock_02519,Monolayer,Light Blue,189.5146,204.1221,237.4951,-0.041092,0.343488
mock_02520,Monolayer,Light Blue,189.2256,204.6709,237.1787,-0.022558,0.328154
mock_02521,Few Layers,Green,114.249,169.5312,149.3604,-0.236894,2.279704
mock_02522,Few Layers,Green,114.3086,169.376,149.5264,-0.251262,2.134039
mock_02523,Trilayer,Purple-Blue,127.3623,147.3877,209.458,-0.134956,1.004819
mock_02524,Bilayer,Blue,154.5693,179.0078,219.3301,-0.135717,0.593547
mock_02525,Monolayer,Light Blue,189.6377,203.9023,237.5664,-0.056221,0.228093
mock_02526,Bilayer,Blue,154.4082,179.6914,220.1533,-0.103653,0.594038
mock_02527,Few Layers,Green,114.2197,169.6777,148.9326,-0.256308,2.200592
mock_02528,Monolayer,Light Blue,189.6533,204.6279,237.5303,-0.026058,0.391834
mock_02529,Trilayer,Purple-Blue,127.6738,146.9062,209.3145,-0.161207,0.983303
mock_02530,Trilayer,Purple-Blue,127.498,147.541,209.5547,-0.147738,0.825328
mock_02531,Few Layers,Green,114.6904,169.3672,149.5264,-0.248702,2.314439
mock_02532,Bulk,Yellow,187.4053,165.2646,121.2744,-0.308002,4.959983
mock_02533,Bilayer,Blue,154.4062,179.5615,219.832,-0.090053,0.71797
mock_02534,Monolayer,Light Blue,189.6006,204.7324,237.332,-0.027105,0.275468
mock_02535,Few Layers,Green,114.7832,169.1562,149.7822,-0.234159,2.034632
mock_02536,Monolayer,Light Blue,189.7217,204.4053,237.2158,-0.070171,0.400266
mock_02537,Few Layers,Green,114.3867,169.2617,149.5547,-0.251141,2.288143
mock_02538,Few Layers,Green,114.1934,169.2402,149.2461,-0.229863,2.302095
mock_02539,Trilayer,Purple-Blue,127.2373,147.4287,209.3203,-0.151566,1.091032
mock_02540,Bulk,Yellow,187.6504,165.2256,121.7236,-0.295056,4.964238
mock_02541,Trilayer,Purple-Blue,127.5029,147.6455,209.29,-0.163958,0.920362
mock_02542,Monolayer,Light Blue,189.1318,204.5742,237.7021,-0.045927,0.293249
mock_02543,Monolayer,Light Blue,188.833,204.4814,237.6172,-0.039522,0.459973
mock_02544,Trilayer,Purple-Blue,127.2861,147.1289,209.2656,-0.147578,0.926891
mock_02545,Monolayer,Light Blue,189.4229,204.2441,237.6914,-0.07007,0.218766
mock_02546,Monolayer,Light Blue,189.252,204.6104,237.4844,-0.052497,0.303569
mock_02547,Bilayer,Blue,154.2764,179.377,219.4434,-0.113945,0.60948
mock_02548,Trilayer,Purple-Blue,127.5703,147.2021,209.6318,-0.15595,0.99563
mock_02549,Bilayer,Blue,154.3818,178.9941,219.4316,-0.105463,0.665289
mock_02550,Bilayer,Blue,154.9258,179.4141,219.3379,-0.10166,0.55652
mock_02551,Bulk,Yellow,187.4512,165.5381,121.3408,-0.336067,4.954146
mock_02552,Bulk,Yellow,187.3711,165.7725,121.9453,-0.30784,4.960474
mock_02553,Monolayer,Light Blue,189.4902,204.6875,237.5107,-0.052341,0.372639
mock_02554,Monolayer,Light Blue,189.207,204.5479,237.3633,-0.053822,0.379984
mock_02555,Monolayer,Light Blue,189.4775,204.54,237.2275,-0.03888,0.333063
mock_02556,Bilayer,Blue,154.6816,179.7734,219.5244,-0.087171,0.779049
mock_02557,Bulk,Yellow,187.7109,165.6436,121.3223,-0.31466,5.076726
mock_02558,Bilayer,Blue,154.624,179.4346,219.4131,-0.120774,0.628583
mock_02559,Monolayer,Light Blue,189.6387,204.2656,237.2959,-0.051853,0.336535
mock_02560,Bulk,Yellow,187.4287,165.6064,121.3994,-0.302835,4.999014
mock_02561,Trilayer,Purple-Blue,127.6211,148.0381,209.5615,-0.157803,0.982408
mock_02562,Few Layers,Green,114.5928,169.7031,149.3252,-0.212154,2.263014
mock_02563,Monolayer,Light Blue,188.9297,204.7715,237.7969,-0.044725,0.435682
mock_02564,Trilayer,Purple-Blue,127.0928,147.5234,208.9395,-0.150451,1.008747
mock_02565,Few Layers,Green,114.0488,169.2695,149.5352,-0.244484,2.159687
mock_02566,Monolayer,Light Blue,189.1406,204.7236,237.5391,-0.05163,0.490366
mock_02567,Few Layers,Green,114.4443,169.4102,149.6816,-0.23731,2.313576
mock_02568,Trilayer,Purple-Blue,127.6113,147.5352,209.502,-0.158144,0.920799
mock_02569,Monolayer,Light Blue,189.5879,204.4395,236.9385,-0.057458,0.29721
mock_02570,Bulk,Yellow,187.7891,165.5977,121.3506,-0.309232,5.131286
mock_02571,Monolayer,Light Blue,189.6152,204.4688,237.4121,-0.041387,0.247491
mock_02572,Trilayer,Purple-Blue,127.7227,147.7852,209.7031,-0.173976,0.941649
mock_02573,Trilayer,Purple-Blue,127.0488,148.0605,209.7236,-0.175883,1.055911
mock_02574,Few Layers,Green,114.6729,169.6934,149.1582,-0.242856,2.268527
mock_02575,Monolayer,Light Blue,189.666,204.1875,237.2803,-0.037578,0.363067
mock_02576,Few Layers,Green,114.1377,169.1729,149.6709,-0.204394,2.228057
mock_02577,Bilayer,Blue,154.4863,179.3984,219.6045,-0.077971,0.744797
mock_02578,Few Layers,Green,114.2354,169.6748,149.5879,-0.242745,2.368725
mock_02579,Trilayer,Purple-Blue,127.2861,147.4883,209.2002,-0.156521,0.985191
mock_02580,Trilayer,Purple-Blue,127.8008,147.8643,209.8623,-0.164088,1.118516
mock_02581,Monolayer,Light Blue,189.3594,205.4072,237.6172,-0.052906,0.311507
mock_02582,Bilayer,Blue,154.7578,179.5078,219.8047,-0.099087,0.694228
mock_02583,Monolayer,Light Blue,190.0898,204.4561,237.5352,-0.053635,0.302562
mock_02584,Bilayer,Blue,154.0957,179.4209,219.6396,-0.076531,0.612856
mock_02585,Trilayer,Purple-Blue,127.5264,147.7979,209.6182,-0.16123,1.099802
mock_02586,Bilayer,Blue,154.5186,179.3047,219.8047,-0.076748,0.545493
mock_02587,Trilayer,Purple-Blue,127.8271,148.0469,209.6348,-0.15845,0.891049
mock_02588,Trilayer,Purple-Blue,127.2373,147.1318,209.3916,-0.135763,1.010314
mock_02589,Bilayer,Blue,154.3496,179.0215,219.5508,-0.105521,0.605464
mock_02590,Trilayer,Purple-Blue,127.5566,147.4434,209.708,-0.14667,0.869944
mock_02591,Bilayer,Blue,154.2773,179.6973,219.3252,-0.095456,0.760892
mock_02592,Bilayer,Blue,154.5137,179.7705,219.8906,-0.107138,0.700824
mock_02593,Monolayer,Light Blue,189.3711,204.209,237.4727,-0.058173,0.172873
mock_02594,Bulk,Yellow,187.4658,165.5664,121.292,-0.333723,4.972024
mock_02595,Few Layers,Green,114.7217,169.6016,149.4014,-0.240501,2.120329
mock_02596,Bulk,Yellow,187.1758,165.583,121.4668,-0.322397,5.085806
mock_02597,Few Layers,Green,114.6133,169.834,149.0771,-0.230035,2.188598
mock_02598,Bulk,Yellow,187.8906,165.5,121.8047,-0.333785,4.840963
mock_02599,Trilayer,Purple-Blue,127.5537,147.7695,209.7305,-0.184521,0.898287
mock_02600,Monolayer,Light Blue,189.7178,204.9541,237.7588,-0.048408,0.31927
mock_02601,Monolayer,Light Blue,188.8633,204.6729,237.4971,-0.042972,0.11423
mock_02602,Monolayer,Light Blue,189.8447,204.8076,237.0303,-0.050925,0.270582
mock_02603,Bilayer,Blue,154.2695,179.7266,219.585,-0.104335,0.628199
mock_02604,Monolayer,Light Blue,189.7236,204.5381,237.7432,-0.046952,0.283543
mock_02605,Bulk,Yellow,187.542,165.0039,121.6348,-0.317255,5.023313
mock_02606,Few Layers,Green,114.5039,169.0742,149.4014,-0.246597,2.18253
mock_02607,Bulk,Yellow,186.9189,165.2949,121.6318,-0.334093,5.102484
mock_02608,Few Layers,Green,115.1348,169.4316,149.4502,-0.261153,2.237329
mock_02609,Monolayer,Light Blue,189.5264,204.7969,237.3096,-0.056725,0.296574
mock_02610,Monolayer,Light Blue,189.542,204.3887,237.4717,-0.06085,0.487771
mock_02611,Few Layers,Green,114.5498,170.1436,149.5967,-0.231901,2.182428
mock_02612,Monolayer,Light Blue,189.6602,204.7188,237.4688,-0.04851,0.429061
mock_02613,Few Layers,Green,114.4756,169.5234,149.5479,-0.233812,2.089636
mock_02614,Bilayer,Blue,154.4414,179.1211,219.6162,-0.069698,0.538479
mock_02615,Trilayer,Purple-Blue,127.5186,147.8301,209.8193,-0.170368,0.936385
mock_02616,Trilayer,Purple-Blue,127.0107,147.4932,209.668,-0.165572,0.921525
mock_02617,Monolayer,Light Blue,189.5332,204.5078,237.6758,-0.041965,0.326026
mock_02618,Few Layers,Green,114.3467,169.4863,149.3809,-0.22607,2.134529
mock_02619,Monolayer,Light Blue,189.0088,204.2783,237.8975,-0.057393,0.392707
mock_02620,Bilayer,Blue,154.4541,179.8945,219.2012,-0.106174,0.757425
mock_02621,Few Layers,Green,114.7393,169.6367,149.4307,-0.243113,2.163388
mock_02622,Few Layers,Green,114.1279,169.4756,149.7539,-0.23372,2.175165
mock_02623,Bilayer,Blue,154.6523,180.0537,219.7979,-0.120218,0.799841
mock_02624,Trilayer,Purple-Blue,127.7324,147.5059,209.4492,-0.15336,1.089371
mock_02625,Monolayer,Light Blue,189.4697,204.501,237.5049,-0.046077,0.248073
mock_02626,Trilayer,Purple-Blue,127.8564,147.7676,209.2256,-0.183835,0.893977
mock_02627,Bilayer,Blue,154.1846,179.5898,219.6387,-0.101329,0.719989
mock_02628,Trilayer,Purple-Blue,127.0615,147.1406,209.3545,-0.159117,1.044071
mock_02629,Trilayer,Purple-Blue,127.4512,147.1582,209.502,-0.183542,0.957982
mock_02630,Few Layers,Green,114.5664,169.6943,149.417,-0.210994,2.118055
mock_02631,Monolayer,Light Blue,189.5039,204.5928,237.5869,-0.045402,0.400619
mock_02632,Monolayer,Light Blue,189.5947,204.5957,237.7051,-0.074196,0.200403
mock_02633,Bulk,Yellow,187.2705,165.6514,121.5889,-0.322066,5.151105
mock_02634,Few Layers,Green,115.0371,169.3652,149.4043,-0.229586,2.226577
mock_02635,Monolayer,Light Blue,189.9941,204.6445,237.5312,-0.059744,0.296417
mock_02636,Monolayer,Light Blue,189.4541,204.6309,237.5723,-0.043255,0.347628
mock_02637,Bilayer,Blue,154.6113,179.7344,219.5107,-0.079928,0.703909
mock_02638,Bilayer,Blue,154.6035,179.6143,218.9932,-0.101325,0.863643
mock_02639,Bulk,Yellow,187.4277,165.2168,121.1494,-0.314342,5.004725
mock_02640,Bulk,Yellow,187.3594,165.4756,121.3711,-0.30764,4.9963
mock_02641,Monolayer,Light Blue,189.4434,204.8115,237.5527,-0.056637,0.384998
mock_02642,Monolayer,Light Blue,189.6104,204.3857,237.7119,-0.034044,0.558557
mock_02643,Bilayer,Blue,154.2822,179.7627,219.4414,-0.073266,0.524998
mock_02644,Few Layers,Green,114.5479,169.8457,149.6865,-0.249982,2.173864
mock_02645,Monolayer,Light Blue,189.5049,204.334,237.4814,-0.049116,0.282599
mock_02646,Trilayer,Purple-Blue,127.9375,147.0244,209.6367,-0.177496,0.920731
mock_02647,Bilayer,Blue,154.4795,179.7461,219.5898,-0.095009,0.675714
mock_02648,Monolayer,Light Blue,189.5205,204.7871,237.5781,-0.049403,0.432317
mock_02649,Few Layers,Green,114.3662,169.7236,149.6035,-0.234403,2.237219
mock_02650,Bulk,Yellow,187.1279,164.8467,121.5039,-0.314333,4.99543
mock_02651,Bulk,Yellow,187.6904,165.6514,121.168,-0.329629,5.053901
mock_02652,Bulk,Yellow,187.2529,165.4541,121.2559,-0.314931,4.867387
mock_02653,Bulk,Yellow,187.0986,165.4941,121.6514,-0.332732,5.107489
mock_02654,Bulk,Yellow,187.5195,165.5928,121.2051,-0.324028,5.132061
mock_02655,Few Layers,Green,114.459,169.5625,149.2139,-0.231193,2.30385
mock_02656,Bilayer,Blue,154.04,179.7412,219.6738,-0.108196,0.575968
mock_02657,Monolayer,Light Blue,189.833,204.3916,237.1572,-0.032815,0.283925
mock_02658,Bilayer,Blue,153.999,179.4902,219.5537,-0.084261,0.611796
mock_02659,Bilayer,Blue,154.5391,179.8096,219.7881,-0.094955,0.503348
mock_02660,Trilayer,Purple-Blue,127.418,147.9639,209.3516,-0.167653,1.047751
mock_02661,Monolayer,Light Blue,189.6875,204.7012,237.6328,-0.043778,0.398712
mock_02662,Few Layers,Green,114.751,168.9668,149.5381,-0.232683,2.207618
mock_02663,Bulk,Yellow,187.3574,165.0459,121.4375,-0.296634,4.956582
mock_02664,Few Layers,Green,114.5547,169.3008,149.8086,-0.246756,2.175167
mock_02665,Monolayer,Light Blue,189.7295,204.8809,237.5967,-0.025933,0.361035
mock_02666,Few Layers,Green,114.7764,169.5312,149.3994,-0.242131,2.173647
mock_02667,Bulk,Yellow,187.5322,165.5449,121.5947,-0.338741,5.000003
mock_02668,Monolayer,Light Blue,189.8799,204.1611,237.0771,-0.040991,0.254203
mock_02669,Few Layers,Green,114.5361,169.4619,148.9219,-0.245102,2.164899
mock_02670,Bilayer,Blue,154.6758,179.5967,219.5723,-0.127102,0.748628
mock_02671,Bilayer,Blue,154.8105,179.5049,219.2451,-0.092745,0.563348
mock_02672,Monolayer,Light Blue,189.5928,204.1855,237.6582,-0.064806,0.271005
mock_02673,Monolayer,Light Blue,189.1328,204.6035,237.2441,-0.062706,0.293002
mock_02674,Monolayer,Light Blue,189.3467,204.7803,237.5664,-0.052612,0.517424
mock_02675,Few Layers,Green,115.0596,168.9385,150.1006,-0.234119,2.323302
mock_02676,Monolayer,Light Blue,189.332,204.0869,237.5479,-0.042573,0.357922
mock_02677,Monolayer,Light Blue,189.6279,204.0654,237.3193,-0.074591,0.292405
mock_02678,Bulk,Yellow,187.6758,165.3857,121.5215,-0.31712,5.001029
mock_02679,Few Layers,Green,114.7373,169.5283,149.0215,-0.236375,2.155885
mock_02680,Trilayer,Purple-Blue,127.1973,147.752,209.791,-0.171811,1.037835
mock_02681,Trilayer,Purple-Blue,127.165,147.1191,208.7002,-0.198788,1.121201
mock_02682,Monolayer,Light Blue,189.4492,204.6279,237.6992,-0.052433,0.273584
mock_02683,Monolayer,Light Blue,190.0342,204.2891,237.3457,-0.046884,0.320865
mock_02684,Bilayer,Blue,154.5137,179.1836,219.3516,-0.123737,0.563148
mock_02685,Few Layers,Green,114.8066,169.668,149.3701,-0.184576,2.255698
mock_02686,Bilayer,Blue,154.332,179.4307,219.4824,-0.081487,0.528828
mock_02687,Trilayer,Purple-Blue,127.1582,147.3701,209.5215,-0.142576,0.940694
mock_02688,Few Layers,Green,114.4883,169.3232,149.127,-0.215967,2.224213
mock_02689,Monolayer,Light Blue,189.6191,204.1758,237.4648,-0.04546,0.338919
mock_02690,Bilayer,Blue,154.1543,179.5439,219.7607,-0.101284,0.6523
mock_02691,Few Layers,Green,114.7695,169.5029,149.5908,-0.235992,2.15467
mock_02692,Bilayer,Blue,154.3682,179.6006,219.665,-0.074247,0.506289
mock_02693,Monolayer,Light Blue,189.6689,204.6963,237.5713,-0.050584,0.269149
mock_02694,Trilayer,Purple-Blue,127.7529,147.6025,209.6758,-0.169118,1.162702
mock_02695,Few Layers,Green,114.4727,169.2021,149.6182,-0.219423,2.378769
mock_02696,Bilayer,Blue,154.127,179.501,219.1914,-0.09949,0.737148
mock_02697,Bulk,Yellow,187.7637,165.8477,120.9639,-0.28029,4.930114
mock_02698,Trilayer,Purple-Blue,127.5537,147.373,209.2402,-0.139009,0.923504
mock_02699,Few Layers,Green,114.751,169.7979,149.3262,-0.249537,2.120324
mock_02700,Monolayer,Light Blue,189.4121,204.7588,237.5635,-0.060959,0.35533
mock_02701,Trilayer,Purple-Blue,127.4639,147.5098,209.5605,-0.162664,0.851923
mock_02702,Trilayer,Purple-Blue,127.249,147.6621,209.9268,-0.17167,1.016331
mock_02703,Bilayer,Blue,154.4307,179.3877,219.6338,-0.125328,0.629745
mock_02704,Bilayer,Blue,154.1641,179.6865,219.3008,-0.094132,0.747575
mock_02705,Trilayer,Purple-Blue,127.4082,147.4844,209.3506,-0.157023,0.963047
mock_02706,Trilayer,Purple-Blue,127.498,147.2871,209.8506,-0.148327,1.003346
mock_02707,Bilayer,Blue,154.4746,178.8926,219.8242,-0.087351,0.756107
mock_02708,Trilayer,Purple-Blue,127.8027,147.5342,209.8096,-0.136799,1.062584
mock_02709,Monolayer,Light Blue,189.2324,204.3281,238.0898,-0.055336,0.511503
mock_02710,Monolayer,Light Blue,189.9014,204.6318,237.8799,-0.045961,0.298652
mock_02711,Few Layers,Green,114.5986,169.2627,149.4424,-0.244457,2.153619
mock_02712,Monolayer,Light Blue,189.1465,204.8662,237.1387,-0.061274,0.308902
mock_02713,Trilayer,Purple-Blue,127.1094,147.6562,209.6504,-0.13969,0.999667
mock_02714,Monolayer,Light Blue,189.335,204.9561,237.3936,-0.030214,0.383698
mock_02715,Bilayer,Blue,154.3311,179.9609,219.3857,-0.09985,0.700043
mock_02716,Bilayer,Blue,154.4961,179.4844,219.6367,-0.074102,0.6189
mock_02717,Monolayer,Light Blue,189.7002,203.9072,237.3545,-0.047524,0.248
mock_02718,Trilayer,Purple-Blue,127.751,147.833,209.2363,-0.171586,0.963788
mock_02719,Trilayer,Purple-Blue,127.5371,147.332,209.3262,-0.174782,1.008287
mock_02720,Bulk,Yellow,187.0889,165.4521,121.7598,-0.322585,5.071174
mock_02721,Trilayer,Purple-Blue,127.542,147.6523,209.627,-0.156422,1.061138
mock_02722,Bilayer,Blue,154.5859,179.7529,219.5957,-0.077706,0.736951
mock_02723,Few Layers,Green,114.1934,169.4854,149.4746,-0.25749,2.197832
mock_02724,Few Layers,Green,114.292,169.5303,149.6309,-0.227139,2.253341
mock_02725,Trilayer,Purple-Blue,127.7246,147.5684,209.5664,-0.155566,1.006771
mock_02726,Bulk,Yellow,187.2529,165.3652,121.707,-0.318075,5.018587
mock_02727,Bulk,Yellow,187.3916,165.6406,121.4912,-0.309692,5.148027
mock_02728,Bulk,Yellow,187.5264,165.4326,121.9482,-0.335343,5.1096
mock_02729,Few Layers,Green,114.6641,169.3896,149.2812,-0.264924,2.209004
mock_02730,Bulk,Yellow,187.5342,165.4512,121.8086,-0.32001,4.926484
mock_02731,Bulk,Yellow,187.832,165.9727,121.4512,-0.329607,5.072774
mock_02732,Monolayer,Light Blue,189.4756,204.8486,237.5986,-0.051198,0.381195
mock_02733,Trilayer,Purple-Blue,127.2334,147.7109,209.4248,-0.169429,0.947691
mock_02734,Trilayer,Purple-Blue,127.6348,147.4023,209.4951,-0.118285,1.013313
mock_02735,Few Layers,Green,114.5205,169.3799,149.6387,-0.222589,2.148248
mock_02736,Bilayer,Blue,154.6299,179.915,219.3994,-0.08298,0.656462
mock_02737,Bulk,Yellow,187.6152,165.2773,121.541,-0.347132,5.145261
mock_02738,Monolayer,Light Blue,189.3008,204.7529,237.3584,-0.041797,0.530719
mock_02739,Few Layers,Green,114.3037,169.7598,149.3018,-0.246993,2.116237
mock_02740,Few Layers,Green,114.5557,169.2646,149.1562,-0.263165,2.205778
mock_02741,Trilayer,Purple-Blue,127.6123,147.6816,209.584,-0.148119,0.992886
mock_02742,Trilayer,Purple-Blue,127.2627,147.3447,209.5029,-0.12746,1.082147
mock_02743,Monolayer,Light Blue,189.2861,204.707,237.7383,-0.047963,0.392447
mock_02744,Monolayer,Light Blue,189.4424,204.4971,237.7881,-0.068035,0.199538
mock_02745,Few Layers,Green,114.3203,169.8408,149.7188,-0.23919,2.106993
mock_02746,Trilayer,Purple-Blue,127.5811,147.5684,209.3584,-0.165804,1.068338
mock_02747,Bilayer,Blue,154.5781,179.8096,219.2852,-0.085343,0.597315
mock_02748,Few Layers,Green,114.2881,169.2822,149.1211,-0.239094,2.227958
mock_02749,Few Layers,Green,114.2373,169.4043,149.1191,-0.242135,2.28233
mock_02750,Bilayer,Blue,154.167,179.2207,219.0771,-0.111731,0.577105
mock_02751,Bilayer,Blue,154.5977,179.2871,219.7305,-0.103093,0.547624
mock_02752,Bilayer,Blue,154.6387,179.6035,219.7119,-0.09213,0.710916
mock_02753,Bilayer,Blue,154.5186,179.5947,219.3428,-0.090334,0.671125
mock_02754,Monolayer,Light Blue,189.2686,204.4268,237.2012,-0.068119,0.249788
mock_02755,Trilayer,Purple-Blue,127.4785,147.5645,209.4268,-0.160374,1.001767
mock_02756,Trilayer,Purple-Blue,127.2891,146.7686,209.6152,-0.195774,0.920396
mock_02757,Bilayer,Blue,154.4688,179.2158,219.7012,-0.114748,0.681441
mock_02758,Monolayer,Light Blue,189.9238,204.7373,237.749,-0.070261,0.355804
mock_02759,Few Layers,Green,114.5303,169.4727,149.3379,-0.216423,2.1392
mock_02760,Monolayer,Light Blue,189.749,204.6787,237.1201,-0.06367,0.399372
mock_02761,Few Layers,Green,114.4512,169.6348,149.4922,-0.229558,2.331648
mock_02762,Bilayer,Blue,154.1982,179.3398,219.5996,-0.101112,0.768395
mock_02763,Bulk,Yellow,187.5391,165.8867,121.2363,-0.321421,4.943052
mock_02764,Bulk,Yellow,187.3779,165.8926,121.7891,-0.322904,4.936253
mock_02765,Few Layers,Green,114.3945,169.6055,149.1582,-0.22454,2.310644
mock_02766,Bilayer,Blue,154.6025,179.2529,219.1494,-0.085289,0.634246
mock_02767,Bilayer,Blue,154.9307,180.04,219.3164,-0.144581,0.570733
mock_02768,Monolayer,Light Blue,190.1738,204.7451,237.4258,-0.03304,0.276099
mock_02769,Trilayer,Purple-Blue,127.3701,147.5312,209.416,-0.13554,0.845291
mock_02770,Bilayer,Blue,154.6016,179.4609,219.8027,-0.112082,0.644789
mock_02771,Bilayer,Blue,154.4199,179.4033,219.7002,-0.119197,0.704684
mock_02772,Few Layers,Green,114.4521,169.126,148.9434,-0.233743,2.298801
mock_02773,Bulk,Yellow,187.7363,165.6035,121.7178,-0.345655,4.966417
mock_02774,Monolayer,Light Blue,189.4561,204.5156,237.6416,-0.040315,0.21723
mock_02775,Monolayer,Light Blue,189.2412,204.4121,236.9424,-0.036698,0.248215
mock_02776,Bulk,Yellow,187.3613,165.4678,121.291,-0.28246,5.030386
mock_02777,Trilayer,Purple-Blue,127.7168,147.8984,209.6895,-0.168647,1.130197
mock_02778,Monolayer,Light Blue,189.6729,203.9268,237.0283,-0.069626,0.392548
mock_02779,Few Layers,Green,114.3271,169.0771,149.5234,-0.235732,2.284888
mock_02780,Few Layers,Green,115.0898,169.4404,149.3994,-0.248119,2.195254
mock_02781,Bulk,Yellow,187.6699,165.7109,121.2451,-0.291622,4.853696
mock_02782,Trilayer,Purple-Blue,127.7969,147.5859,209.3643,-0.157817,1.059308
mock_02783,Bulk,Yellow,187.1338,165.4189,121.3164,-0.309372,4.892206
mock_02784,Trilayer,Purple-Blue,127.4141,147.751,209.54,-0.149501,0.933988
mock_02785,Monolayer,Light Blue,189.4893,204.5713,237.6641,-0.058764,0.209244
mock_02786,Few Layers,Green,114.4619,169.5586,149.8154,-0.255939,2.114136
mock_02787,Monolayer,Light Blue,189.248,205.0068,237.5938,-0.031326,0.229837
mock_02788,Monolayer,Light Blue,189.0557,204.7734,237.5566,-0.04264,0.301757
mock_02789,Bilayer,Blue,154.3779,179.7314,219.4004,-0.111205,0.608476
mock_02790,Trilayer,Purple-Blue,127.4863,147.3799,209.6572,-0.159069,0.952199
mock_02791,Few Layers,Green,114.5713,169.6152,149.4453,-0.227953,2.187474
mock_02792,Few Layers,Green,114.7275,169.875,149.5596,-0.24574,2.160452
mock_02793,Few Layers,Green,114.2383,170.1543,149.6729,-0.24106,2.222719
mock_02794,Few Layers,Green,114.3721,169.3555,149.9639,-0.244105,2.282058
mock_02795,Monolayer,Light Blue,189.6611,204.8027,237.6182,-0.021473,0.3353
mock_02796,Monolayer,Light Blue,189.2178,204.3242,238.0029,-0.057456,0.370055
mock_02797,Bulk,Yellow,187.6299,165.5205,121.1992,-0.355755,5.042425
mock_02798,Bilayer,Blue,154.5635,179.6816,219.2305,-0.066844,0.674441
mock_02799,Trilayer,Purple-Blue,127.1924,147.6846,209.4844,-0.162593,0.937002
mock_02800,Few Layers,Green,114.5117,169.5674,149.5557,-0.260278,2.291096
mock_02801,Bilayer,Blue,154.7119,179.3721,219.7715,-0.114499,0.652943
mock_02802,Monolayer,Light Blue,189.5234,204.7266,237.3271,-0.062674,0.294377
mock_02803,Bulk,Yellow,187.1885,165.7568,121.6992,-0.309237,4.946496
mock_02804,Monolayer,Light Blue,189.7021,204.0576,237.1055,-0.034993,0.409071
mock_02805,Few Layers,Green,114.7285,169.9268,149.8994,-0.24962,2.023254
mock_02806,Trilayer,Purple-Blue,127.1172,147.4785,209.3975,-0.142697,0.861612
mock_02807,Bulk,Yellow,187.7627,165.5967,121.4141,-0.344953,5.093384
mock_02808,Bilayer,Blue,154.5049,179.5938,219.2891,-0.104759,0.753193
mock_02809,Trilayer,Purple-Blue,127.5293,147.459,210.0537,-0.162304,0.934532
mock_02810,Bilayer,Blue,154.5557,179.2842,219.499,-0.088522,0.584112
mock_02811,Bilayer,Blue,154.5586,179.6279,219.6572,-0.07824,0.563315
mock_02812,Monolayer,Light Blue,189.3418,204.5732,237.3877,-0.048509,0.324916
mock_02813,Monolayer,Light Blue,190.3809,204.5781,237.584,-0.076656,0.403961
mock_02814,Monolayer,Light Blue,189.6201,204.2402,237.3848,-0.043421,0.378049
mock_02815,Few Layers,Green,113.957,169.4189,149.9268,-0.263878,2.358122
mock_02816,Trilayer,Purple-Blue,127.4844,147.7002,209.7725,-0.179937,0.969735
mock_02817,Bulk,Yellow,187.6426,165.668,121.415,-0.325569,4.864716
mock_02818,Monolayer,Light Blue,189.8965,204.6143,237.457,-0.039824,0.331201
mock_02819,Monolayer,Light Blue,189.21,203.9102,237.1553,-0.034336,0.21906
mock_02820,Bulk,Yellow,187.4482,165.291,121.4863,-0.311104,4.943487
mock_02821,Monolayer,Light Blue,189.7637,204.1748,237.5342,-0.07337,0.384529
mock_02822,Monolayer,Light Blue,189.4121,204.0693,237.7705,-0.043021,0.40348
mock_02823,Monolayer,Light Blue,189.5127,204.3838,237.6455,-0.028129,0.392923
mock_02824,Bilayer,Blue,154.0928,179.6875,219.7002,-0.079964,0.565754
mock_02825,Few Layers,Green,114.7227,169.543,149.8447,-0.223945,2.276783
mock_02826,Bilayer,Blue,154.0781,179.7158,219.6816,-0.109482,0.698112
mock_02827,Bilayer,Blue,154.6729,179.3096,218.8701,-0.090057,0.581063
mock_02828,Few Layers,Green,114.7178,169.7539,149.6328,-0.238314,2.169921
mock_02829,Bulk,Yellow,187.7344,165.4277,121.499,-0.300827,5.067637
mock_02830,Bulk,Yellow,187.2891,165.2354,121.6016,-0.324012,4.963871
mock_02831,Trilayer,Purple-Blue,127.2324,147.1973,209.4277,-0.12976,0.905528
mock_02832,Monolayer,Light Blue,189.5068,204.4854,237.2529,-0.063847,0.329905
mock_02833,Trilayer,Purple-Blue,127.4062,147.4404,210.333,-0.131604,1.053032
mock_02834,Monolayer,Light Blue,189.7031,204.4131,237.1533,-0.030612,0.329196
mock_02835,Trilayer,Purple-Blue,127.5244,147.4307,209.2471,-0.155609,1.122718
mock_02836,Monolayer,Light Blue,189.6924,204.6846,237.4043,-0.051903,0.267157
mock_02837,Trilayer,Purple-Blue,127.2695,147.2158,209.7412,-0.165504,1.071407
mock_02838,Few Layers,Green,114.7676,169.3008,149.5303,-0.251081,2.301548
mock_02839,Trilayer,Purple-Blue,127.8926,148.0312,210.0107,-0.188866,1.003056
mock_02840,Bilayer,Blue,154.1602,179.0566,219.5957,-0.083058,0.788338
mock_02841,Trilayer,Purple-Blue,127.4199,147.2637,209.0459,-0.128788,0.977507
mock_02842,Trilayer,Purple-Blue,127.7012,147.416,209.3457,-0.144599,0.921773
mock_02843,Bulk,Yellow,187.0068,165.7578,121.7129,-0.324816,4.96699
mock_02844,Bulk,Yellow,187.3506,165.4785,121.3633,-0.336624,4.945988
mock_02845,Bulk,Yellow,187.6787,165.6914,121.6152,-0.331196,5.043521
mock_02846,Trilayer,Purple-Blue,127.4893,147.6211,209.1719,-0.173062,1.108192
mock_02847,Few Layers,Green,114.4639,169.2314,149.8047,-0.244149,2.217306
mock_02848,Trilayer,Purple-Blue,127.4893,147.5234,209.5283,-0.164884,0.996409
mock_02849,Monolayer,Light Blue,189.6699,204.499,237.4736,-0.05653,0.246155
mock_02850,Trilayer,Purple-Blue,127.3389,147.9033,209.0215,-0.159557,1.030509
mock_02851,Bulk,Yellow,187.5078,165.6602,121.1104,-0.331014,4.877661
mock_02852,Bilayer,Blue,154.6475,179.8799,219.3994,-0.101095,0.609094
mock_02853,Trilayer,Purple-Blue,127.5068,147.8018,209.6074,-0.141721,1.023967
mock_02854,Trilayer,Purple-Blue,127.8701,147.3047,209.7822,-0.168071,1.144407
mock_02855,Bulk,Yellow,187.0186,165.5342,121.1279,-0.323396,5.087611
mock_02856,Monolayer,Light Blue,189.5449,204.9658,237.7334,-0.039631,0.357194
mock_02857,Monolayer,Light Blue,189.4648,204.7803,237.3975,-0.044956,0.268081
mock_02858,Trilayer,Purple-Blue,127.8457,147.2637,209.457,-0.177317,1.154372
mock_02859,Bilayer,Blue,154.5771,179.958,219.7031,-0.088731,0.599794
mock_02860,Bilayer,Blue,154.582,179.3984,219.8359,-0.107405,0.842413
mock_02861,Monolayer,Light Blue,189.6816,204.332,237.5547,-0.079174,0.360709
mock_02862,Monolayer,Light Blue,189.3828,204.8594,237.6641,-0.058884,0.382175
mock_02863,Bilayer,Blue,154.7695,179.8213,220.0215,-0.082748,0.618581
mock_02864,Bilayer,Blue,154.5049,179.5801,219.0908,-0.0997,0.57367
mock_02865,Trilayer,Purple-Blue,127.2939,147.2881,209.5791,-0.172678,1.132605
mock_02866,Monolayer,Light Blue,189.6445,204.5713,237.5498,-0.045331,0.310073
mock_02867,Few Layers,Green,114.4658,169.4307,149.0234,-0.243294,2.270119
mock_02868,Monolayer,Light Blue,189.7344,204.5654,237.416,-0.038543,0.365363
mock_02869,Bilayer,Blue,154.4785,179.4736,219.3301,-0.116783,0.646932
mock_02870,Bilayer,Blue,154.6797,179.2549,219.4639,-0.064915,0.717875
mock_02871,Bilayer,Blue,154.3545,179.6064,219.3545,-0.085274,0.69592
mock_02872,Few Layers,Green,114.7041,169.1035,149.4854,-0.256815,2.159146
mock_02873,Monolayer,Light Blue,189.5762,204.3867,237.457,-0.074058,0.361587
mock_02874,Trilayer,Purple-Blue,127.748,147.1787,209.3252,-0.153112,1.047531
mock_02875,Monolayer,Light Blue,189.4395,204.751,237.7666,-0.063495,0.372056
mock_02876,Few Layers,Green,114.4951,169.8457,149.9707,-0.251941,2.151429
mock_02877,Bilayer,Blue,154.6592,179.7148,219.6572,-0.075225,0.701598
mock_02878,Monolayer,Light Blue,188.9277,204.8936,237.4736,-0.034872,0.451181
mock_02879,Bulk,Yellow,187.418,165.9502,121.5352,-0.35114,5.099779
mock_02880,Monolayer,Light Blue,189.7451,204.6777,237.5029,-0.026353,0.339026
mock_02881,Few Layers,Green,114.418,169.2705,149.7998,-0.255268,2.187271
mock_02882,Bilayer,Blue,154.665,179.8135,219.9395,-0.090772,0.603352
mock_02883,Monolayer,Light Blue,189.7109,204.5918,236.6855,-0.05448,0.288027
mock_02884,Trilayer,Purple-Blue,127.4033,147.1123,209.5674,-0.166569,0.955649
mock_02885,Monolayer,Light Blue,189.0479,204.6865,237.5234,-0.065561,0.367757
mock_02886,Trilayer,Purple-Blue,127.2656,147.4326,209.3486,-0.133683,1.141662
mock_02887,Few Layers,Green,114.3428,170.0117,149.2197,-0.233872,2.292198
mock_02888,Bilayer,Blue,154.2285,179.7754,219.5059,-0.096384,0.719694
mock_02889,Bilayer,Blue,154.5039,179.1309,219.748,-0.100495,0.712245
mock_02890,Trilayer,Purple-Blue,127.7451,147.6484,209.96,-0.148906,0.977712
mock_02891,Bilayer,Blue,154.5322,179.29,219.3291,-0.072679,0.533233
mock_02892,Monolayer,Light Blue,188.9697,204.7207,237.4297,-0.04302,0.433698
mock_02893,Bulk,Yellow,187.5801,165.7266,121.6699,-0.3019,4.982698
mock_02894,Trilayer,Purple-Blue,127.5771,147.3564,209.4951,-0.174862,0.999142
mock_02895,Bulk,Yellow,187.7969,165.2383,121.6816,-0.319674,5.052465
mock_02896,Trilayer,Purple-Blue,127.6582,147.7422,209.5225,-0.1709,0.88753
mock_02897,Few Layers,Green,114.2363,169.4668,149.0918,-0.226378,2.220452
mock_02898,Bulk,Yellow,187.6484,165.5322,121.4473,-0.298476,4.994128
mock_02899,Trilayer,Purple-Blue,127.3721,147.8984,209.5527,-0.142617,0.900164
mock_02900,Monolayer,Light Blue,189.1484,204.6523,237.3223,-0.039375,0.313489
mock_02901,Bilayer,Blue,154.498,179.9941,219.5801,-0.106576,0.640083
mock_02902,Bulk,Yellow,187.4297,165.3184,121.5557,-0.33786,4.99843
mock_02903,Monolayer,Light Blue,189.6934,204.2422,237.1328,-0.040013,0.340833
mock_02904,Bilayer,Blue,154.5605,179.9746,219.125,-0.099112,0.726231
mock_02905,Few Layers,Green,114.0713,169.3887,150.0225,-0.254157,2.253858
mock_02906,Trilayer,Purple-Blue,127.3887,147.5889,209.6904,-0.176502,1.057449
mock_02907,Bulk,Yellow,187.8223,165.6348,121.4629,-0.312048,5.040449
mock_02908,Bulk,Yellow,187.543,165.6494,121.3926,-0.328035,5.004752
mock_02909,Monolayer,Light Blue,189.3818,204.1357,237.3594,-0.068209,0.29645
mock_02910,Bilayer,Blue,154.7275,179.5527,219.5195,-0.102343,0.641413
mock_02911,Trilayer,Purple-Blue,127.752,147.3545,209.46,-0.175444,0.971906
mock_02912,Trilayer,Purple-Blue,127.418,147.8652,209.2256,-0.172282,1.073443
mock_02913,Few Layers,Green,114.5332,169.2275,149.4795,-0.236602,2.217445
mock_02914,Bulk,Yellow,187.5908,165.5,121.3438,-0.317376,4.90418
mock_02915,Few Layers,Green,114.3838,169.3467,149.873,-0.239292,2.232834
mock_02916,Few Layers,Green,114.583,169.502,149.5303,-0.223095,2.12836
mock_02917,Bilayer,Blue,154.8291,179.1211,219.6006,-0.096401,0.682807
mock_02918,Bilayer,Blue,154.4062,179.626,219.3145,-0.094806,0.622782
mock_02919,Monolayer,Light Blue,189.6221,204.8408,237.168,-0.045625,0.249211
mock_02920,Trilayer,Purple-Blue,127.5059,147.3887,209.8115,-0.140017,0.961171
mock_02921,Bilayer,Blue,154.4092,179.5234,219.6621,-0.099309,0.783727
mock_02922,Monolayer,Light Blue,189.8135,204.4873,237.3213,-0.04659,0.244657
mock_02923,Trilayer,Purple-Blue,127.8242,147.2764,209.6572,-0.140752,0.895617
mock_02924,Trilayer,Purple-Blue,127.2725,147.9297,209.6572,-0.145309,0.919922
mock_02925,Bilayer,Blue,154.543,179.7852,219.6201,-0.070578,0.683339
mock_02926,Monolayer,Light Blue,189.6963,204.7061,237.7002,-0.060361,0.392843
mock_02927,Bulk,Yellow,187.4053,165.4756,121.54,-0.333294,5.139342
mock_02928,Bulk,Yellow,187.4912,165.6299,121.3359,-0.321335,5.08553
mock_02929,Few Layers,Green,114.6113,169.1367,149.8271,-0.239379,2.232821
mock_02930,Bilayer,Blue,153.8975,179.4268,219.4951,-0.095184,0.733061
mock_02931,Bilayer,Blue,154.4775,179.6289,219.4385,-0.10286,0.744708
mock_02932,Bilayer,Blue,154.8184,179.3164,219.4727,-0.10169,0.767334
mock_02933,Monolayer,Light Blue,189.582,204.2656,237.5596,-0.035534,0.325343
mock_02934,Few Layers,Green,114.3975,169.8984,149.4209,-0.242577,2.270247
mock_02935,Bilayer,Blue,154.5244,179.7471,219.3223,-0.096765,0.676066
mock_02936,Trilayer,Purple-Blue,127.498,146.9883,208.8984,-0.172438,0.950469
mock_02937,Bilayer,Blue,154.6846,179.5088,219.7734,-0.109284,0.774444
mock_02938,Monolayer,Light Blue,189.3613,204.6934,237.249,-0.049764,0.215409
mock_02939,Trilayer,Purple-Blue,127.5049,147.6641,209.834,-0.142991,0.819545
mock_02940,Trilayer,Purple-Blue,127.3369,147.292,209.7275,-0.177292,0.968903
mock_02941,Few Layers,Green,114.4814,169.5029,149.8789,-0.244916,2.074167
mock_02942,Few Layers,Green,114.3115,169.5811,149.626,-0.227403,2.128609
mock_02943,Monolayer,Light Blue,189.4785,204.8379,237.4678,-0.053892,0.354186
mock_02944,Monolayer,Light Blue,189.6494,204.0547,237.2646,-0.029616,0.31676
mock_02945,Bilayer,Blue,154.7051,179.667,219.667,-0.105113,0.735879
mock_02946,Monolayer,Light Blue,189.3701,204.6641,237.3604,-0.044758,0.218502
mock_02947,Bulk,Yellow,187.623,165.4385,121.1826,-0.314095,4.864338
mock_02948,Bilayer,Blue,154.4531,180.2129,219.1846,-0.096957,0.725346
mock_02949,Trilayer,Purple-Blue,127.4941,147.5146,209.5879,-0.14233,1.042707
mock_02950,Bilayer,Blue,154.6484,179.4629,219.2227,-0.104388,0.622761
mock_02951,Few Layers,Green,114.3633,169.4111,149.9492,-0.253013,2.125542
mock_02952,Monolayer,Light Blue,189.417,204.3252,237.9248,-0.099174,0.473358
mock_02953,Trilayer,Purple-Blue,127.4561,147.3281,209.3242,-0.142905,0.937587
mock_02954,Few Layers,Green,114.8818,169.4033,149.8936,-0.257214,2.237881
mock_02955,Bilayer,Blue,154.2256,179.4951,219.6406,-0.101205,0.568018
mock_02956,Bulk,Yellow,187.4932,165.6191,121.3867,-0.330623,5.022166
mock_02957,Bilayer,Blue,154.084,179.5254,219.4531,-0.067456,0.708271
mock_02958,Bulk,Yellow,187.8857,165.7598,121.5273,-0.336875,5.047013
mock_02959,Monolayer,Light Blue,190.0107,204.751,237.4131,-0.05659,0.370186
mock_02960,Trilayer,Purple-Blue,127.1436,147.3916,209.6895,-0.174885,1.079024
mock_02961,Monolayer,Light Blue,189.0947,204.3672,237.5117,-0.056471,0.252352
mock_02962,Few Layers,Green,114.8018,169.4609,149.2793,-0.248735,2.241014
mock_02963,Bilayer,Blue,154.5234,179.3701,219.6064,-0.09799,0.60706
mock_02964,Monolayer,Light Blue,189.2832,204.5342,237.3145,-0.043442,0.293753
mock_02965,Monolayer,Light Blue,189.6846,204.5215,237.4014,-0.049393,0.209232
mock_02966,Bilayer,Blue,154.0537,179.2998,219.3799,-0.07997,0.76543
mock_02967,Bulk,Yellow,187.3945,165.6729,121.1064,-0.32033,5.009677
mock_02968,Few Layers,Green,114.2217,169.1201,149.4961,-0.264859,2.261678
mock_02969,Monolayer,Light Blue,189.3809,204.417,236.9883,-0.039318,0.386905
mock_02970,Bilayer,Blue,154.4814,179.5361,219.5527,-0.098016,0.679561
mock_02971,Monolayer,Light Blue,189.2637,204.8379,237.4873,-0.049926,0.381422
mock_02972,Monolayer,Light Blue,189.9385,204.3984,237.2686,-0.062282,0.343771
mock_02973,Few Layers,Green,114.0332,169.3369,149.6582,-0.24307,2.360025
mock_02974,Monolayer,Light Blue,189.5859,204.1299,237.7568,-0.070807,0.256192
mock_02975,Monolayer,Light Blue,189.5576,204.5352,237.6572,-0.040217,0.337235
mock_02976,Monolayer,Light Blue,189.7285,204.6104,237.3369,-0.036403,0.19614
mock_02977,Bilayer,Blue,154.6504,178.8896,219.4805,-0.094646,0.658634
mock_02978,Bulk,Yellow,187.5186,165.9863,121.0068,-0.306189,4.950045
mock_02979,Trilayer,Purple-Blue,128.0625,147.4316,209.6182,-0.160533,0.938244
mock_02980,Trilayer,Purple-Blue,127.709,147.8623,209.3555,-0.151456,0.861536
mock_02981,Bulk,Yellow,187.4619,165.8984,121.7568,-0.349396,5.021255
mock_02982,Bulk,Yellow,187.7842,165.5605,121.5439,-0.297945,4.938196
mock_02983,Few Layers,Green,114.6201,169.332,149.6172,-0.237871,2.206683
mock_02984,Monolayer,Light Blue,189.4814,204.5654,237.458,-0.037598,0.284858
mock_02985,Bilayer,Blue,154.5791,179.4951,219.5342,-0.097162,0.653088
mock_02986,Few Layers,Green,114.3242,169.2324,149.0273,-0.247522,2.121314
mock_02987,Few Layers,Green,114.0576,169.5938,149.6992,-0.250942,2.339812
mock_02988,Bilayer,Blue,154.5967,179.1494,219.6924,-0.066329,0.615609
mock_02989,Trilayer,Purple-Blue,127.5479,147.6895,209.251,-0.161068,1.139308
mock_02990,Trilayer,Purple-Blue,127.54,147.332,209.8027,-0.161824,0.988323
mock_02991,Few Layers,Green,114.5,169.4971,149.583,-0.235413,2.30603
mock_02992,Trilayer,Purple-Blue,128.2959,147.6826,209.4756,-0.150031,1.117551
mock_02993,Bulk,Yellow,187.71,165.5342,121.3828,-0.334538,4.948779
mock_02994,Few Layers,Green,114.6758,169.502,149.9785,-0.275886,2.301879
mock_02995,Few Layers,Green,114.7568,169.5469,149.4668,-0.233988,2.179169
mock_02996,Few Layers,Green,114.6211,169.6113,149.3633,-0.252664,2.063483
mock_02997,Monolayer,Light Blue,189.4492,204.125,237.29,-0.048083,0.214074
mock_02998,Bilayer,Blue,154.3711,180.0615,219.125,-0.10087,0.75483
mock_02999,Bilayer,Blue,154.5742,179.5664,219.4688,-0.102203,0.63636
mock_03000,Trilayer,Purple-Blue,127.8047,147.2412,209.7236,-0.148861,0.960672
mock_03001,Monolayer,Light Blue,189.3369,204.4062,236.9805,-0.063041,0.372133
mock_03002,Few Layers,Green,114.1602,168.9326,149.3887,-0.235697,2.153094
mock_03003,Trilayer,Purple-Blue,127.7451,147.4072,209.1758,-0.1562,0.871802
mock_03004,Bulk,Yellow,187.876,165.6387,121.1729,-0.326854,4.950023
mock_03005,Monolayer,Light Blue,189.1045,204.3779,237.4922,-0.062728,0.521603
mock_03006,Bilayer,Blue,154.5469,179.9385,219.7168,-0.120671,0.610566
mock_03007,Bilayer,Blue,154.623,179.4746,219.8594,-0.103519,0.670175
mock_03008,Monolayer,Light Blue,189.499,204.3252,237.9736,-0.044722,0.228336
mock_03009,Few Layers,Green,114.5654,169.2715,149.457,-0.266149,2.230316
mock_03010,Monolayer,Light Blue,189.0801,204.4863,237.1777,-0.047952,0.207874
mock_03011,Trilayer,Purple-Blue,127.5654,147.4561,209.2266,-0.12858,0.985677
mock_03012,Bulk,Yellow,187.623,165.6465,121.2959,-0.308727,4.969544
mock_03013,Bulk,Yellow,187.2646,165.4482,121.498,-0.336214,4.963271
mock_03014,Monolayer,Light Blue,189.7676,204.2656,237.3906,-0.036386,0.300177
mock_03015,Trilayer,Purple-Blue,127.5439,147.2539,209.5908,-0.165048,0.873341
mock_03016,Trilayer,Purple-Blue,127.4805,147.7295,209.543,-0.151473,0.944213
mock_03017,Few Layers,Green,114.3818,169.2998,148.9414,-0.245897,2.260882
mock_03018,Monolayer,Light Blue,189.3125,204.6211,237.2686,-0.045499,0.233819
mock_03019,Monolayer,Light Blue,189.5518,204.2041,237.4697,-0.074457,0.297534
mock_03020,Bilayer,Blue,154.1475,179.4863,219.1787,-0.092671,0.80978
mock_03021,Trilayer,Purple-Blue,127.8262,147.498,209.8926,-0.15464,1.091479
mock_03022,Trilayer,Purple-Blue,127.4619,147.1396,209.3896,-0.152261,1.0469
mock_03023,Bilayer,Blue,154.4258,179.4707,219.4775,-0.094572,0.485726
mock_03024,Monolayer,Light Blue,189.3955,204.667,237.4941,-0.038618,0.42668
mock_03025,Trilayer,Purple-Blue,127.751,147.6611,209.4561,-0.160451,1.009689
mock_03026,Bulk,Yellow,187.5059,165.4756,121.2432,-0.318701,5.106014
mock_03027,Trilayer,Purple-Blue,127.5596,147.708,209.4199,-0.198168,0.918358
mock_03028,Trilayer,Purple-Blue,127.1787,147.4951,209.8369,-0.164277,0.871133
mock_03029,Trilayer,Purple-Blue,127.2842,147.7148,209.7461,-0.186036,0.784569
mock_03030,Few Layers,Green,114.5713,169.4062,148.9521,-0.245154,2.148919
mock_03031,Bulk,Yellow,187.3193,165.3662,121.7686,-0.34806,5.017934
mock_03032,Few Layers,Green,114.0596,169.5645,149.8477,-0.256058,2.223036
mock_03033,Monolayer,Light Blue,189.0879,204.3047,237.2422,-0.063374,0.409994
mock_03034,Bilayer,Blue,154.2549,179.5449,219.8105,-0.110352,0.707628
mock_03035,Few Layers,Green,114.2217,170.001,149.6035,-0.233615,2.173599
mock_03036,Trilayer,Purple-Blue,127.5508,147.6729,209.4932,-0.16552,1.023327
mock_03037,Bilayer,Blue,154.0674,179.5693,219.3887,-0.12625,0.584808
mock_03038,Few Layers,Green,114.3125,169.6436,149.7637,-0.257992,2.177865
mock_03039,Few Layers,Green,114.666,169.5518,149.4795,-0.232627,2.297801
mock_03040,Monolayer,Light Blue,189.0254,204.3467,237.1748,-0.032123,0.392407
mock_03041,Monolayer,Light Blue,189.6875,204.418,237.4238,-0.036725,0.25134
mock_03042,Monolayer,Light Blue,189.4844,204.3965,237.1191,-0.06511,0.328206
mock_03043,Bilayer,Blue,154.2031,179.6279,219.3574,-0.106129,0.735686
mock_03044,Few Layers,Green,114.625,169.3252,149.5371,-0.225523,2.129686
mock_03045,Bulk,Yellow,187.3154,165.5703,121.042,-0.337129,5.137302
mock_03046,Bilayer,Blue,154.0078,179.4316,219.3057,-0.130972,0.628222
mock_03047,Bilayer,Blue,154.3018,179.4131,219.3203,-0.107625,0.737962
mock_03048,Bilayer,Blue,154.3809,179.3877,220.1064,-0.122848,0.492014
mock_03049,Bulk,Yellow,187.5332,165.1514,121.5352,-0.361195,5.030592
mock_03050,Bulk,Yellow,187.667,165.499,121.75,-0.315321,4.929445
mock_03051,Few Layers,Green,114.9326,169.4629,149.2119,-0.263342,2.213381
mock_03052,Bilayer,Blue,154.8076,179.6953,219.1719,-0.108813,0.625817
mock_03053,Bilayer,Blue,154.6152,178.6973,220.1035,-0.118816,0.626919
mock_03054,Bilayer,Blue,154.7627,179.2158,219.7803,-0.099893,0.681051
mock_03055,Bilayer,Blue,154.1426,179.54,219.7871,-0.085956,0.75267
mock_03056,Few Layers,Green,114.5303,169.3818,149.5156,-0.222507,2.176296
mock_03057,Bilayer,Blue,154.2256,179.4951,219.3818,-0.109516,0.866175
mock_03058,Monolayer,Light Blue,189.3574,204.6016,237.4609,-0.040679,0.364515
mock_03059,Bulk,Yellow,187.0645,165.6133,121.6611,-0.330404,5.031247
mock_03060,Trilayer,Purple-Blue,127.5,147.8398,209.4824,-0.156837,1.012498
mock_03061,Bilayer,Blue,154.7559,179.5498,219.5527,-0.096968,0.758303
mock_03062,Bilayer,Blue,154.4521,179.3291,219.6543,-0.105224,0.685838
mock_03063,Bilayer,Blue,154.1836,179.6523,219.1875,-0.104408,0.666759
mock_03064,Monolayer,Light Blue,189.4873,204.6738,237.5947,-0.041324,0.266195
mock_03065,Bilayer,Blue,153.9766,179.2871,219.3789,-0.115336,0.653945
mock_03066,Monolayer,Light Blue,189.5596,204.6084,237.5566,-0.051101,0.214033
mock_03067,Few Layers,Green,114.5078,169.2666,149.1709,-0.235664,2.218018
mock_03068,Few Layers,Green,114.5693,169.6816,149.2021,-0.250676,2.156984
mock_03069,Few Layers,Green,114.791,169.376,149.7051,-0.235758,2.090805
mock_03070,Few Layers,Green,114.3193,169.6719,148.9209,-0.214456,2.134418
mock_03071,Few Layers,Green,114.5654,169.2158,149.9707,-0.23956,2.110757
mock_03072,Trilayer,Purple-Blue,127.1416,147.2617,209.5469,-0.159403,1.103067
mock_03073,Monolayer,Light Blue,189.0713,204.4492,237.3945,-0.031498,0.409728
mock_03074,Trilayer,Purple-Blue,127.3262,147.5898,209.8623,-0.138138,0.808757
mock_03075,Monolayer,Light Blue,189.3184,204.6143,237.249,-0.049257,0.21788
mock_03076,Monolayer,Light Blue,189.3604,204.6719,237.6689,-0.057008,0.351302
mock_03077,Trilayer,Purple-Blue,127.7061,147.2119,209.5713,-0.183551,1.174006
mock_03078,Trilayer,Purple-Blue,127.6357,147.1143,209.5928,-0.139608,0.881151
mock_03079,Monolayer,Light Blue,189.1562,204.0225,237.5703,-0.052272,0.386462
mock_03080,Bulk,Yellow,187.624,165.541,121.3008,-0.323601,4.995305
mock_03081,Monolayer,Light Blue,189.6035,204.4961,237.2432,-0.05754,0.412485
mock_03082,Bilayer,Blue,153.9395,179.3262,219.4141,-0.07178,0.517672
mock_03083,Few Layers,Green,114.4023,169.8994,149.208,-0.264463,2.2024
mock_03084,Few Layers,Green,114.4678,169.5869,149.7471,-0.240222,2.246096
mock_03085,Bulk,Yellow,187.9326,165.7646,121.2627,-0.327438,4.892933
mock_03086,Bulk,Yellow,187.9727,165.6797,121.3633,-0.307524,5.140431
mock_03087,Monolayer,Light Blue,189.4307,205.002,237.6367,-0.042332,0.355366
mock_03088,Trilayer,Purple-Blue,127.1836,147.6055,209.6426,-0.156671,0.863762
mock_03089,Bulk,Yellow,187.5186,165.6582,121.3809,-0.307313,5.011495
mock_03090,Few Layers,Green,114.6934,169.0195,149.8125,-0.244094,2.183112
mock_03091,Trilayer,Purple-Blue,127.8633,147.5762,209.377,-0.167895,1.076931
mock_03092,Monolayer,Light Blue,189.1807,204.3506,237.5693,-0.026853,0.463214
mock_03093,Few Layers,Green,114.3701,169.499,149.5986,-0.232019,2.209295
mock_03094,Monolayer,Light Blue,189.5088,204.4531,237.709,-0.032883,0.377097
mock_03095,Bilayer,Blue,154.3252,179.5908,219.3896,-0.113384,0.495611
mock_03096,Trilayer,Purple-Blue,127.4932,147.3018,209.4336,-0.157217,1.025695
mock_03097,Bilayer,Blue,154.4561,179.0859,219.293,-0.073371,0.827069
mock_03098,Monolayer,Light Blue,189.9355,204.3496,237.6572,-0.030408,0.54694
mock_03099,Monolayer,Light Blue,189.4668,204.3545,237.167,-0.056959,0.366553
mock_03100,Bilayer,Blue,154.4912,179.3154,219.1309,-0.126488,0.75608
mock_03101,Monolayer,Light Blue,189.1084,204.6113,237.168,-0.06695,0.440576
mock_03102,Bilayer,Blue,154.9443,179.1426,219.3838,-0.129838,0.619998
mock_03103,Bilayer,Blue,155.0273,179.6221,219.7559,-0.089206,0.679093
mock_03104,Bulk,Yellow,187.6025,165.8477,121.2637,-0.300623,4.980083
mock_03105,Bilayer,Blue,154.624,179.4131,220.0146,-0.095177,0.728231
mock_03106,Bulk,Yellow,187.5479,165.4043,121.3115,-0.322276,4.904607
mock_03107,Monolayer,Light Blue,189.4707,204.207,237.5566,-0.028673,0.214669
mock_03108,Trilayer,Purple-Blue,127.4453,147.1621,209.373,-0.15755,0.913566
mock_03109,Monolayer,Light Blue,189.7764,204.5889,236.9111,-0.051545,0.33044
mock_03110,Few Layers,Green,114.5,169.4375,149.6221,-0.223026,2.199631
mock_03111,Few Layers,Green,114.5508,169.5312,149.5273,-0.238658,2.03519
mock_03112,Trilayer,Purple-Blue,127.6357,147.2627,209.6416,-0.147033,0.991134
mock_03113,Monolayer,Light Blue,189.6875,204.8301,237.3467,-0.03592,0.439264
mock_03114,Monolayer,Light Blue,189.4521,204.5518,237.7588,-0.050458,0.451543
mock_03115,Few Layers,Green,114.6455,169.2539,149.5107,-0.226796,2.216991
mock_03116,Few Layers,Green,114.7354,170.1035,149.6367,-0.262074,2.264547
mock_03117,Bilayer,Blue,154.3906,179.3711,219.3584,-0.116112,0.731963
mock_03118,Few Layers,Green,114.8799,169.6582,149.7129,-0.254786,2.255534
mock_03119,Monolayer,Light Blue,189.0811,204.3516,237.2686,-0.033232,0.34767
mock_03120,Monolayer,Light Blue,189.5117,204.5977,237.415,-0.027495,0.33027
mock_03121,Few Layers,Green,114.7246,169.5186,149.5781,-0.234176,2.047588
mock_03122,Bilayer,Blue,154.4307,179.418,219.3125,-0.105517,0.652448
mock_03123,Monolayer,Light Blue,189.7002,204.6387,237.5986,-0.072376,0.237718
mock_03124,Few Layers,Green,114.332,169.2812,149.2656,-0.252797,2.16866
mock_03125,Monolayer,Light Blue,189.5889,204.7744,237.0361,-0.037813,0.244261
mock_03126,Bulk,Yellow,187.4072,165.4141,121.3086,-0.299444,4.964817
mock_03127,Bulk,Yellow,187.2822,165.2061,121.459,-0.33057,4.902994
mock_03128,Few Layers,Green,115.0586,169.541,148.9355,-0.222589,2.048744
mock_03129,Bilayer,Blue,155.0078,179.5801,218.7607,-0.098614,0.539956
mock_03130,Trilayer,Purple-Blue,127.5322,147.6709,209.5303,-0.139619,1.098943
mock_03131,Monolayer,Light Blue,189.6826,204.0859,237.6582,-0.039129,0.302321
mock_03132,Few Layers,Green,114.498,169.4023,150.0234,-0.232516,2.294905
mock_03133,Monolayer,Light Blue,189.377,204.6025,237.3086,-0.026605,0.337605
mock_03134,Bulk,Yellow,187.6865,165.5713,121.8076,-0.304413,5.012467
mock_03135,Few Layers,Green,114.4346,169.4287,149.7109,-0.247579,2.059717
mock_03136,Trilayer,Purple-Blue,127.5459,147.7012,209.5107,-0.127911,1.05165
mock_03137,Trilayer,Purple-Blue,127.751,147.5947,209.4883,-0.156248,0.853716
mock_03138,Few Layers,Green,114.5869,169.415,149.25,-0.243491,2.130289
mock_03139,Monolayer,Light Blue,189.6797,204.5732,237.9883,-0.051455,0.356224
mock_03140,Few Layers,Green,114.79,169.4766,149.2861,-0.21947,2.355675
mock_03141,Monolayer,Light Blue,188.9248,204.6924,237.8311,-0.028014,0.321913
mock_03142,Few Layers,Green,114.6045,169.3428,149.4902,-0.264198,2.35863
mock_03143,Bulk,Yellow,187.5967,165.6436,121.4639,-0.305561,5.000274
mock_03144,Bulk,Yellow,187.3262,165.54,121.3535,-0.310459,5.007515
mock_03145,Trilayer,Purple-Blue,127.4062,147.3105,209.3145,-0.165968,0.954689
mock_03146,Bilayer,Blue,154.5625,179.9004,219.791,-0.082071,0.68282
mock_03147,Bilayer,Blue,154.3379,179.5166,219.2168,-0.113543,0.708935
mock_03148,Monolayer,Light Blue,189.7354,204.8115,237.2754,-0.05942,0.302581
mock_03149,Monolayer,Light Blue,189.5127,204.8125,237.2588,-0.071144,0.266466
mock_03150,Bulk,Yellow,187.8145,165.4697,121.8311,-0.324224,4.992267
mock_03151,Bilayer,Blue,154.4551,180.0029,219.6484,-0.102751,0.567101
mock_03152,Few Layers,Green,114.5156,169.3789,149.3857,-0.251552,2.321816
mock_03153,Trilayer,Purple-Blue,127.2051,147.4238,209.5947,-0.171735,0.973433
mock_03154,Trilayer,Purple-Blue,127.793,147.1152,209.4502,-0.165693,1.118368
mock_03155,Bilayer,Blue,154.209,179.0957,219.5664,-0.094088,0.560984
mock_03156,Monolayer,Light Blue,189.4248,204.8496,237.6377,-0.032756,0.374213
mock_03157,Monolayer,Light Blue,189.625,204.4102,237.2852,-0.067375,0.26983
mock_03158,Bulk,Yellow,187.6865,165.3643,121.9219,-0.301688,5.15174
mock_03159,Bilayer,Blue,154.5098,179.748,219.7549,-0.09827,0.732157
mock_03160,Bilayer,Blue,154.1553,179.2852,219.6328,-0.080804,0.654757
mock_03161,Bulk,Yellow,187.04,165.7959,121.625,-0.321821,4.897558
mock_03162,Monolayer,Light Blue,189.3105,204.3779,237.4482,-0.057096,0.29109
mock_03163,Bulk,Yellow,187.5771,165.2793,122.127,-0.313413,5.055208
mock_03164,Bilayer,Blue,154.3232,179.2061,219.3633,-0.086674,0.487595
mock_03165,Bilayer,Blue,154.5312,179.4756,219.6484,-0.074742,0.558505
mock_03166,Trilayer,Purple-Blue,128.0938,147.165,209.3789,-0.157977,1.020244
mock_03167,Bilayer,Blue,154.2734,179.249,219.1719,-0.102819,0.714747
mock_03168,Few Layers,Green,114.6562,169.3643,149.5713,-0.240121,2.133302
mock_03169,Monolayer,Light Blue,189.2344,204.9668,237.7979,-0.039625,0.290675
mock_03170,Few Layers,Green,114.834,169.7148,149.4434,-0.234941,2.285455
mock_03171,Bilayer,Blue,154.6865,179.8838,219.4395,-0.09599,0.555256
mock_03172,Trilayer,Purple-Blue,127.7715,147.6504,209.7188,-0.162992,1.088463
mock_03173,Trilayer,Purple-Blue,127.1494,147.7529,209.8828,-0.179418,0.934004
mock_03174,Trilayer,Purple-Blue,127.5977,147.251,209.6641,-0.199171,0.931617
mock_03175,Few Layers,Green,114.4307,169.3779,148.9805,-0.250637,2.05104
mock_03176,Monolayer,Light Blue,189.4941,204.7998,237.5342,-0.082007,0.228356
mock_03177,Monolayer,Light Blue,189.6279,204.5791,237.1484,-0.067212,0.28531
mock_03178,Monolayer,Light Blue,189.5576,204.8154,237.6982,-0.045374,0.291651
mock_03179,Bilayer,Blue,154.5059,179.0664,219.2891,-0.109358,0.538564
mock_03180,Monolayer,Light Blue,189.8271,204.2041,237.5215,-0.037044,0.473502
mock_03181,Bulk,Yellow,187.5889,165.4873,121.2598,-0.320819,4.932875
mock_03182,Monolayer,Light Blue,189.1973,204.4287,237.4229,-0.036034,0.410261
mock_03183,Few Layers,Green,114.46,169.4844,149.3623,-0.264175,2.152477
mock_03184,Few Layers,Green,114.8994,169.3721,149.2959,-0.233633,2.33939
mock_03185,Bilayer,Blue,153.8555,179.6455,219.7559,-0.096052,0.573553
mock_03186,Bilayer,Blue,154.2959,179.3379,219.1787,-0.109957,0.572507
mock_03187,Bilayer,Blue,154.3848,179.7207,219.75,-0.102136,0.692586
mock_03188,Bilayer,Blue,154.5889,179.4922,219.2646,-0.099569,0.603316
mock_03189,Bilayer,Blue,154.9707,180.0078,219.5635,-0.07779,0.592416
mock_03190,Few Layers,Green,114.5752,169.54,149.7422,-0.209993,2.287421
mock_03191,Bilayer,Blue,154.3428,179.3643,219.7998,-0.09789,0.702362
mock_03192,Few Layers,Green,114.5449,169.5469,149.3936,-0.245595,2.297146
mock_03193,Bulk,Yellow,187.4961,166.0342,121.4385,-0.347423,4.955547
mock_03194,Monolayer,Light Blue,189.7207,204.6191,237.0869,-0.062704,0.414341
mock_03195,Monolayer,Light Blue,189.5068,204.0117,237.4873,-0.030167,0.279106
mock_03196,Few Layers,Green,114.416,169.8369,149.6357,-0.254083,2.154399
mock_03197,Few Layers,Green,114.3623,169.5918,149.3174,-0.24555,2.137755
mock_03198,Few Layers,Green,114.6738,169.4238,149.3916,-0.257359,2.231938
mock_03199,Trilayer,Purple-Blue,127.2832,147.9795,210.2959,-0.166693,0.946039
mock_03200,Monolayer,Light Blue,189.4443,204.3965,237.5996,-0.069635,0.329976
mock_03201,Monolayer,Light Blue,189.5605,204.5342,237.1426,-0.052372,0.195467
mock_03202,Trilayer,Purple-Blue,127.5479,147.3398,209.1533,-0.151757,0.888661
mock_03203,Bilayer,Blue,154.3936,179.5654,219.5381,-0.101444,0.561236
mock_03204,Trilayer,Purple-Blue,127.6719,147.5508,209.2773,-0.147879,1.027169
mock_03205,Monolayer,Light Blue,189.3809,204.6738,237.7568,-0.026743,0.455322
mock_03206,Bilayer,Blue,154.8164,179.585,219.7686,-0.08184,0.574624
mock_03207,Bilayer,Blue,154.5898,179.5986,219.7168,-0.074555,0.646672
mock_03208,Few Layers,Green,114.8916,169.3242,149.3516,-0.226078,2.099785
mock_03209,Trilayer,Purple-Blue,127.4297,147.2852,209.502,-0.168082,0.949128
mock_03210,Few Layers,Green,114.8223,170.0088,149.4033,-0.223192,2.240792
mock_03211,Monolayer,Light Blue,189.6602,204.4248,237.6035,-0.042963,0.254986
mock_03212,Bilayer,Blue,154.5439,179.8369,219.6777,-0.104887,0.63334
mock_03213,Monolayer,Light Blue,189.7441,204.3213,237.3975,-0.039691,0.365568
mock_03214,Bilayer,Blue,154.2617,179.6201,219.2109,-0.113984,0.62036
mock_03215,Trilayer,Purple-Blue,127.7373,147.9121,209.2627,-0.152762,1.062947
mock_03216,Trilayer,Purple-Blue,127.624,147.7637,209.4316,-0.186125,0.968853
mock_03217,Trilayer,Purple-Blue,127.7852,147.374,209.9639,-0.153537,0.928187
mock_03218,Few Layers,Green,114.6035,169.5361,149.5713,-0.255798,2.029785
mock_03219,Bulk,Yellow,187.9023,165.502,121.248,-0.312145,5.015846
mock_03220,Bulk,Yellow,187.5469,165.125,121.5664,-0.335992,5.005251
mock_03221,Trilayer,Purple-Blue,127.5889,147.4492,209.5801,-0.165522,1.1217
mock_03222,Bilayer,Blue,154.5967,179.9697,219.4297,-0.101373,0.538921
mock_03223,Monolayer,Light Blue,189.4209,204.541,237.3535,-0.054542,0.376811
mock_03224,Trilayer,Purple-Blue,127.998,147.1016,209.6133,-0.111925,0.847069
mock_03225,Bilayer,Blue,154.4355,179.3662,219.2305,-0.096331,0.844251
mock_03226,Bulk,Yellow,188.0439,165.4619,121.4482,-0.300058,5.018033
mock_03227,Trilayer,Purple-Blue,127.084,147.8486,209.4463,-0.150062,0.813147
mock_03228,Bilayer,Blue,154.4258,179.3291,219.627,-0.088938,0.662429
mock_03229,Monolayer,Light Blue,189.6084,204.1533,237.584,-0.069767,0.298631
mock_03230,Few Layers,Green,114.7744,169.4854,149.6182,-0.242055,2.216372
mock_03231,Bilayer,Blue,154.5195,179.5459,219.5234,-0.113071,0.628417
mock_03232,Few Layers,Green,114.5244,169.5791,149.1592,-0.254448,2.247003
mock_03233,Monolayer,Light Blue,189.5479,204.6729,237.7598,-0.052159,0.281239
mock_03234,Bilayer,Blue,154.2471,179.8525,219.0859,-0.079884,0.571074
mock_03235,Bulk,Yellow,187.7695,165.5049,121.0752,-0.308696,5.011003
mock_03236,Monolayer,Light Blue,189.0762,204.5166,237.8594,-0.0675,0.345279
mock_03237,Bilayer,Blue,153.8682,179.4092,219.4697,-0.093716,0.601936
mock_03238,Trilayer,Purple-Blue,127.6309,147.3711,209.5469,-0.136716,1.108085
mock_03239,Monolayer,Light Blue,189.0156,204.7158,237.5186,-0.065058,0.264591
mock_03240,Bilayer,Blue,154.7773,179.0693,219.5996,-0.100044,0.723775
mock_03241,Trilayer,Purple-Blue,127.4248,147.4912,209.2129,-0.162522,1.004132
mock_03242,Monolayer,Light Blue,189.5605,204.9023,238.0596,-0.055053,0.407839
mock_03243,Monolayer,Light Blue,189.7734,204.1484,237.0508,-0.055796,0.28479
mock_03244,Few Layers,Green,114.0537,169.6348,149.2305,-0.240352,2.1459
mock_03245,Monolayer,Light Blue,189.5762,204.5977,237.127,-0.047166,0.342778
mock_03246,Monolayer,Light Blue,189.3027,204.5801,237.6475,-0.021317,0.235982
mock_03247,Bilayer,Blue,154.501,179.6914,218.7061,-0.066935,0.584405
mock_03248,Bulk,Yellow,187.6992,165.335,121.4199,-0.299862,5.06947
mock_03249,Trilayer,Purple-Blue,128.0195,147.8027,209.6699,-0.148553,0.950639
mock_03250,Monolayer,Light Blue,189.3848,204.1445,237.249,-0.05409,0.262212
mock_03251,Monolayer,Light Blue,189.3066,204.8057,237.5293,-0.063569,0.341714
mock_03252,Few Layers,Green,114.0469,169.8936,148.8213,-0.238995,2.256615
mock_03253,Bilayer,Blue,154.6455,179.9082,219.2021,-0.102376,0.684769
mock_03254,Monolayer,Light Blue,189.7402,204.3398,237.3984,-0.033304,0.428834
mock_03255,Bulk,Yellow,187.2129,165.4062,121.4893,-0.293642,5.045722
mock_03256,Few Layers,Green,114.5762,169.5566,149.4883,-0.243651,2.156043
mock_03257,Trilayer,Purple-Blue,127.6748,147.332,209.4336,-0.165568,1.105728
mock_03258,Bilayer,Blue,154.0723,179.8896,219.3877,-0.088273,0.670922
mock_03259,Bilayer,Blue,154.4658,180.2178,219.6123,-0.086557,0.720182
mock_03260,Bulk,Yellow,187.4375,164.9512,121.4971,-0.297346,5.005257
mock_03261,Monolayer,Light Blue,189.8359,204.9014,237.8398,-0.072335,0.392675
mock_03262,Monolayer,Light Blue,189.5869,204.6592,237.5244,-0.058229,0.50598
mock_03263,Monolayer,Light Blue,189.3789,203.9941,237.6377,-0.04004,0.348234
mock_03264,Monolayer,Light Blue,189.3486,204.3799,237.7832,-0.034832,0.312759
mock_03265,Trilayer,Purple-Blue,127.7412,147.7012,209.5537,-0.171755,0.955809
mock_03266,Bilayer,Blue,154.2158,179.6172,219.4346,-0.088315,0.432756
mock_03267,Trilayer,Purple-Blue,127.2246,147.3008,209.333,-0.176146,1.185967
mock_03268,Few Layers,Green,114.3418,169.4258,149.5322,-0.262752,2.169387
mock_03269,Bulk,Yellow,187.6484,165.8652,121.749,-0.330674,4.947107
mock_03270,Bulk,Yellow,187.6543,165.4521,121.2695,-0.3323,4.875482
mock_03271,Few Layers,Green,114.1348,169.1885,149.6895,-0.259296,2.348557
mock_03272,Few Layers,Green,114.3838,169.4199,149.9062,-0.245017,2.135114
mock_03273,Few Layers,Green,114.3027,168.9473,149.1357,-0.241496,2.177904
mock_03274,Trilayer,Purple-Blue,127.3789,147.3965,209.8086,-0.176661,0.849092
mock_03275,Monolayer,Light Blue,189.5557,204.3525,237.416,-0.069361,0.349348
mock_03276,Bulk,Yellow,187.6162,165.2363,121.4326,-0.30232,4.93197
mock_03277,Few Layers,Green,114.3672,169.6768,149.8047,-0.222624,2.183239
mock_03278,Monolayer,Light Blue,189.1514,204.4941,237.6768,-0.051731,0.397332
mock_03279,Few Layers,Green,114.6865,169.3955,149.6914,-0.246276,2.15674
mock_03280,Few Layers,Green,114.7383,169.7715,149.9375,-0.250275,2.312523
mock_03281,Bilayer,Blue,154.3154,179.5928,219.5225,-0.112097,0.626579
mock_03282,Monolayer,Light Blue,189.6611,205.043,237.6982,-0.05447,0.373296
mock_03283,Monolayer,Light Blue,189.7305,204.4814,237.7207,-0.038107,0.524509
mock_03284,Monolayer,Light Blue,189.8145,204.3154,237.7324,-0.055552,0.348656
mock_03285,Few Layers,Green,114.6221,169.4883,149.3965,-0.242661,2.266325
mock_03286,Few Layers,Green,114.332,169.5723,149.584,-0.246076,2.222539
mock_03287,Bilayer,Blue,154.3428,179.3721,219.2227,-0.082654,0.594624
mock_03288,Bilayer,Blue,154.6279,179.8594,219.8975,-0.096659,0.627567
mock_03289,Bilayer,Blue,154.8691,179.6855,219.3516,-0.086322,0.872394
mock_03290,Monolayer,Light Blue,189.75,204.7012,237.6533,-0.034152,0.250362
mock_03291,Bilayer,Blue,154.4619,179.6611,219.1924,-0.106892,0.758555
mock_03292,Bilayer,Blue,153.7793,179.4678,219.4033,-0.114198,0.593788
mock_03293,Few Layers,Green,114.4736,169.6113,149.3291,-0.244593,2.160864
mock_03294,Bulk,Yellow,187.7773,165.8486,121.3604,-0.350243,4.996628
mock_03295,Bilayer,Blue,154.626,179.4355,219.4795,-0.096358,0.692884
mock_03296,Few Layers,Green,114.749,169.4863,149.2744,-0.247041,2.168706
mock_03297,Bilayer,Blue,154.4619,179.793,219.4756,-0.097385,0.604275
mock_03298,Trilayer,Purple-Blue,127.4395,147.7139,209.8105,-0.178941,1.056105
mock_03299,Bulk,Yellow,188.0391,165.1045,121.8105,-0.295484,5.011262
mock_03300,Monolayer,Light Blue,189.8535,204.1426,237.6328,-0.036221,0.367169
mock_03301,Monolayer,Light Blue,189.5664,204.2539,237.4814,-0.055373,0.389864
mock_03302,Trilayer,Purple-Blue,127.5938,147.5557,209.5098,-0.135856,1.003629
mock_03303,Few Layers,Green,114.2822,169.5742,149.5693,-0.209572,2.204046
mock_03304,Few Layers,Green,113.5752,169.8105,149.4268,-0.264624,2.330163
mock_03305,Few Layers,Green,114.5498,169.7617,150.0039,-0.254844,2.234567
mock_03306,Bilayer,Blue,154.8096,179.0674,219.3887,-0.101102,0.629105
mock_03307,Few Layers,Green,114.3691,169.8525,149.626,-0.255238,2.153441
mock_03308,Few Layers,Green,114.1006,169.3281,149.624,-0.219032,2.258004
mock_03309,Bilayer,Blue,154.7275,179.5303,219.8125,-0.085628,0.677503
mock_03310,Bilayer,Blue,154.3818,179.25,219.6914,-0.116353,0.544372
mock_03311,Trilayer,Purple-Blue,127.3828,147.4033,209.3984,-0.148009,1.017047
mock_03312,Bilayer,Blue,154.5986,179.3545,219.4658,-0.075687,0.700204
mock_03313,Bulk,Yellow,187.5264,165.6924,121.5039,-0.29944,4.974324
mock_03314,Few Layers,Green,114.5664,169.6719,149.6885,-0.252368,2.275261
mock_03315,Monolayer,Light Blue,189.5508,204.3535,237.2334,-0.053787,0.293572
mock_03316,Trilayer,Purple-Blue,127.6279,147.5674,209.6729,-0.168331,1.047482
mock_03317,Monolayer,Light Blue,189.2871,204.457,237.1885,-0.041723,0.23814
mock_03318,Bilayer,Blue,154.3164,179.6611,219.3564,-0.10706,0.754349
mock_03319,Trilayer,Purple-Blue,127.7227,147.7373,209.3125,-0.141973,0.980016
mock_03320,Few Layers,Green,114.9795,169.668,149.2373,-0.22844,2.260837
mock_03321,Few Layers,Green,114.376,169.4424,149.3145,-0.262323,2.236873
mock_03322,Few Layers,Green,115.1035,169.3701,149.6592,-0.23233,2.274455
mock_03323,Bulk,Yellow,187.5752,165.124,121.5791,-0.339036,5.099012
mock_03324,Bilayer,Blue,154.0156,179.3496,220.2295,-0.082262,0.710237
mock_03325,Monolayer,Light Blue,189.2744,204.6025,237.918,-0.033712,0.510542
mock_03326,Bulk,Yellow,187.0156,165.7148,121.5781,-0.302029,5.003611
mock_03327,Bulk,Yellow,187.7129,165.793,121.7607,-0.298482,4.892869
mock_03328,Bilayer,Blue,154.3867,179.7441,219.1846,-0.113772,0.72766
mock_03329,Trilayer,Purple-Blue,127.623,147.4727,209.3066,-0.170001,1.022002
mock_03330,Bilayer,Blue,154.501,179.4707,219.3662,-0.085367,0.646996
mock_03331,Monolayer,Light Blue,189.9023,204.5156,237.3301,-0.073516,0.403302
mock_03332,Bulk,Yellow,187.5889,165.46,121.8154,-0.333596,5.025997
mock_03333,Bulk,Yellow,187.3994,164.96,121.6611,-0.326485,5.090518
mock_03334,Monolayer,Light Blue,189.8164,204.6104,237.2031,-0.044764,0.457247
mock_03335,Monolayer,Light Blue,189.8867,204.5488,237.7041,-0.071393,0.204338
mock_03336,Monolayer,Light Blue,189.6816,204.5361,237.5625,-0.016177,0.396877
mock_03337,Bulk,Yellow,187.4531,165.6729,121.5117,-0.3247,4.932899
mock_03338,Bilayer,Blue,154.8857,179.3975,219.5615,-0.086994,0.782059
mock_03339,Bulk,Yellow,187.2012,165.4102,121.6436,-0.335433,4.864507
mock_03340,Trilayer,Purple-Blue,127.3789,147.6182,209.1504,-0.151497,1.069329
mock_03341,Monolayer,Light Blue,189.5898,204.6787,237.6895,-0.085664,0.439491
mock_03342,Trilayer,Purple-Blue,127.7021,147.7695,209.1807,-0.15048,0.805448
mock_03343,Monolayer,Light Blue,189.3994,204.8516,237.1855,-0.05663,0.236789
mock_03344,Monolayer,Light Blue,189.0088,204.9395,236.96,-0.012115,0.3266
mock_03345,Bilayer,Blue,154.377,179.4111,219.8555,-0.101057,0.741971
mock_03346,Bilayer,Blue,154.6494,179.5371,219.3242,-0.115101,0.849561
mock_03347,Bilayer,Blue,154.4414,179.4092,219.3105,-0.084567,0.718726
mock_03348,Few Layers,Green,114.4238,169.8604,149.4229,-0.237726,2.215468
mock_03349,Bilayer,Blue,154.5898,179.4316,219.0654,-0.085146,0.568955
mock_03350,Few Layers,Green,114.4531,169.5088,149.4805,-0.222425,2.202767
mock_03351,Trilayer,Purple-Blue,127.4551,147.2432,209.2051,-0.175188,0.935177
mock_03352,Bilayer,Blue,154.8438,178.834,219.7227,-0.083878,0.618962
mock_03353,Few Layers,Green,114.3145,169.8213,149.4131,-0.259935,2.162513
mock_03354,Bulk,Yellow,187.8682,165.2588,121.1113,-0.3234,4.975725
mock_03355,Bilayer,Blue,154.4551,179.5166,219.4629,-0.076953,0.668896
mock_03356,Bilayer,Blue,154.5195,178.9873,219.6523,-0.068281,0.743823
mock_03357,Bulk,Yellow,187.708,165.7607,121.6533,-0.338242,5.155991
mock_03358,Few Layers,Green,114.1562,169.6357,149.4385,-0.248534,2.101969
mock_03359,Few Layers,Green,114.9014,169.1934,149.3311,-0.231577,2.195798
mock_03360,Bulk,Yellow,187.4229,165.9844,121.2607,-0.31276,4.983229
mock_03361,Trilayer,Purple-Blue,127.166,148.04,209.7275,-0.151303,0.934016
mock_03362,Monolayer,Light Blue,189.5449,204.7549,237.7812,-0.064233,0.356039
mock_03363,Monolayer,Light Blue,189.3975,204.4443,237.1982,-0.026623,0.173972
mock_03364,Trilayer,Purple-Blue,127.4785,147.1328,209.2969,-0.169646,1.087531
mock_03365,Few Layers,Green,114.7656,169.3447,149.2695,-0.239401,2.249791
mock_03366,Bilayer,Blue,154.7725,179.2031,219.8213,-0.095312,0.66459
mock_03367,Bilayer,Blue,154.5195,179.4961,219.8008,-0.095708,0.699453
mock_03368,Bilayer,Blue,154.2178,179.3965,219.2939,-0.108537,0.736778
mock_03369,Trilayer,Purple-Blue,127.2373,147.3564,209.6631,-0.155614,0.986678
mock_03370,Bulk,Yellow,187.9248,165.6719,121.666,-0.329694,5.051692
mock_03371,Trilayer,Purple-Blue,127.7217,147.1338,209.6133,-0.148157,0.940533
mock_03372,Trilayer,Purple-Blue,128.0107,147.8018,209.6123,-0.165084,1.062726
mock_03373,Monolayer,Light Blue,189.5527,204.3193,237.2988,-0.031855,0.312927
mock_03374,Bilayer,Blue,154.6689,179.293,219.7168,-0.099984,0.652568
mock_03375,Few Layers,Green,114.624,170.1445,149.707,-0.225561,2.192805
mock_03376,Bilayer,Blue,154.6875,179.9004,219.541,-0.112427,0.651672
mock_03377,Trilayer,Purple-Blue,127.6719,147.4014,209.6348,-0.190596,0.957339
mock_03378,Bilayer,Blue,154.2002,179.7158,219.3672,-0.096518,0.703706
mock_03379,Bulk,Yellow,187.292,165.2197,121.9531,-0.30121,5.052845
mock_03380,Trilayer,Purple-Blue,127.7637,147.6924,209.6562,-0.180782,0.952968
mock_03381,Bulk,Yellow,187.4541,165.6416,121.7549,-0.30132,4.870651
mock_03382,Monolayer,Light Blue,189.123,204.8018,237.5713,-0.065323,0.201463
mock_03383,Trilayer,Purple-Blue,127.4658,147.6533,209.2627,-0.174332,1.070557
mock_03384,Monolayer,Light Blue,189.7539,205.0,237.1787,-0.067133,0.202001
mock_03385,Bilayer,Blue,154.3066,179.4834,219.459,-0.103744,0.692
mock_03386,Bilayer,Blue,154.6904,179.3203,219.3896,-0.082266,0.632449
mock_03387,Bilayer,Blue,154.0576,179.3662,219.7432,-0.119139,0.721128
mock_03388,Few Layers,Green,114.4258,169.5566,149.877,-0.237358,2.023666
mock_03389,Trilayer,Purple-Blue,127.1035,147.2178,209.5645,-0.171374,0.906784
mock_03390,Bulk,Yellow,187.4121,165.6875,121.5879,-0.33137,4.912331
mock_03391,Trilayer,Purple-Blue,126.9834,147.6045,209.4951,-0.164488,0.88295
mock_03392,Bilayer,Blue,154.1904,179.459,219.5762,-0.08994,0.76208
mock_03393,Trilayer,Purple-Blue,127.3633,147.2139,209.2324,-0.144599,0.944261
mock_03394,Trilayer,Purple-Blue,127.7559,147.1416,209.6025,-0.15871,1.053645
mock_03395,Monolayer,Light Blue,189.3633,204.3906,237.5508,-0.062043,0.436602
mock_03396,Trilayer,Purple-Blue,127.3154,147.4277,209.6689,-0.166078,0.958032
mock_03397,Bilayer,Blue,154.7705,179.6465,219.3076,-0.127096,0.687322
mock_03398,Bilayer,Blue,154.3389,179.2344,219.4736,-0.105089,0.551225
mock_03399,Trilayer,Purple-Blue,127.457,147.5811,209.626,-0.150186,0.973054
mock_03400,Bilayer,Blue,154.2236,179.9131,219.5039,-0.10334,0.736972
mock_03401,Few Layers,Green,114.4727,169.4365,149.0918,-0.22564,2.087583
mock_03402,Trilayer,Purple-Blue,127.374,147.6514,209.6797,-0.170679,0.972245
mock_03403,Few Layers,Green,114.7051,170.125,149.1719,-0.233821,2.300295
mock_03404,Bilayer,Blue,154.3633,179.3408,219.373,-0.107072,0.665308
mock_03405,Trilayer,Purple-Blue,127.7168,147.5127,209.29,-0.152766,0.949231
mock_03406,Monolayer,Light Blue,189.6143,204.791,237.7393,-0.062106,0.417629
mock_03407,Trilayer,Purple-Blue,127.7021,147.7891,209.3379,-0.142041,1.171608
mock_03408,Bilayer,Blue,153.876,179.4268,219.5039,-0.088619,0.728117
mock_03409,Monolayer,Light Blue,189.5928,203.8643,237.9502,-0.060964,0.43391
mock_03410,Monolayer,Light Blue,188.8994,204.7754,236.8301,-0.035453,0.416044
mock_03411,Few Layers,Green,114.7461,169.6758,149.5566,-0.24879,2.025111
mock_03412,Monolayer,Light Blue,189.5967,204.3643,237.6865,-0.064189,0.231914
mock_03413,Few Layers,Green,114.3262,170.1152,149.374,-0.240281,2.170032
mock_03414,Few Layers,Green,114.7744,169.3848,149.7188,-0.227721,2.283612
mock_03415,Few Layers,Green,114.7793,169.7373,149.666,-0.233469,2.339505
mock_03416,Monolayer,Light Blue,189.292,204.4893,237.7012,-0.01524,0.303335
mock_03417,Bulk,Yellow,187.5195,165.3193,121.082,-0.337687,4.932754
mock_03418,Monolayer,Light Blue,189.1914,204.7793,237.0928,-0.042634,0.402314
mock_03419,Monolayer,Light Blue,189.4844,204.458,237.5664,-0.029646,0.435994
mock_03420,Few Layers,Green,114.4424,169.6621,149.3906,-0.226622,2.377072
mock_03421,Bilayer,Blue,154.8242,179.2422,219.127,-0.076049,0.844917
mock_03422,Bilayer,Blue,154.2119,179.4434,219.3877,-0.10861,0.588186
mock_03423,Bulk,Yellow,187.5645,165.3525,121.3867,-0.294822,4.973374
mock_03424,Monolayer,Light Blue,189.5576,204.2109,237.6523,-0.058407,0.112307
mock_03425,Bilayer,Blue,154.7646,179.4473,219.459,-0.10684,0.825697
mock_03426,Monolayer,Light Blue,189.4795,204.1816,237.5791,-0.054103,0.350204
mock_03427,Trilayer,Purple-Blue,127.9189,147.5361,209.1406,-0.177077,0.979955
mock_03428,Bilayer,Blue,154.2305,179.3779,219.2607,-0.097022,0.732753
mock_03429,Bilayer,Blue,154.8223,179.5596,219.624,-0.099671,0.676675
mock_03430,Few Layers,Green,114.6934,169.3584,149.2656,-0.24536,2.20256
mock_03431,Bilayer,Blue,154.2852,179.373,219.293,-0.117875,0.675717
mock_03432,Bulk,Yellow,187.5547,164.8848,121.5625,-0.318165,4.99305
mock_03433,Monolayer,Light Blue,189.5732,204.5908,237.502,-0.070173,0.257235
mock_03434,Monolayer,Light Blue,189.4121,204.6396,237.4844,-0.018626,0.258438
mock_03435,Bulk,Yellow,187.3799,165.6729,121.373,-0.304437,4.77069
mock_03436,Bilayer,Blue,154.6416,179.7666,219.3936,-0.095583,0.522711
mock_03437,Few Layers,Green,114.123,169.7559,149.5186,-0.241107,2.24354
mock_03438,Bilayer,Blue,154.6123,179.5283,219.1533,-0.124645,0.608705
mock_03439,Bilayer,Blue,154.6455,179.29,219.04,-0.113253,0.741897
mock_03440,Bulk,Yellow,187.2998,165.0752,121.3994,-0.309467,5.022985
mock_03441,Monolayer,Light Blue,189.543,204.3955,237.5449,-0.048487,0.494
mock_03442,Bilayer,Blue,154.291,179.3252,219.7139,-0.082131,0.804254
mock_03443,Bulk,Yellow,187.498,165.7275,121.9502,-0.343568,5.086128
mock_03444,Few Layers,Green,113.9609,169.8145,149.3213,-0.233919,2.342958
mock_03445,Bulk,Yellow,187.1113,165.3525,121.5791,-0.30304,4.840086
mock_03446,Trilayer,Purple-Blue,127.6436,147.2881,209.4854,-0.156633,1.101297
mock_03447,Few Layers,Green,114.7959,169.4795,149.5117,-0.25335,2.312441
mock_03448,Bulk,Yellow,187.7256,165.0244,121.2969,-0.327796,4.96475
mock_03449,Bilayer,Blue,154.5615,179.3516,219.4785,-0.10813,0.680933
mock_03450,Monolayer,Light Blue,189.2256,205.0049,237.2783,-0.063335,0.321197
mock_03451,Trilayer,Purple-Blue,127.457,147.2656,209.3994,-0.167688,0.881072
mock_03452,Monolayer,Light Blue,189.6113,204.3369,237.7314,-0.04924,0.286043
mock_03453,Few Layers,Green,114.3662,169.2285,149.7949,-0.242146,2.176775
mock_03454,Trilayer,Purple-Blue,127.7275,147.6846,209.4414,-0.144059,1.058182
mock_03455,Monolayer,Light Blue,189.333,204.8115,237.3281,-0.050022,0.250867
mock_03456,Trilayer,Purple-Blue,127.7588,147.1084,209.6387,-0.158576,0.960209
mock_03457,Trilayer,Purple-Blue,127.2695,147.4414,209.6328,-0.163955,0.998769
mock_03458,Monolayer,Light Blue,189.2217,204.4023,236.9893,-0.036868,0.400593
mock_03459,Bulk,Yellow,187.7031,165.6113,121.5469,-0.313231,4.932217
mock_03460,Bilayer,Blue,154.3477,179.6025,219.748,-0.114418,0.578366
mock_03461,Monolayer,Light Blue,189.6162,204.3613,237.6553,-0.045477,0.410077
mock_03462,Few Layers,Green,114.9912,169.6611,149.8203,-0.239648,2.248817
mock_03463,Monolayer,Light Blue,189.4336,204.0938,237.3838,-0.031911,0.297931
mock_03464,Monolayer,Light Blue,189.002,204.4004,237.3408,-0.049577,0.326925
mock_03465,Bilayer,Blue,154.4746,179.375,219.6602,-0.070135,0.678936
mock_03466,Few Layers,Green,114.9883,169.4541,149.8525,-0.228702,2.042958
mock_03467,Few Layers,Green,114.3369,169.4639,149.2637,-0.24649,2.115532
mock_03468,Few Layers,Green,114.2324,169.5117,149.3906,-0.268896,2.283548
mock_03469,Bilayer,Blue,154.5674,179.8574,219.4238,-0.108147,0.700704
mock_03470,Bilayer,Blue,154.8809,179.4863,219.374,-0.112459,0.655037
mock_03471,Trilayer,Purple-Blue,127.5439,147.7109,209.0029,-0.164044,0.954621
mock_03472,Bilayer,Blue,153.9512,179.4219,219.4434,-0.100955,0.657445
mock_03473,Trilayer,Purple-Blue,127.1807,147.2744,209.3691,-0.143139,1.056779
mock_03474,Monolayer,Light Blue,189.5947,204.1904,237.7061,-0.02729,0.41224
mock_03475,Few Layers,Green,114.4395,169.6699,149.4912,-0.240502,2.087673
mock_03476,Monolayer,Light Blue,189.1846,204.2988,237.7188,-0.065429,0.28615
mock_03477,Bilayer,Blue,154.2354,180.0625,219.1289,-0.090362,0.723799
mock_03478,Monolayer,Light Blue,189.3633,204.832,237.5,-0.052604,0.335927
mock_03479,Monolayer,Light Blue,189.623,204.7275,237.6582,-0.029452,0.317111
mock_03480,Bulk,Yellow,187.5752,165.5479,121.6904,-0.310045,4.913073
mock_03481,Bilayer,Blue,154.7354,179.1221,219.4844,-0.12045,0.642732
mock_03482,Monolayer,Light Blue,189.5449,204.9023,237.7578,-0.052735,0.274223
mock_03483,Few Layers,Green,114.334,169.584,149.501,-0.242383,2.201426
mock_03484,Trilayer,Purple-Blue,127.5215,147.627,209.4785,-0.16103,1.029679
mock_03485,Bilayer,Blue,154.5146,179.499,219.1201,-0.102673,0.740725
mock_03486,Few Layers,Green,114.4414,170.0557,149.7773,-0.247232,2.195051
mock_03487,Monolayer,Light Blue,189.3193,204.2822,237.6465,-0.044495,0.224861
mock_03488,Monolayer,Light Blue,188.9561,204.4434,237.4961,-0.068416,0.271884
mock_03489,Few Layers,Green,114.8438,169.3115,149.4229,-0.239839,2.19392
mock_03490,Bilayer,Blue,154.7383,179.4307,219.1631,-0.097602,0.648922
mock_03491,Bilayer,Blue,154.3115,179.3701,219.5908,-0.10622,0.671476
mock_03492,Few Layers,Green,114.2041,169.7627,149.5811,-0.260012,2.135318
mock_03493,Few Layers,Green,114.71,169.749,149.7607,-0.253907,2.174512
mock_03494,Monolayer,Light Blue,189.9658,204.6143,237.3906,-0.041869,0.250668
mock_03495,Few Layers,Green,114.3564,169.2871,149.5811,-0.24295,2.180281
mock_03496,Bulk,Yellow,186.7178,165.5684,121.2607,-0.32909,4.893676
mock_03497,Monolayer,Light Blue,188.9297,204.7168,237.1787,-0.065045,0.365936
mock_03498,Monolayer,Light Blue,189.0078,204.7041,236.8555,-0.046353,0.380124
mock_03499,Few Layers,Green,114.2939,169.3955,149.1816,-0.239631,2.205625
mock_03500,Trilayer,Purple-Blue,127.5811,147.2344,208.916,-0.161723,1.040188
mock_03501,Monolayer,Light Blue,189.3154,204.3721,237.7246,-0.061948,0.230167
mock_03502,Trilayer,Purple-Blue,127.5068,147.4111,209.0635,-0.16824,0.968164
mock_03503,Bulk,Yellow,187.5117,165.2803,121.3965,-0.336404,5.10211
mock_03504,Monolayer,Light Blue,189.7705,204.5254,236.793,-0.054904,0.272119
mock_03505,Bulk,Yellow,187.4902,165.7178,121.5352,-0.314863,5.019648
mock_03506,Bilayer,Blue,154.4033,180.0137,219.5977,-0.102398,0.552807
mock_03507,Monolayer,Light Blue,189.3271,204.709,237.2246,-0.062957,0.379206
mock_03508,Bilayer,Blue,155.0547,178.9844,219.3096,-0.088093,0.647453
mock_03509,Bilayer,Blue,154.8047,179.5781,219.4951,-0.09717,0.595051
mock_03510,Trilayer,Purple-Blue,127.625,147.126,209.3818,-0.159083,0.895078
mock_03511,Bilayer,Blue,154.7568,179.4932,219.5596,-0.118904,0.620163
mock_03512,Few Layers,Green,114.332,169.3652,148.9951,-0.206665,2.233233
mock_03513,Bulk,Yellow,187.4316,165.291,121.4609,-0.35046,5.032425
mock_03514,Few Layers,Green,114.5146,169.918,149.2979,-0.25782,2.194596
mock_03515,Bilayer,Blue,154.6045,179.4736,219.7656,-0.105802,0.71084
mock_03516,Trilayer,Purple-Blue,127.3037,147.6689,209.3945,-0.142998,0.97921
mock_03517,Bulk,Yellow,187.2715,165.4121,121.3174,-0.308677,4.928932
mock_03518,Trilayer,Purple-Blue,126.957,147.7588,209.6953,-0.158032,1.116341
mock_03519,Few Layers,Green,114.2568,169.6826,149.7881,-0.243751,2.081005
mock_03520,Trilayer,Purple-Blue,127.2617,147.6123,209.5088,-0.163519,0.995352
mock_03521,Monolayer,Light Blue,189.6924,204.1943,237.7959,-0.056146,0.322755
mock_03522,Monolayer,Light Blue,189.1406,204.4854,237.5918,-0.04205,0.289686
mock_03523,Monolayer,Light Blue,189.3535,205.0146,237.4131,-0.032287,0.436088
mock_03524,Trilayer,Purple-Blue,127.5127,147.8379,209.085,-0.165446,1.037504
mock_03525,Bulk,Yellow,187.4912,165.5137,121.6084,-0.34157,4.927839
mock_03526,Bilayer,Blue,154.6025,179.8799,219.4033,-0.111445,0.568933
mock_03527,Few Layers,Green,114.4141,169.1777,149.541,-0.239349,2.159794
mock_03528,Bulk,Yellow,187.1182,165.5049,121.2871,-0.339162,4.902752
mock_03529,Bulk,Yellow,187.4727,165.5605,121.7217,-0.273301,5.061649
mock_03530,Trilayer,Purple-Blue,127.8623,147.1641,209.8662,-0.177733,0.958381
mock_03531,Few Layers,Green,114.4365,169.6797,149.4912,-0.232357,2.292302
mock_03532,Bilayer,Blue,154.75,179.6533,219.2012,-0.121043,0.624988
mock_03533,Few Layers,Green,114.8564,169.5898,149.71,-0.240555,2.27382
mock_03534,Few Layers,Green,114.7002,169.6045,149.4248,-0.242406,2.328612
mock_03535,Trilayer,Purple-Blue,127.3037,147.4629,209.4785,-0.160022,0.922346
mock_03536,Few Layers,Green,114.5469,169.5586,149.3213,-0.231023,2.233228
mock_03537,Bilayer,Blue,154.4727,179.6025,219.3027,-0.086409,0.448352
mock_03538,Bilayer,Blue,154.5361,179.2998,219.6748,-0.125044,0.482632
mock_03539,Trilayer,Purple-Blue,126.8984,147.5693,209.2646,-0.140472,1.083524
mock_03540,Trilayer,Purple-Blue,127.9307,147.4502,209.0459,-0.144559,0.891278
mock_03541,Few Layers,Green,113.833,169.7217,149.3994,-0.254574,2.156185
mock_03542,Monolayer,Light Blue,188.9854,204.2432,236.9863,-0.062975,0.42949
mock_03543,Monolayer,Light Blue,189.4834,204.3604,237.3545,-0.084969,0.313876
mock_03544,Bilayer,Blue,154.5811,179.1514,219.8398,-0.084494,0.684319
mock_03545,Monolayer,Light Blue,189.4902,204.3643,237.7266,-0.059072,0.413539
mock_03546,Monolayer,Light Blue,189.6494,204.2979,237.5537,-0.021848,0.476798
mock_03547,Bulk,Yellow,187.4268,165.3584,121.499,-0.326708,5.043318
mock_03548,Trilayer,Purple-Blue,127.6221,147.8701,209.3379,-0.163416,0.966825
mock_03549,Few Layers,Green,114.3906,169.5078,149.5918,-0.246926,2.160854
mock_03550,Trilayer,Purple-Blue,127.8174,148.0391,209.3418,-0.178165,1.018462
mock_03551,Monolayer,Light Blue,189.3867,204.958,237.5713,-0.057482,0.243863
mock_03552,Bulk,Yellow,187.2021,165.5215,121.3535,-0.323354,5.110753
mock_03553,Monolayer,Light Blue,189.9121,204.0879,237.416,-0.064021,0.157354
mock_03554,Monolayer,Light Blue,189.8682,204.1309,237.501,-0.06391,0.258656
mock_03555,Monolayer,Light Blue,189.3789,204.4268,237.6758,-0.071514,0.409842
mock_03556,Few Layers,Green,114.7783,169.3652,149.4463,-0.223396,2.163002
mock_03557,Monolayer,Light Blue,189.3936,204.3506,237.251,-0.059835,0.342112
mock_03558,Few Layers,Green,113.7734,169.5479,149.0215,-0.225418,2.348271
mock_03559,Bulk,Yellow,186.9941,165.2451,121.4189,-0.310139,5.079053
mock_03560,Trilayer,Purple-Blue,127.4365,147.4092,209.376,-0.144943,0.982425
mock_03561,Few Layers,Green,114.3516,169.6738,149.7363,-0.250963,2.128181
mock_03562,Monolayer,Light Blue,189.6377,204.2402,237.2197,-0.044999,0.388296
mock_03563,Bilayer,Blue,154.1816,179.4814,219.2637,-0.110029,0.392829
mock_03564,Bilayer,Blue,154.8652,179.5957,219.5674,-0.097336,0.610461
mock_03565,Few Layers,Green,114.6816,169.8438,149.3037,-0.237542,2.194501
mock_03566,Monolayer,Light Blue,189.2129,203.8652,237.5625,-0.053575,0.427574
mock_03567,Monolayer,Light Blue,189.6826,204.7754,237.2725,-0.046099,0.310606
mock_03568,Bulk,Yellow,187.6016,165.4229,121.6816,-0.321804,4.893705
mock_03569,Few Layers,Green,115.0928,169.6104,149.292,-0.252483,2.438089
mock_03570,Bilayer,Blue,154.4697,179.3311,219.2861,-0.118381,0.737343
mock_03571,Bulk,Yellow,187.6143,165.8174,121.2607,-0.326169,4.919922
mock_03572,Trilayer,Purple-Blue,127.5781,147.4756,209.4258,-0.147318,1.176259
mock_03573,Monolayer,Light Blue,189.3799,204.5186,237.2529,-0.027962,0.220579
mock_03574,Bulk,Yellow,186.7998,165.3877,121.5742,-0.30074,5.086151
mock_03575,Bilayer,Blue,154.3369,179.4795,219.3125,-0.088278,0.681172
mock_03576,Monolayer,Light Blue,189.207,204.5693,237.4443,-0.073482,0.328202
mock_03577,Monolayer,Light Blue,189.6201,204.7031,237.4395,-0.058445,0.31708
mock_03578,Trilayer,Purple-Blue,126.957,147.5635,209.3594,-0.158665,1.11138
mock_03579,Bulk,Yellow,187.5723,165.707,121.2129,-0.32759,5.010435
mock_03580,Bulk,Yellow,187.7031,164.6777,121.7695,-0.325444,4.960112
mock_03581,Trilayer,Purple-Blue,127.6113,147.1289,209.4961,-0.170721,1.023229
mock_03582,Bulk,Yellow,187.1953,165.2793,120.7471,-0.28768,4.941531
mock_03583,Monolayer,Light Blue,189.4961,204.2783,236.8955,-0.069786,0.30754
mock_03584,Few Layers,Green,114.334,169.2627,149.3525,-0.241299,2.2297
mock_03585,Monolayer,Light Blue,189.5352,204.5322,236.8584,-0.051042,0.277703
mock_03586,Trilayer,Purple-Blue,127.0146,147.0986,209.5303,-0.174573,1.096572
mock_03587,Bilayer,Blue,154.6406,179.6611,219.3516,-0.073234,0.848813
mock_03588,Trilayer,Purple-Blue,127.2773,147.6113,209.6445,-0.169684,1.005146
mock_03589,Monolayer,Light Blue,189.6318,204.6426,237.5879,-0.041993,0.305256
mock_03590,Bilayer,Blue,154.627,179.8643,219.6904,-0.103231,0.686066
mock_03591,Bilayer,Blue,154.0576,179.0703,219.1523,-0.115221,0.794347
mock_03592,Trilayer,Purple-Blue,127.6221,147.4941,209.6523,-0.166738,1.108907
mock_03593,Bilayer,Blue,154.4375,179.4658,219.2539,-0.085275,0.600892
mock_03594,Few Layers,Green,115.0303,169.2559,149.125,-0.239321,2.225799
mock_03595,Few Layers,Green,114.2617,169.5781,149.1064,-0.249182,2.093213
mock_03596,Bilayer,Blue,154.4043,179.4736,219.7754,-0.086518,0.683624
mock_03597,Few Layers,Green,114.4941,169.3828,149.6973,-0.225446,2.159345
mock_03598,Few Layers,Green,114.9199,169.3691,149.4346,-0.230115,2.186042
mock_03599,Bilayer,Blue,154.6299,179.292,219.5684,-0.121336,0.747739
mock_03600,Monolayer,Light Blue,189.5752,204.2861,237.2275,-0.056364,0.377096
mock_03601,Bilayer,Blue,154.3838,179.6592,219.2998,-0.073704,0.797805
mock_03602,Bilayer,Blue,154.4531,180.002,219.6875,-0.091227,0.623121
mock_03603,Monolayer,Light Blue,189.6143,204.0586,237.4639,-0.031402,0.431859
mock_03604,Trilayer,Purple-Blue,127.4375,147.8271,209.5195,-0.181676,1.124714
mock_03605,Few Layers,Green,114.4912,169.5898,149.6611,-0.249793,2.260987
mock_03606,Bilayer,Blue,154.7539,179.165,219.6787,-0.091372,0.678807
mock_03607,Few Layers,Green,114.8008,169.6777,149.1152,-0.241065,2.141537
mock_03608,Monolayer,Light Blue,189.1553,204.8232,237.2832,-0.062885,0.333287
mock_03609,Monolayer,Light Blue,189.6963,204.5137,237.5166,-0.055459,0.346823
mock_03610,Few Layers,Green,114.5068,169.4336,149.4121,-0.23205,2.261026
mock_03611,Bilayer,Blue,154.5293,179.4824,219.3213,-0.116791,0.598857
mock_03612,Bilayer,Blue,154.2129,179.5898,219.707,-0.06223,0.667
mock_03613,Bulk,Yellow,187.7666,165.2207,121.543,-0.326141,4.964836
mock_03614,Trilayer,Purple-Blue,127.5518,147.3154,209.6084,-0.158804,1.041687
mock_03615,Monolayer,Light Blue,190.0693,204.5918,237.2656,-0.042634,0.378158
mock_03616,Bulk,Yellow,187.3359,165.1885,121.1484,-0.303174,5.067282
mock_03617,Bilayer,Blue,154.7744,179.0977,219.293,-0.091999,0.59377
mock_03618,Few Layers,Green,114.543,169.9473,149.3818,-0.227888,2.087132
mock_03619,Bilayer,Blue,154.8896,179.4697,219.7764,-0.114511,0.604693
mock_03620,Few Layers,Green,114.1309,169.3779,149.4346,-0.248495,2.178301
mock_03621,Trilayer,Purple-Blue,127.7393,147.5098,209.4082,-0.166278,1.037554
mock_03622,Trilayer,Purple-Blue,127.8066,147.6709,209.4658,-0.130448,0.962585
mock_03623,Bilayer,Blue,154.3936,179.5293,219.7422,-0.112105,0.71245
mock_03624,Trilayer,Purple-Blue,127.8203,147.0264,209.3867,-0.167149,1.07376
mock_03625,Monolayer,Light Blue,189.9717,204.9697,237.4102,-0.054605,0.22872
mock_03626,Bilayer,Blue,154.584,179.3135,219.3818,-0.091278,0.600088
mock_03627,Bilayer,Blue,154.6738,179.5869,219.6758,-0.098295,0.651105
mock_03628,Monolayer,Light Blue,189.4316,204.6143,236.7305,-0.039558,0.274911
mock_03629,Bulk,Yellow,187.8779,165.792,121.8105,-0.340257,4.935047
mock_03630,Trilayer,Purple-Blue,127.9053,147.2422,209.3066,-0.149561,0.947427
mock_03631,Bilayer,Blue,154.6631,179.9248,219.7998,-0.101581,0.626129
mock_03632,Bilayer,Blue,154.3789,179.5723,219.4473,-0.095664,0.58379
mock_03633,Bulk,Yellow,187.4795,165.5732,121.4551,-0.323134,4.822843
mock_03634,Bulk,Yellow,187.4531,165.8984,121.6123,-0.331424,5.067817
mock_03635,Bulk,Yellow,187.7217,165.4375,121.9824,-0.317378,4.9213
mock_03636,Bilayer,Blue,154.7725,179.5244,219.5195,-0.103874,0.959328
mock_03637,Few Layers,Green,114.8916,169.2305,149.4492,-0.237633,2.147673
mock_03638,Monolayer,Light Blue,189.792,204.2891,237.5205,-0.0471,0.248379
mock_03639,Bulk,Yellow,187.3008,165.4902,121.5254,-0.361236,5.122541
mock_03640,Bilayer,Blue,154.1172,179.7012,219.332,-0.112409,0.476735
mock_03641,Trilayer,Purple-Blue,127.6436,147.75,209.752,-0.169451,0.958365
mock_03642,Few Layers,Green,114.5361,169.0176,149.5039,-0.219076,2.16541
mock_03643,Bilayer,Blue,154.417,179.9922,219.3213,-0.114678,0.716447
mock_03644,Monolayer,Light Blue,189.1182,204.6484,237.5391,-0.025971,0.419805
mock_03645,Bilayer,Blue,155.2998,179.3545,219.4971,-0.092654,0.587349
mock_03646,Monolayer,Light Blue,189.0723,204.29,237.3574,-0.068433,0.460697
mock_03647,Trilayer,Purple-Blue,127.7383,147.8408,209.7021,-0.146227,0.927697
mock_03648,Bilayer,Blue,154.5918,179.3203,219.4961,-0.123423,0.674348
mock_03649,Trilayer,Purple-Blue,127.7314,147.5391,209.6729,-0.161625,1.085816
mock_03650,Bilayer,Blue,154.5449,179.248,219.8672,-0.099946,0.769838
mock_03651,Bilayer,Blue,154.5117,179.7217,219.6016,-0.104334,0.708421
mock_03652,Trilayer,Purple-Blue,127.6318,147.4141,209.3516,-0.160772,0.947778
mock_03653,Trilayer,Purple-Blue,127.542,147.6914,209.7461,-0.155699,1.043494
mock_03654,Few Layers,Green,114.293,169.4717,149.5391,-0.244451,2.183711
mock_03655,Bulk,Yellow,187.3184,165.1279,121.3906,-0.327877,5.15501
mock_03656,Bilayer,Blue,154.5977,179.8027,219.8379,-0.100489,0.744936
mock_03657,Bulk,Yellow,187.2949,165.4463,121.3584,-0.332625,4.937821
mock_03658,Bilayer,Blue,154.0957,179.4521,219.6406,-0.106261,0.52987
mock_03659,Bilayer,Blue,154.9688,179.0283,219.4229,-0.081212,0.60044
mock_03660,Few Layers,Green,114.7285,169.6602,149.667,-0.240226,2.393723
mock_03661,Monolayer,Light Blue,189.3789,204.5293,237.21,-0.038491,0.295781
mock_03662,Monolayer,Light Blue,189.5596,204.2871,237.4004,-0.045833,0.317223
mock_03663,Monolayer,Light Blue,189.4775,204.3008,237.0938,-0.04689,0.502988
mock_03664,Monolayer,Light Blue,189.625,204.417,237.3389,-0.062994,0.340482
mock_03665,Bilayer,Blue,154.6602,179.6846,219.8877,-0.081874,0.48856
mock_03666,Bilayer,Blue,154.0244,179.6953,219.5654,-0.078755,0.628341
mock_03667,Bilayer,Blue,153.9102,179.9668,219.3975,-0.09841,0.614619
mock_03668,Monolayer,Light Blue,189.8037,204.6055,237.6885,-0.049543,0.319846
mock_03669,Monolayer,Light Blue,189.2764,204.584,237.3105,-0.033921,0.199859
mock_03670,Bilayer,Blue,153.9746,179.5166,219.7217,-0.087527,0.720538
mock_03671,Bilayer,Blue,154.6006,179.5811,219.2715,-0.082025,0.619529
mock_03672,Bilayer,Blue,154.5801,179.7949,219.5674,-0.0993,0.561933
mock_03673,Bilayer,Blue,154.0498,179.7852,219.7217,-0.103152,0.640746
mock_03674,Trilayer,Purple-Blue,127.2393,147.4961,209.2744,-0.172259,1.002828
mock_03675,Bulk,Yellow,187.4258,165.2754,121.6914,-0.30287,4.807273
mock_03676,Monolayer,Light Blue,189.5225,204.3994,237.8516,-0.057606,0.287751
mock_03677,Bilayer,Blue,154.3184,179.5566,219.6719,-0.116471,0.719486
mock_03678,Bilayer,Blue,154.9805,179.6016,219.5596,-0.118019,0.701229
mock_03679,Monolayer,Light Blue,189.6289,204.4648,237.5322,-0.042159,0.27624
mock_03680,Trilayer,Purple-Blue,127.5771,147.791,209.5986,-0.170752,1.091711
mock_03681,Trilayer,Purple-Blue,127.832,146.9326,209.502,-0.18292,0.925485
mock_03682,Bilayer,Blue,154.8574,179.2988,219.3848,-0.07681,0.718564
mock_03683,Few Layers,Green,114.9707,169.1416,149.709,-0.235511,2.121503
mock_03684,Bulk,Yellow,187.2979,165.374,121.0781,-0.3216,4.872537
mock_03685,Bilayer,Blue,154.6963,180.0146,219.6865,-0.088507,0.609853
mock_03686,Bilayer,Blue,154.1816,179.2324,219.4639,-0.114423,0.643819
mock_03687,Few Layers,Green,114.4043,169.3887,149.6045,-0.24527,2.271698
mock_03688,Trilayer,Purple-Blue,127.8965,147.2129,209.5479,-0.15873,0.99862
mock_03689,Bilayer,Blue,154.4756,179.2617,219.4961,-0.115555,0.661969
mock_03690,Few Layers,Green,114.5762,169.6445,148.9131,-0.234194,2.34327
mock_03691,Trilayer,Purple-Blue,127.4756,147.5908,209.6436,-0.168477,1.130616
mock_03692,Monolayer,Light Blue,189.6123,204.4473,237.4062,-0.051473,0.354311
mock_03693,Bilayer,Blue,154.4238,179.8213,219.6807,-0.089726,0.548168
mock_03694,Bilayer,Blue,154.5664,179.2949,219.7432,-0.078781,0.665762
mock_03695,Bulk,Yellow,187.8047,165.208,121.3516,-0.298924,5.038623
mock_03696,Few Layers,Green,114.4961,169.6543,149.8428,-0.243442,2.207013
mock_03697,Trilayer,Purple-Blue,127.5098,147.375,209.2412,-0.170071,1.021655
mock_03698,Trilayer,Purple-Blue,127.6777,147.6377,209.4258,-0.158877,0.945516
mock_03699,Few Layers,Green,114.5957,169.3574,149.3164,-0.230643,2.11385
mock_03700,Monolayer,Light Blue,189.6602,204.666,237.6162,-0.079005,0.370476
mock_03701,Monolayer,Light Blue,189.8389,205.0605,237.3467,-0.053653,0.269297
mock_03702,Bulk,Yellow,187.2891,165.1133,121.7393,-0.318308,4.854047
mock_03703,Monolayer,Light Blue,189.2656,204.3594,237.0537,-0.058462,0.363801
mock_03704,Few Layers,Green,114.5498,169.5469,149.3174,-0.214418,1.921832
mock_03705,Few Layers,Green,114.5137,169.3057,149.75,-0.241535,2.248671
mock_03706,Few Layers,Green,114.8037,169.748,149.0107,-0.230903,2.149257
mock_03707,Monolayer,Light Blue,189.7793,204.2559,237.1416,-0.035837,0.359772
mock_03708,Bilayer,Blue,154.2412,179.5254,219.3154,-0.094715,0.80046
mock_03709,Bulk,Yellow,187.5293,165.1631,121.7021,-0.320393,5.025822
mock_03710,Trilayer,Purple-Blue,127.0654,147.1084,209.8428,-0.135498,0.876883
mock_03711,Bilayer,Blue,154.5234,179.6377,219.4736,-0.092469,0.756686
mock_03712,Trilayer,Purple-Blue,127.3682,147.4287,209.2998,-0.169948,0.937331
mock_03713,Trilayer,Purple-Blue,127.3711,147.4141,209.2051,-0.167401,0.948395
mock_03714,Bilayer,Blue,154.6621,179.4609,219.1084,-0.087098,0.68541
mock_03715,Trilayer,Purple-Blue,127.4883,147.5127,209.8359,-0.188526,0.969596
mock_03716,Monolayer,Light Blue,189.3672,204.873,237.2939,-0.049365,0.378101
mock_03717,Bilayer,Blue,154.8203,179.3408,219.2168,-0.095954,0.540027
mock_03718,Bulk,Yellow,187.6855,165.2236,121.166,-0.324201,4.808688
mock_03719,Few Layers,Green,114.3535,169.8574,149.7949,-0.267428,2.17674
mock_03720,Trilayer,Purple-Blue,127.4238,147.4414,209.1055,-0.13918,0.947757
mock_03721,Monolayer,Light Blue,189.1211,204.1777,237.2695,-0.048673,0.48414
mock_03722,Monolayer,Light Blue,189.5107,204.7266,237.0918,-0.042987,0.264648
mock_03723,Bilayer,Blue,154.3916,179.4844,219.916,-0.106173,0.494138
mock_03724,Bulk,Yellow,187.3525,165.7539,121.3975,-0.326067,4.936611
mock_03725,Trilayer,Purple-Blue,127.2959,147.5508,209.6094,-0.139788,0.91234
mock_03726,Trilayer,Purple-Blue,127.6777,147.3721,209.4824,-0.140968,1.106138
mock_03727,Few Layers,Green,114.3799,169.2959,149.3018,-0.26825,2.196209
mock_03728,Monolayer,Light Blue,189.3096,204.375,237.6621,-0.049121,0.312407
mock_03729,Monolayer,Light Blue,189.3574,204.4463,237.6709,-0.03385,0.322394
mock_03730,Trilayer,Purple-Blue,127.4648,147.7617,209.4902,-0.186565,1.01863
mock_03731,Monolayer,Light Blue,189.6758,204.6182,237.2559,-0.058788,0.38944
mock_03732,Bilayer,Blue,154.4932,179.0439,219.5352,-0.10541,0.625823
mock_03733,Bulk,Yellow,187.5439,165.1318,121.5049,-0.324571,4.971021
mock_03734,Monolayer,Light Blue,189.4209,204.626,237.4609,-0.050933,0.386814
mock_03735,Trilayer,Purple-Blue,127.624,147.7529,209.8174,-0.160789,0.90069
mock_03736,Monolayer,Light Blue,189.4561,204.792,237.2891,-0.051912,0.334154
mock_03737,Monolayer,Light Blue,189.417,204.0977,237.8174,-0.055497,0.42323
mock_03738,Monolayer,Light Blue,189.2832,204.2695,237.4688,-0.072953,0.166936
mock_03739,Monolayer,Light Blue,189.8955,204.2109,237.832,-0.055454,0.501411
mock_03740,Monolayer,Light Blue,189.2959,204.5801,237.3242,-0.067563,0.425892
mock_03741,Bilayer,Blue,154.6982,179.251,219.417,-0.115613,0.759236
mock_03742,Monolayer,Light Blue,189.5664,203.9434,238.0303,-0.033157,0.308553
mock_03743,Bulk,Yellow,187.5459,165.3389,121.7363,-0.327835,5.051969
mock_03744,Monolayer,Light Blue,189.3047,204.8711,237.2109,-0.078507,0.280531
mock_03745,Few Layers,Green,114.2822,169.0654,149.2725,-0.216489,2.242012
mock_03746,Trilayer,Purple-Blue,127.2969,147.5674,209.918,-0.147566,1.037822
mock_03747,Trilayer,Purple-Blue,128.1943,147.4082,209.3145,-0.161152,1.008308
mock_03748,Trilayer,Purple-Blue,127.6035,147.2158,209.751,-0.167181,0.973163
mock_03749,Monolayer,Light Blue,189.3789,204.5928,237.7734,-0.05192,0.306005
mock_03750,Bulk,Yellow,187.6553,165.6582,121.5781,-0.324186,5.103771
mock_03751,Few Layers,Green,114.5381,169.8408,149.1094,-0.255577,2.235697
mock_03752,Trilayer,Purple-Blue,127.6143,147.2578,209.4902,-0.14898,1.106191
mock_03753,Trilayer,Purple-Blue,127.585,146.9551,209.3242,-0.178652,1.023537
mock_03754,Bulk,Yellow,187.5146,165.4785,121.418,-0.310216,4.954971
mock_03755,Bilayer,Blue,154.4385,179.4365,219.3535,-0.117343,0.603509
mock_03756,Few Layers,Green,114.1172,169.6045,149.3232,-0.236804,2.188636
mock_03757,Bulk,Yellow,187.1602,165.6143,121.0146,-0.333477,4.986079
mock_03758,Monolayer,Light Blue,189.5742,204.3359,237.543,-0.023651,0.309261
mock_03759,Bulk,Yellow,187.3457,165.7188,121.5977,-0.310006,5.179533
mock_03760,Bilayer,Blue,154.6582,180.0527,219.293,-0.072425,0.550525
mock_03761,Monolayer,Light Blue,189.7637,204.1582,237.5039,-0.073409,0.241971
mock_03762,Trilayer,Purple-Blue,127.1172,147.333,209.3945,-0.150672,0.880612
mock_03763,Trilayer,Purple-Blue,127.2402,147.6934,209.501,-0.162395,1.077715
mock_03764,Trilayer,Purple-Blue,128.1514,147.4082,209.5264,-0.159114,1.080786
mock_03765,Trilayer,Purple-Blue,128.0264,147.5742,209.3164,-0.148295,0.957557
mock_03766,Trilayer,Purple-Blue,127.4756,147.0605,209.1533,-0.176275,1.11963
mock_03767,Bilayer,Blue,154.3623,179.1729,219.3145,-0.084203,0.637089
mock_03768,Few Layers,Green,114.1445,170.042,149.6074,-0.21962,2.274996
mock_03769,Monolayer,Light Blue,189.3447,204.7725,237.5215,-0.048798,0.417437
mock_03770,Bulk,Yellow,187.1523,165.4434,121.3232,-0.321166,4.984031
mock_03771,Bilayer,Blue,154.6182,179.6436,219.0225,-0.106595,0.620359
mock_03772,Bilayer,Blue,154.3057,179.8105,219.457,-0.116787,0.664757
mock_03773,Bilayer,Blue,154.626,179.2646,219.6719,-0.109601,0.603462
mock_03774,Few Layers,Green,115.0049,169.6016,149.8096,-0.235199,2.140919
mock_03775,Few Layers,Green,114.2295,169.665,149.3926,-0.248528,2.225806
mock_03776,Few Layers,Green,115.0869,169.459,149.4414,-0.236443,2.206692
mock_03777,Bulk,Yellow,187.9512,165.457,121.2881,-0.323495,5.015399
mock_03778,Trilayer,Purple-Blue,127.6084,147.4062,209.4082,-0.162305,0.995552
mock_03779,Few Layers,Green,114.1123,169.1426,149.5254,-0.253512,2.163765
mock_03780,Monolayer,Light Blue,189.7178,204.6152,237.6895,-0.0448,0.272627
mock_03781,Few Layers,Green,114.8311,169.1221,149.668,-0.247839,2.259427
mock_03782,Bulk,Yellow,187.1064,165.0693,121.5459,-0.329865,4.90379
mock_03783,Bulk,Yellow,187.9062,165.5439,121.3877,-0.3114,4.95346
mock_03784,Few Layers,Green,114.6758,169.6738,149.0166,-0.243025,2.21845
mock_03785,Bilayer,Blue,154.8594,179.3232,219.4688,-0.119636,0.839478
mock_03786,Trilayer,Purple-Blue,127.2236,147.376,209.1318,-0.165746,1.002832
mock_03787,Few Layers,Green,114.5273,169.6621,149.4775,-0.235717,2.337189
mock_03788,Bilayer,Blue,155.2441,179.6045,219.6484,-0.113232,0.518245
mock_03789,Bulk,Yellow,187.2764,165.5381,121.2969,-0.343783,5.035763
mock_03790,Bulk,Yellow,187.1279,165.4473,121.1084,-0.291158,4.815858
mock_03791,Trilayer,Purple-Blue,127.5615,147.5352,209.8271,-0.166025,0.957951
mock_03792,Bilayer,Blue,154.6348,179.2812,219.1504,-0.099353,0.55235
mock_03793,Monolayer,Light Blue,189.835,204.9639,237.7129,-0.070264,0.389324
mock_03794,Few Layers,Green,114.7412,169.9658,149.3525,-0.231505,2.085619
mock_03795,Bulk,Yellow,188.0117,165.8242,121.3193,-0.312581,5.130038
mock_03796,Few Layers,Green,114.165,169.6631,149.4736,-0.267602,2.313207
mock_03797,Few Layers,Green,114.333,169.5635,149.584,-0.236468,2.318231
mock_03798,Bulk,Yellow,187.251,165.167,121.8018,-0.341739,4.964815
mock_03799,Few Layers,Green,114.6367,169.415,149.666,-0.220111,2.39507
mock_03800,Monolayer,Light Blue,189.0693,204.623,237.0371,-0.071293,0.258527
mock_03801,Few Layers,Green,114.9482,169.5029,149.4336,-0.214781,2.148203
mock_03802,Monolayer,Light Blue,189.6865,204.0557,237.5059,-0.040851,0.316971
mock_03803,Bilayer,Blue,154.6104,179.3174,219.2266,-0.09593,0.720389
mock_03804,Trilayer,Purple-Blue,127.7842,147.4463,209.4863,-0.124152,0.958209
mock_03805,Monolayer,Light Blue,189.5088,204.3115,237.21,-0.076664,0.270157
mock_03806,Trilayer,Purple-Blue,127.542,147.1553,209.1611,-0.176314,1.001497
mock_03807,Monolayer,Light Blue,189.3906,204.6631,237.7178,-0.027061,0.275141
mock_03808,Monolayer,Light Blue,189.5186,204.4375,237.4707,-0.062144,0.347819
mock_03809,Trilayer,Purple-Blue,127.3789,147.791,209.5898,-0.143414,0.991487
mock_03810,Monolayer,Light Blue,189.7852,204.416,237.8418,-0.041312,0.276737
mock_03811,Monolayer,Light Blue,189.5234,204.1289,237.3936,-0.037211,0.223378
mock_03812,Bilayer,Blue,154.7295,179.8936,219.5547,-0.071449,0.614828
mock_03813,Few Layers,Green,114.46,169.625,149.6055,-0.257202,2.152765
mock_03814,Few Layers,Green,114.8516,169.7002,149.5957,-0.253535,2.190499
mock_03815,Bulk,Yellow,187.2969,165.6113,121.4092,-0.318988,4.909508
mock_03816,Trilayer,Purple-Blue,128.0186,147.3105,209.751,-0.168785,0.952805
mock_03817,Few Layers,Green,114.3799,169.5635,149.7334,-0.250477,2.190014
mock_03818,Monolayer,Light Blue,189.1885,204.2891,237.7002,-0.060429,0.247143
mock_03819,Few Layers,Green,114.501,169.1211,149.6865,-0.251749,2.218404
mock_03820,Bilayer,Blue,154.1641,179.5928,219.6084,-0.121594,0.722361
mock_03821,Monolayer,Light Blue,189.6865,204.1348,237.6758,-0.065353,0.400782
mock_03822,Bilayer,Blue,154.0615,179.7783,219.4209,-0.101542,0.784306
mock_03823,Monolayer,Light Blue,189.4082,204.7227,237.0566,-0.045496,0.282547
mock_03824,Bilayer,Blue,154.5107,179.7744,219.6758,-0.108534,0.674985
mock_03825,Trilayer,Purple-Blue,127.2334,147.167,209.3096,-0.118976,0.872819
mock_03826,Bulk,Yellow,187.4541,165.7139,121.7529,-0.315031,4.97363
mock_03827,Trilayer,Purple-Blue,127.6875,147.0156,209.9453,-0.165925,1.08482
mock_03828,Bilayer,Blue,154.4648,179.3574,219.5312,-0.104758,0.619505
mock_03829,Few Layers,Green,114.9492,169.5713,149.8535,-0.253207,2.273834
mock_03830,Bulk,Yellow,187.0312,165.9307,121.5947,-0.333049,5.00956
mock_03831,Trilayer,Purple-Blue,127.54,147.7324,209.4951,-0.175504,0.995872
mock_03832,Few Layers,Green,114.2305,169.8496,149.3604,-0.232605,2.266685
mock_03833,Bilayer,Blue,154.4424,179.9492,219.5371,-0.078054,0.565135
mock_03834,Few Layers,Green,114.8477,169.7852,149.4463,-0.245264,2.273565
mock_03835,Few Layers,Green,114.3721,169.7236,149.6602,-0.253164,2.021658
mock_03836,Bilayer,Blue,154.6768,179.5176,219.6562,-0.092989,0.644995
mock_03837,Bulk,Yellow,187.5625,165.498,121.2422,-0.309506,4.987239
mock_03838,Few Layers,Green,114.5322,169.0762,149.2715,-0.228902,2.186967
mock_03839,Trilayer,Purple-Blue,127.2812,147.3887,209.665,-0.153092,0.880519
mock_03840,Few Layers,Green,114.6758,169.7842,149.9609,-0.236275,2.143989
mock_03841,Trilayer,Purple-Blue,127.2451,147.6123,209.5469,-0.149054,1.048573
mock_03842,Bilayer,Blue,154.2549,179.8047,219.3555,-0.115789,0.681518
mock_03843,Trilayer,Purple-Blue,127.623,147.8086,209.2266,-0.149854,0.931939
mock_03844,Trilayer,Purple-Blue,127.3076,147.5537,209.7783,-0.16048,0.832763
mock_03845,Trilayer,Purple-Blue,127.8213,147.7275,209.7109,-0.151821,1.022793
mock_03846,Bilayer,Blue,154.7168,179.2734,219.6152,-0.093353,0.700263
mock_03847,Monolayer,Light Blue,189.1758,204.3584,237.8584,-0.067676,0.270118
mock_03848,Trilayer,Purple-Blue,127.1045,146.998,209.418,-0.144289,0.879428
mock_03849,Trilayer,Purple-Blue,127.708,147.8232,209.6465,-0.158774,0.968571
mock_03850,Monolayer,Light Blue,189.7686,204.7676,237.4648,-0.034294,0.395254
mock_03851,Few Layers,Green,114.5439,169.4697,149.2617,-0.212043,2.273754
mock_03852,Bulk,Yellow,187.2666,165.2529,121.2344,-0.329713,5.108637
mock_03853,Bilayer,Blue,154.5459,179.6777,219.3984,-0.096545,0.620658
mock_03854,Few Layers,Green,114.7451,169.7617,149.1367,-0.231298,2.264453
mock_03855,Few Layers,Green,114.4131,169.3975,149.6299,-0.261037,2.12974
mock_03856,Trilayer,Purple-Blue,127.5762,147.8359,209.9834,-0.157071,1.162139
mock_03857,Trilayer,Purple-Blue,127.6484,147.6641,209.2881,-0.161268,1.043148
mock_03858,Bulk,Yellow,187.6113,165.5869,121.5215,-0.341296,5.095084
mock_03859,Bulk,Yellow,187.958,165.7676,121.3311,-0.319075,4.9281
mock_03860,Trilayer,Purple-Blue,127.416,146.9199,209.1338,-0.181051,0.925529
mock_03861,Monolayer,Light Blue,189.5078,204.377,237.6709,-0.035817,0.399986
mock_03862,Monolayer,Light Blue,189.4072,204.5654,237.7617,-0.085178,0.214067
mock_03863,Monolayer,Light Blue,189.4521,204.4629,237.0479,-0.064121,0.250812
mock_03864,Bilayer,Blue,154.665,179.6113,219.416,-0.086111,0.659263
mock_03865,Few Layers,Green,114.6748,169.6387,149.8975,-0.233466,2.145236
mock_03866,Trilayer,Purple-Blue,127.5762,147.7422,209.8828,-0.133791,1.162904
mock_03867,Monolayer,Light Blue,189.5127,204.6777,237.2754,-0.030157,0.216791
mock_03868,Bilayer,Blue,154.6504,179.002,219.7197,-0.091116,0.575131
mock_03869,Trilayer,Purple-Blue,127.8281,147.6201,209.6152,-0.148082,0.934143
mock_03870,Bilayer,Blue,154.7432,179.0947,219.5146,-0.093503,0.654635
mock_03871,Trilayer,Purple-Blue,127.6543,147.4463,209.4229,-0.170527,1.129901
mock_03872,Trilayer,Purple-Blue,127.5312,147.6152,209.6484,-0.16932,0.945645
mock_03873,Monolayer,Light Blue,189.376,204.8213,236.9795,-0.051222,0.362053
mock_03874,Bilayer,Blue,154.2471,179.5469,219.6016,-0.091983,0.562611
mock_03875,Monolayer,Light Blue,189.4629,204.377,237.8037,-0.027116,0.268615
mock_03876,Few Layers,Green,114.1924,169.4697,149.4941,-0.255739,2.30024
mock_03877,Monolayer,Light Blue,189.3926,204.7588,237.7354,-0.064079,0.385166
mock_03878,Few Layers,Green,114.3135,169.6504,149.6699,-0.230772,2.163333
mock_03879,Monolayer,Light Blue,189.1455,204.291,237.084,-0.026531,0.237284
mock_03880,Bulk,Yellow,187.8086,165.2725,120.9219,-0.29632,4.884059
mock_03881,Few Layers,Green,114.1904,169.1318,149.7676,-0.247699,2.257968
mock_03882,Monolayer,Light Blue,189.2979,204.3301,237.3291,-0.056879,0.249812
mock_03883,Bulk,Yellow,187.5703,165.4141,121.3984,-0.319554,5.038525
mock_03884,Few Layers,Green,114.2861,169.1875,149.7031,-0.237769,2.282672
mock_03885,Monolayer,Light Blue,189.7559,204.2832,237.5029,-0.033469,0.367323
mock_03886,Trilayer,Purple-Blue,127.4971,147.4404,209.8438,-0.150721,1.003997
mock_03887,Monolayer,Light Blue,189.4189,204.8184,237.3164,-0.069776,0.549373
mock_03888,Few Layers,Green,114.3555,169.2559,149.9072,-0.247934,2.050802
mock_03889,Bilayer,Blue,154.8838,179.2041,219.3945,-0.114727,0.665517
mock_03890,Monolayer,Light Blue,189.5566,204.6074,237.4492,-0.04917,0.3253
mock_03891,Monolayer,Light Blue,189.7822,204.5176,237.6396,-0.068335,0.395224
mock_03892,Monolayer,Light Blue,189.4863,204.4648,237.5732,-0.057502,0.477612
mock_03893,Trilayer,Purple-Blue,127.502,148.207,209.6035,-0.15661,0.969551
mock_03894,Bulk,Yellow,187.8789,165.4551,120.999,-0.334901,4.962407
mock_03895,Few Layers,Green,114.2822,169.5576,149.71,-0.242098,2.137364
mock_03896,Trilayer,Purple-Blue,127.6426,147.0908,209.4053,-0.157118,1.000037
mock_03897,Monolayer,Light Blue,189.3408,204.6133,236.9961,-0.048611,0.319902
mock_03898,Monolayer,Light Blue,189.873,204.2744,237.4785,-0.042268,0.344199
mock_03899,Bilayer,Blue,154.3789,179.6924,219.7646,-0.091179,0.547409
mock_03900,Trilayer,Purple-Blue,127.5156,147.8389,209.668,-0.159765,0.937195
mock_03901,Monolayer,Light Blue,189.5156,204.8213,237.7217,-0.052634,0.230963
mock_03902,Bulk,Yellow,187.4932,165.3506,121.3203,-0.317056,5.023656
mock_03903,Few Layers,Green,114.6924,169.6895,149.415,-0.227657,2.415856
mock_03904,Bulk,Yellow,187.4941,165.2783,121.0166,-0.334345,5.086466
mock_03905,Bilayer,Blue,154.0342,179.0908,219.4834,-0.107775,0.681374
mock_03906,Bulk,Yellow,187.5049,164.7803,121.582,-0.322377,5.181026
mock_03907,Bulk,Yellow,187.8818,165.1113,121.4707,-0.295915,4.986445
mock_03908,Bilayer,Blue,154.7939,179.4014,219.8281,-0.107276,0.635081
mock_03909,Trilayer,Purple-Blue,127.2744,147.1953,209.1035,-0.170914,1.008255
mock_03910,Monolayer,Light Blue,189.6855,203.9922,237.3848,-0.054013,0.274084
mock_03911,Bilayer,Blue,154.457,178.9395,219.6113,-0.089531,0.630684
mock_03912,Bilayer,Blue,154.1396,179.8096,219.834,-0.121964,0.56251
mock_03913,Bulk,Yellow,187.5479,165.4473,121.793,-0.358673,5.001808
mock_03914,Monolayer,Light Blue,189.0859,204.2822,238.002,-0.050691,0.331268
mock_03915,Monolayer,Light Blue,189.6777,204.5117,237.5459,-0.049315,0.400224
mock_03916,Bilayer,Blue,154.3633,179.2578,219.2471,-0.072702,0.751855
mock_03917,Trilayer,Purple-Blue,127.3164,147.2959,209.5566,-0.143723,1.090671
mock_03918,Bilayer,Blue,154.2598,179.5693,219.4668,-0.107016,0.638711
mock_03919,Monolayer,Light Blue,189.3535,204.3398,237.2891,-0.053034,0.378086
mock_03920,Monolayer,Light Blue,189.3564,204.5498,237.5029,-0.042656,0.282705
mock_03921,Bulk,Yellow,187.8438,165.4268,121.8955,-0.325801,5.096669
mock_03922,Few Layers,Green,114.2314,169.3398,149.541,-0.242434,2.07409
mock_03923,Trilayer,Purple-Blue,127.4033,147.4346,209.3389,-0.148583,0.959062
mock_03924,Few Layers,Green,114.7793,170.0176,149.7217,-0.242393,2.177086
mock_03925,Monolayer,Light Blue,189.8672,204.5938,237.4551,-0.05022,0.421483
mock_03926,Bilayer,Blue,154.0645,179.7451,219.665,-0.099092,0.570308
mock_03927,Few Layers,Green,114.2949,169.8135,149.3887,-0.247726,2.206631
mock_03928,Monolayer,Light Blue,189.4668,204.4375,237.5918,-0.034602,0.411617
mock_03929,Monolayer,Light Blue,189.6855,204.3379,237.5811,-0.053365,0.42987
mock_03930,Trilayer,Purple-Blue,127.5869,147.6299,209.709,-0.135385,0.97031
mock_03931,Bilayer,Blue,154.7656,180.0361,219.3682,-0.113897,0.68343
mock_03932,Few Layers,Green,114.4541,170.1621,149.5098,-0.224908,2.282151
mock_03933,Monolayer,Light Blue,189.6738,204.5908,237.2139,-0.007225,0.391502
mock_03934,Few Layers,Green,114.4727,169.7529,149.8965,-0.255389,2.239605
mock_03935,Few Layers,Green,114.7168,169.4209,149.5684,-0.247812,2.273259
mock_03936,Monolayer,Light Blue,189.3037,204.541,237.4805,-0.043217,0.273838
mock_03937,Monolayer,Light Blue,189.6201,203.9736,237.5381,-0.063133,0.427516
mock_03938,Bulk,Yellow,187.6377,165.8701,121.3418,-0.31401,4.899377
mock_03939,Bilayer,Blue,154.5498,179.4189,219.7051,-0.143382,0.708767
mock_03940,Bilayer,Blue,154.5205,179.8496,219.5527,-0.090512,0.66265
mock_03941,Monolayer,Light Blue,189.6484,204.6006,237.1445,-0.050387,0.337234
mock_03942,Monolayer,Light Blue,189.7793,204.6387,237.8145,-0.042909,0.351079
mock_03943,Bilayer,Blue,154.7832,179.668,219.4111,-0.105079,0.462802
mock_03944,Monolayer,Light Blue,189.2725,204.625,237.7031,-0.028283,0.211891
mock_03945,Few Layers,Green,114.2637,169.3584,149.3555,-0.21701,2.130494
mock_03946,Trilayer,Purple-Blue,127.3838,147.4893,209.6582,-0.151695,1.098329
mock_03947,Monolayer,Light Blue,189.8096,204.6318,237.8369,-0.049406,0.262411
mock_03948,Few Layers,Green,114.6016,169.4902,149.2939,-0.252094,2.194897
mock_03949,Monolayer,Light Blue,189.4131,204.9004,237.2031,-0.06166,0.240348
mock_03950,Bilayer,Blue,154.415,179.6719,219.25,-0.101934,0.629136
mock_03951,Bilayer,Blue,154.2314,179.3301,219.1406,-0.10788,0.560044
mock_03952,Trilayer,Purple-Blue,127.4932,147.9521,209.6318,-0.145213,1.085668
mock_03953,Few Layers,Green,114.9248,169.7539,149.248,-0.232898,2.283248
mock_03954,Monolayer,Light Blue,189.6084,204.2295,237.5039,-0.023226,0.361164
mock_03955,Few Layers,Green,114.6006,169.499,149.2803,-0.246109,2.290242
mock_03956,Monolayer,Light Blue,189.5635,204.1807,237.2607,-0.084528,0.404938
mock_03957,Monolayer,Light Blue,189.6963,204.2891,237.0684,-0.051358,0.303388
mock_03958,Bulk,Yellow,187.832,165.0674,121.7402,-0.307818,4.977308
mock_03959,Few Layers,Green,114.293,169.1875,149.0557,-0.251915,2.332003
mock_03960,Few Layers,Green,114.376,169.4463,149.417,-0.228266,2.120223
mock_03961,Trilayer,Purple-Blue,127.4775,147.9199,209.2412,-0.144904,0.924366
mock_03962,Bilayer,Blue,154.4688,179.2148,219.877,-0.087497,0.59895
mock_03963,Bilayer,Blue,154.1455,179.4043,219.2285,-0.103169,0.657471
mock_03964,Trilayer,Purple-Blue,127.7822,147.4219,209.6719,-0.15223,1.042066
mock_03965,Monolayer,Light Blue,189.5996,204.4609,237.4248,-0.051151,0.372879
mock_03966,Trilayer,Purple-Blue,127.6582,147.7373,209.8672,-0.145605,1.080286
mock_03967,Bulk,Yellow,187.6094,166.0127,121.5205,-0.302516,4.993006
mock_03968,Monolayer,Light Blue,189.5498,204.5771,236.9824,-0.075463,0.277204
mock_03969,Trilayer,Purple-Blue,127.4102,147.2119,209.4795,-0.179907,1.023528
mock_03970,Bilayer,Blue,153.9453,179.2891,219.6445,-0.109374,0.67799
mock_03971,Trilayer,Purple-Blue,127.3271,147.667,209.9424,-0.154459,0.982794
mock_03972,Monolayer,Light Blue,189.25,204.5547,237.3135,-0.067883,0.307465
mock_03973,Few Layers,Green,114.584,169.6641,149.3223,-0.227084,2.217839
mock_03974,Bilayer,Blue,154.6719,179.6133,219.7666,-0.097203,0.62084
mock_03975,Trilayer,Purple-Blue,127.8232,147.3516,209.1787,-0.15842,1.118761
mock_03976,Bulk,Yellow,187.6162,165.4199,121.4346,-0.313771,5.007647
mock_03977,Monolayer,Light Blue,189.4102,204.1172,237.3281,-0.067184,0.250885
mock_03978,Few Layers,Green,114.123,169.4463,149.2744,-0.26584,2.216954
mock_03979,Trilayer,Purple-Blue,127.2832,147.4131,209.3145,-0.15406,1.002321
mock_03980,Trilayer,Purple-Blue,127.7783,147.4873,209.708,-0.157106,0.977516
mock_03981,Monolayer,Light Blue,189.5469,204.3867,237.4131,-0.06466,0.260071
mock_03982,Trilayer,Purple-Blue,127.4531,147.5088,209.1709,-0.164524,1.013267
mock_03983,Bilayer,Blue,154.541,179.4111,219.6152,-0.106967,0.648424
mock_03984,Monolayer,Light Blue,189.6885,204.4629,237.7461,-0.059605,0.299899
mock_03985,Monolayer,Light Blue,190.002,203.9941,237.3135,-0.055663,0.365644
mock_03986,Few Layers,Green,114.0791,169.6533,149.7617,-0.251514,2.24026
mock_03987,Few Layers,Green,114.373,169.7422,149.5566,-0.252438,2.185496
mock_03988,Bilayer,Blue,154.4111,179.6191,219.3594,-0.089096,0.588415
mock_03989,Monolayer,Light Blue,189.3506,204.7979,237.165,-0.050845,0.407275
mock_03990,Trilayer,Purple-Blue,127.7891,147.623,209.3984,-0.181378,0.9408
mock_03991,Monolayer,Light Blue,189.626,204.6025,237.5742,-0.033338,0.381437
mock_03992,Trilayer,Purple-Blue,127.3525,147.2969,209.251,-0.167237,1.025609
mock_03993,Bilayer,Blue,154.4902,179.5488,219.0625,-0.104041,0.611928
mock_03994,Monolayer,Light Blue,189.7402,203.916,237.1172,-0.062675,0.289422
mock_03995,Bulk,Yellow,187.3369,165.2871,121.3457,-0.355792,4.926636
mock_03996,Trilayer,Purple-Blue,127.54,147.1387,209.0537,-0.150501,1.00354
mock_03997,Bulk,Yellow,187.2529,165.6191,121.4414,-0.313131,5.048387
mock_03998,Monolayer,Light Blue,189.5791,204.1982,237.3711,-0.045903,0.288309
mock_03999,Trilayer,Purple-Blue,127.4883,147.2021,209.585,-0.147784,0.916727
mock_04000,Trilayer,Purple-Blue,127.6445,148.1025,209.3125,-0.161001,0.99697
mock_04001,Bilayer,Blue,154.4482,179.4326,219.3623,-0.108927,0.759728
mock_04002,Trilayer,Purple-Blue,127.543,147.9219,209.2305,-0.166786,0.971639
mock_04003,Monolayer,Light Blue,189.4248,204.5527,237.4932,-0.060228,0.433364
mock_04004,Few Layers,Green,114.3916,169.4561,149.3682,-0.23269,2.218784
mock_04005,Bilayer,Blue,154.3457,179.542,218.9785,-0.125606,0.5258
mock_04006,Monolayer,Light Blue,189.5674,204.8438,237.3594,-0.049375,0.210314
mock_04007,Monolayer,Light Blue,189.8623,204.7764,237.3252,-0.014853,0.302186
mock_04008,Monolayer,Light Blue,189.6357,204.1953,237.8447,-0.063497,0.39474
mock_04009,Few Layers,Green,114.5146,169.4375,149.2764,-0.210984,2.218913
mock_04010,Few Layers,Green,114.4746,169.1318,149.8535,-0.227015,2.255392
mock_04011,Trilayer,Purple-Blue,127.7979,147.4883,209.0547,-0.159803,0.985174
mock_04012,Bulk,Yellow,186.9414,165.6104,121.7754,-0.35116,5.015338
mock_04013,Monolayer,Light Blue,189.6533,204.7773,237.5352,-0.044838,0.307368
mock_04014,Monolayer,Light Blue,189.3936,204.5039,237.3848,-0.05645,0.296956
mock_04015,Trilayer,Purple-Blue,127.873,147.2646,209.7217,-0.162998,1.091096
mock_04016,Bilayer,Blue,154.3516,179.4893,219.0742,-0.08067,0.67841
mock_04017,Monolayer,Light Blue,189.2998,204.5635,237.1494,-0.041341,0.493099
mock_04018,Bilayer,Blue,154.5088,179.1494,219.7012,-0.093264,0.59189
mock_04019,Monolayer,Light Blue,189.6328,204.833,237.2588,-0.046638,0.385289
mock_04020,Bilayer,Blue,154.6123,179.2598,219.8125,-0.095302,0.578769
mock_04021,Bilayer,Blue,154.7002,179.6836,219.8418,-0.092943,0.670939
mock_04022,Monolayer,Light Blue,190.0293,204.3203,237.1895,-0.042705,0.315451
mock_04023,Few Layers,Green,114.5371,169.8389,149.5703,-0.231532,2.225616
mock_04024,Monolayer,Light Blue,189.624,204.9053,237.2539,-0.065494,0.29713
mock_04025,Bulk,Yellow,187.5732,165.7539,121.752,-0.326703,5.067414
mock_04026,Trilayer,Purple-Blue,126.9883,147.3613,209.6289,-0.162496,1.000333
mock_04027,Trilayer,Purple-Blue,127.4961,147.3809,209.5586,-0.144017,1.045737
mock_04028,Few Layers,Green,114.3584,169.3584,149.3203,-0.23399,2.31042
mock_04029,Bulk,Yellow,187.2676,165.3701,121.876,-0.343549,5.029651
mock_04030,Bulk,Yellow,186.7744,165.582,121.1846,-0.329174,4.934197
mock_04031,Bulk,Yellow,187.5977,165.5137,121.3672,-0.322125,5.05663
mock_04032,Few Layers,Green,114.043,169.3271,149.7666,-0.223268,2.227662
mock_04033,Few Layers,Green,114.3213,169.8438,149.5234,-0.245358,2.258102
mock_04034,Trilayer,Purple-Blue,127.3047,147.4121,209.6523,-0.158198,1.000914
mock_04035,Monolayer,Light Blue,189.5605,204.7148,237.5059,-0.040232,0.242102
mock_04036,Bilayer,Blue,154.4941,179.1865,219.3965,-0.115641,0.794484
mock_04037,Bulk,Yellow,187.5518,165.458,121.0137,-0.310894,5.050956
mock_04038,Monolayer,Light Blue,189.3652,204.5781,237.2158,-0.03286,0.344248
mock_04039,Monolayer,Light Blue,189.6045,204.6895,237.3877,-0.039745,0.443134
mock_04040,Monolayer,Light Blue,189.5156,204.6895,237.4717,-0.028035,0.286551
mock_04041,Trilayer,Purple-Blue,127.6562,147.4648,209.5225,-0.155305,0.949354
mock_04042,Few Layers,Green,114.6367,169.582,149.9834,-0.256266,2.244379
mock_04043,Bulk,Yellow,187.373,165.582,120.9932,-0.338049,4.885701
mock_04044,Bilayer,Blue,154.2119,179.0967,219.9365,-0.086573,0.59047
mock_04045,Bilayer,Blue,154.5537,179.5508,219.2734,-0.114152,0.740798
mock_04046,Bulk,Yellow,187.2881,165.7305,121.6094,-0.306351,4.940698
mock_04047,Monolayer,Light Blue,189.5928,204.2578,237.7578,-0.034237,0.276167
mock_04048,Few Layers,Green,114.585,169.8389,149.9268,-0.212937,2.187835
mock_04049,Bilayer,Blue,154.0596,179.4814,219.2891,-0.093411,0.582213
mock_04050,Trilayer,Purple-Blue,127.6699,147.5225,209.3545,-0.142239,0.954965
mock_04051,Few Layers,Green,114.5635,169.3213,149.8066,-0.23303,2.320206
mock_04052,Monolayer,Light Blue,189.6504,204.5078,237.7295,-0.063999,0.298368
mock_04053,Few Layers,Green,114.998,169.291,149.5479,-0.218373,2.2052
mock_04054,Bilayer,Blue,154.3662,179.4854,219.2588,-0.117574,0.656327
mock_04055,Monolayer,Light Blue,189.6631,203.8418,237.3691,-0.059577,0.306609
mock_04056,Bulk,Yellow,187.5674,165.6025,121.6299,-0.322945,4.890039
mock_04057,Few Layers,Green,114.042,169.1797,149.4863,-0.243254,2.2619
mock_04058,Bilayer,Blue,154.457,179.5176,219.5596,-0.092952,0.692182
mock_04059,Bilayer,Blue,154.543,178.7666,219.7441,-0.099526,0.646824
mock_04060,Trilayer,Purple-Blue,127.7549,147.4102,209.3779,-0.163068,1.198051
mock_04061,Bulk,Yellow,187.4658,165.457,121.998,-0.318968,5.010209
mock_04062,Monolayer,Light Blue,189.4072,204.6045,237.3652,-0.052549,0.248303
mock_04063,Few Layers,Green,114.5322,169.5811,149.5195,-0.248866,2.168847
mock_04064,Trilayer,Purple-Blue,127.3447,147.7295,209.3125,-0.139897,0.950818
mock_04065,Few Layers,Green,114.3174,169.2852,149.2227,-0.235005,2.220021
mock_04066,Bilayer,Blue,154.4785,179.0479,219.3398,-0.126968,0.623562
mock_04067,Bulk,Yellow,187.4883,165.4277,121.5459,-0.328937,4.979919
mock_04068,Monolayer,Light Blue,189.6045,204.1924,236.9873,-0.042242,0.395302
mock_04069,Few Layers,Green,114.8086,169.0938,149.4639,-0.240116,2.138529
mock_04070,Few Layers,Green,114.585,169.6123,149.2559,-0.230283,2.29309
mock_04071,Trilayer,Purple-Blue,127.1895,147.7021,210.0059,-0.171646,0.9446
mock_04072,Few Layers,Green,114.2451,169.252,149.5996,-0.245851,2.143439
mock_04073,Trilayer,Purple-Blue,127.3877,147.1855,209.5146,-0.161437,0.949322
mock_04074,Trilayer,Purple-Blue,127.541,147.0527,209.7295,-0.163029,1.017517
mock_04075,Few Layers,Green,114.5107,169.8125,149.1289,-0.229985,2.299887
mock_04076,Bilayer,Blue,154.5322,179.7227,219.7422,-0.08944,0.682234
mock_04077,Trilayer,Purple-Blue,127.6777,147.3711,209.8076,-0.165207,0.963949
mock_04078,Bulk,Yellow,187.4463,165.6338,121.4297,-0.331887,4.985202
mock_04079,Few Layers,Green,114.0898,170.0488,149.0674,-0.237207,2.056759
mock_04080,Monolayer,Light Blue,189.875,204.707,237.6895,-0.045453,0.218823
mock_04081,Monolayer,Light Blue,189.3486,204.4961,237.0986,-0.047329,0.308731
mock_04082,Trilayer,Purple-Blue,127.5059,147.6777,209.5049,-0.161173,0.943164
mock_04083,Monolayer,Light Blue,189.6807,204.54,237.8018,-0.044713,0.42532
mock_04084,Monolayer,Light Blue,189.2266,204.124,237.4795,-0.033987,0.226922
mock_04085,Few Layers,Green,114.4209,169.3779,149.3496,-0.24116,2.206606
mock_04086,Trilayer,Purple-Blue,127.8271,147.4248,209.6543,-0.193808,0.883097
mock_04087,Monolayer,Light Blue,189.2285,204.4102,237.5381,-0.050229,0.446034
mock_04088,Trilayer,Purple-Blue,127.418,147.6338,209.6855,-0.166575,0.965514
mock_04089,Few Layers,Green,114.3467,169.6592,149.7656,-0.257461,2.095692
mock_04090,Bilayer,Blue,154.6445,179.4072,219.6387,-0.09831,0.693788
mock_04091,Trilayer,Purple-Blue,127.6406,147.917,209.6396,-0.16374,0.896573
mock_04092,Bulk,Yellow,187.7441,165.2305,121.6133,-0.323448,4.994964
mock_04093,Monolayer,Light Blue,189.4375,204.6025,237.6357,-0.057673,0.25341
mock_04094,Trilayer,Purple-Blue,127.4492,147.2998,209.3701,-0.129285,1.014654
mock_04095,Trilayer,Purple-Blue,127.6602,146.9834,209.3359,-0.143691,1.10768
mock_04096,Bilayer,Blue,154.6787,179.4307,219.2305,-0.103455,0.754803
mock_04097,Trilayer,Purple-Blue,127.4404,147.2236,209.8682,-0.148387,1.067699
mock_04098,Trilayer,Purple-Blue,127.8096,147.9346,209.5332,-0.17029,0.857646
mock_04099,Few Layers,Green,114.3857,169.083,149.376,-0.235393,2.090023
mock_04100,Monolayer,Light Blue,189.4385,204.3828,237.71,-0.071412,0.339999
mock_04101,Bulk,Yellow,187.4277,165.7822,121.4521,-0.311598,5.046758
mock_04102,Monolayer,Light Blue,189.3594,205.0449,237.6426,-0.061452,0.305714
mock_04103,Bulk,Yellow,187.7988,165.3896,121.46,-0.335375,4.984954
mock_04104,Monolayer,Light Blue,189.4951,204.71,237.4766,-0.050443,0.346565
mock_04105,Trilayer,Purple-Blue,127.2744,146.9297,209.6514,-0.172002,0.911383
mock_04106,Bulk,Yellow,187.8545,165.5889,121.6289,-0.361601,4.928694
mock_04107,Few Layers,Green,114.8408,169.4404,149.6816,-0.232425,2.178309
mock_04108,Monolayer,Light Blue,189.1074,204.4043,237.5771,-0.068141,0.403029
mock_04109,Trilayer,Purple-Blue,127.5645,147.7432,209.6562,-0.183812,0.984071
mock_04110,Bilayer,Blue,154.8242,179.5713,219.4365,-0.109153,0.545858
mock_04111,Few Layers,Green,114.7188,169.3379,149.4854,-0.212838,2.290127
mock_04112,Bulk,Yellow,187.54,165.7627,121.6797,-0.292138,4.893853
mock_04113,Few Layers,Green,115.0332,169.6758,149.0342,-0.218043,2.139298
mock_04114,Bilayer,Blue,154.7607,179.418,219.3691,-0.104569,0.526973
mock_04115,Bilayer,Blue,154.6387,179.2432,219.8145,-0.08643,0.695123
mock_04116,Bulk,Yellow,187.6582,165.4355,121.0957,-0.322105,4.951526
mock_04117,Bulk,Yellow,187.0459,165.3857,121.4131,-0.346368,4.857084
mock_04118,Few Layers,Green,114.1758,169.3125,149.6357,-0.223369,2.302157
mock_04119,Few Layers,Green,114.4648,169.6191,149.4502,-0.22858,2.200646
mock_04120,Bulk,Yellow,187.7598,165.1152,121.4443,-0.336154,4.976389
mock_04121,Monolayer,Light Blue,189.1426,204.4482,237.5645,-0.031301,0.231887
mock_04122,Monolayer,Light Blue,189.6348,204.2393,237.2158,-0.068101,0.298031
mock_04123,Monolayer,Light Blue,189.7432,204.7324,237.5303,-0.045189,0.345414
mock_04124,Few Layers,Green,114.332,169.8447,149.2852,-0.259164,2.275406
mock_04125,Few Layers,Green,114.3135,169.2861,149.7871,-0.244513,2.194742
mock_04126,Trilayer,Purple-Blue,127.4229,147.1582,209.6426,-0.148186,1.146959
mock_04127,Bilayer,Blue,154.2764,179.4248,219.5576,-0.119891,0.644745
mock_04128,Bulk,Yellow,187.873,165.668,121.2324,-0.319092,5.049249
mock_04129,Bulk,Yellow,187.7373,165.4922,122.0898,-0.306209,5.000787
mock_04130,Few Layers,Green,114.8857,169.4932,149.6699,-0.253891,2.282093
mock_04131,Few Layers,Green,114.752,169.8604,149.0742,-0.233608,2.02205
mock_04132,Bilayer,Blue,154.4316,179.5166,219.8232,-0.116627,0.79165
mock_04133,Bilayer,Blue,154.8711,179.1797,219.5039,-0.102259,0.750019
mock_04134,Bilayer,Blue,154.1865,179.6553,219.3447,-0.119439,0.548509
mock_04135,Bilayer,Blue,154.5791,179.8057,219.5869,-0.095069,0.834704
mock_04136,Bulk,Yellow,187.7139,165.2178,121.3691,-0.285384,5.122458
mock_04137,Trilayer,Purple-Blue,127.2627,147.1221,209.4717,-0.131345,1.125573
mock_04138,Trilayer,Purple-Blue,127.1182,147.5205,209.5078,-0.150438,1.038071
mock_04139,Monolayer,Light Blue,189.4629,204.7295,237.54,-0.036242,0.267531
mock_04140,Monolayer,Light Blue,189.5869,204.4307,237.7861,-0.075016,0.320344
mock_04141,Bulk,Yellow,186.9434,165.6621,121.4365,-0.276505,5.167995
mock_04142,Monolayer,Light Blue,189.6309,204.5283,237.7148,-0.06989,0.372713
mock_04143,Bulk,Yellow,187.7637,165.0635,121.375,-0.307936,5.069828
mock_04144,Trilayer,Purple-Blue,127.7246,147.5781,209.4287,-0.148026,1.011593
mock_04145,Bulk,Yellow,187.6338,165.7188,121.6846,-0.343517,5.116198
mock_04146,Monolayer,Light Blue,189.2803,204.6865,237.3555,-0.059983,0.469746
mock_04147,Bilayer,Blue,154.5215,179.1943,219.7334,-0.091094,0.474856
mock_04148,Few Layers,Green,114.0928,169.4443,148.6758,-0.224502,2.203141
mock_04149,Monolayer,Light Blue,189.5498,204.7061,237.7383,-0.065706,0.438686
mock_04150,Monolayer,Light Blue,189.0967,204.6328,237.4453,-0.065214,0.621745
mock_04151,Trilayer,Purple-Blue,127.4961,147.2568,209.8311,-0.171716,0.980811
mock_04152,Monolayer,Light Blue,189.5166,204.1611,237.4951,-0.047483,0.510571
mock_04153,Trilayer,Purple-Blue,127.5264,147.625,209.7051,-0.158885,1.131998
mock_04154,Trilayer,Purple-Blue,127.4033,147.2969,209.8779,-0.167845,1.003821
mock_04155,Monolayer,Light Blue,189.5039,204.375,237.2832,-0.052623,0.460625
mock_04156,Bilayer,Blue,154.8555,179.2646,219.6426,-0.121195,0.612437
mock_04157,Trilayer,Purple-Blue,127.8555,147.6504,209.9873,-0.179787,1.008914
mock_04158,Bilayer,Blue,154.8965,179.582,219.0527,-0.090622,0.662614
mock_04159,Few Layers,Green,114.4834,169.2295,149.4775,-0.256138,2.171684
mock_04160,Trilayer,Purple-Blue,126.8623,147.3887,209.6768,-0.182722,1.027216
mock_04161,Few Layers,Green,114.4424,170.0518,149.6416,-0.23111,2.236659
mock_04162,Few Layers,Green,114.7363,169.5176,149.5693,-0.234555,2.270333
mock_04163,Bilayer,Blue,154.4424,179.6055,219.3623,-0.100344,0.647661
mock_04164,Bilayer,Blue,154.293,179.5908,219.6172,-0.07758,0.60851
mock_04165,Few Layers,Green,114.5176,169.2656,149.0781,-0.236262,2.233613
mock_04166,Trilayer,Purple-Blue,127.7959,147.791,209.3438,-0.172755,1.062738
mock_04167,Few Layers,Green,114.3896,169.252,149.5928,-0.238204,2.256206
mock_04168,Bilayer,Blue,154.4658,179.6426,219.627,-0.079848,0.620062
mock_04169,Bilayer,Blue,154.7607,179.5342,220.0654,-0.077185,0.658958
mock_04170,Few Layers,Green,114.3418,169.6436,149.29,-0.246978,2.163479
mock_04171,Few Layers,Green,114.5654,169.8086,150.0908,-0.231171,2.166235
mock_04172,Monolayer,Light Blue,188.9404,204.6172,237.5547,-0.02972,0.279053
mock_04173,Bilayer,Blue,154.4082,179.5244,219.2354,-0.105558,0.605471
mock_04174,Monolayer,Light Blue,189.5225,204.6885,237.5127,-0.045745,0.389364
mock_04175,Monolayer,Light Blue,189.9717,204.2432,237.668,-0.04386,0.318617
mock_04176,Trilayer,Purple-Blue,127.5801,147.5049,209.376,-0.151573,1.055472
mock_04177,Monolayer,Light Blue,189.5088,204.5557,237.0225,-0.034458,0.255943
mock_04178,Few Layers,Green,114.4912,169.2197,149.6562,-0.24884,2.041592
mock_04179,Bulk,Yellow,187.71,164.793,121.3779,-0.313648,5.07473
mock_04180,Bulk,Yellow,187.5039,165.7393,121.4531,-0.30655,5.158112
mock_04181,Few Layers,Green,114.416,169.21,149.6436,-0.251559,2.076069
mock_04182,Trilayer,Purple-Blue,127.3057,147.1104,209.2783,-0.169928,1.051203
mock_04183,Few Layers,Green,114.4697,169.6025,149.1484,-0.229473,2.197218
mock_04184,Monolayer,Light Blue,189.665,204.7676,237.0137,-0.051371,0.279692
mock_04185,Monolayer,Light Blue,189.5469,204.1436,237.6309,-0.063614,0.447997
mock_04186,Bulk,Yellow,187.3301,165.1426,121.2227,-0.290987,5.083999
mock_04187,Monolayer,Light Blue,189.6904,204.915,237.9639,-0.046021,0.387341
mock_04188,Monolayer,Light Blue,189.4766,204.6758,237.0859,-0.058815,0.312122
mock_04189,Bulk,Yellow,187.582,165.5352,121.4795,-0.342534,4.978604
mock_04190,Monolayer,Light Blue,189.7656,203.9717,237.0615,-0.030642,0.405001
mock_04191,Bulk,Yellow,187.751,165.5674,121.4434,-0.315332,4.923201
mock_04192,Monolayer,Light Blue,189.1777,204.877,237.4297,-0.053898,0.250136
mock_04193,Bilayer,Blue,154.7559,179.0869,219.5039,-0.08353,0.695644
mock_04194,Bulk,Yellow,186.9932,165.5918,121.6113,-0.304245,4.984205
mock_04195,Few Layers,Green,114.8496,169.501,149.5459,-0.23955,2.100221
mock_04196,Bilayer,Blue,154.2344,179.2646,219.4395,-0.111726,0.771303
mock_04197,Few Layers,Green,114.501,169.5674,149.8115,-0.227509,2.158981
mock_04198,Few Layers,Green,114.3623,169.2236,149.5752,-0.241305,2.0778
mock_04199,Monolayer,Light Blue,189.4746,204.4785,237.1543,-0.051972,0.237055
mock_04200,Bilayer,Blue,154.6689,179.7607,219.6475,-0.079987,0.725505
mock_04201,Bulk,Yellow,187.8516,165.4473,121.708,-0.315505,5.057631
mock_04202,Bulk,Yellow,187.7314,165.5557,121.9814,-0.318451,4.924651
mock_04203,Bilayer,Blue,154.2295,179.4521,219.5166,-0.119261,0.523134
mock_04204,Few Layers,Green,114.4326,169.3994,149.627,-0.246701,2.244165
mock_04205,Bilayer,Blue,154.9258,179.7578,219.502,-0.098463,0.680797
mock_04206,Trilayer,Purple-Blue,127.3203,147.4473,209.2891,-0.163505,0.898955
mock_04207,Few Layers,Green,114.4355,169.3535,150.0215,-0.237552,2.215814
mock_04208,Bilayer,Blue,154.3242,179.2471,219.2236,-0.096162,0.801536
mock_04209,Bilayer,Blue,154.668,179.457,219.6299,-0.097498,0.709817
mock_04210,Trilayer,Purple-Blue,127.0342,147.2275,209.6865,-0.158734,0.848379
mock_04211,Few Layers,Green,114.3359,169.6387,149.9307,-0.221262,2.324543
mock_04212,Monolayer,Light Blue,189.085,203.9941,237.667,-0.059699,0.367118
mock_04213,Monolayer,Light Blue,189.8896,204.791,237.6084,-0.029948,0.235298
mock_04214,Bilayer,Blue,154.3945,179.5576,219.5879,-0.10881,0.65367
mock_04215,Bulk,Yellow,187.4805,165.3369,121.4072,-0.323169,5.027643
mock_04216,Bilayer,Blue,154.9629,179.5771,219.3369,-0.103764,0.644647
mock_04217,Monolayer,Light Blue,189.0342,204.3027,237.4756,-0.065226,0.39066
mock_04218,Bilayer,Blue,154.8223,179.8545,219.7812,-0.107193,0.685878
mock_04219,Bilayer,Blue,154.3984,179.5508,219.042,-0.109012,0.705298
mock_04220,Bilayer,Blue,154.5664,179.1875,219.2695,-0.126848,0.780553
mock_04221,Few Layers,Green,113.9521,169.334,149.7559,-0.248888,2.339553
mock_04222,Bulk,Yellow,187.5303,165.6602,121.3438,-0.323352,5.089892
mock_04223,Bilayer,Blue,154.4424,179.3994,219.5098,-0.10167,0.452982
mock_04224,Monolayer,Light Blue,189.1885,204.6553,237.5703,-0.074785,0.109073
mock_04225,Monolayer,Light Blue,188.749,204.4092,237.875,-0.047889,0.319386
mock_04226,Bilayer,Blue,154.5996,179.5479,219.5703,-0.100451,0.778603
mock_04227,Bilayer,Blue,153.8379,179.2324,219.4141,-0.09571,0.642542
mock_04228,Trilayer,Purple-Blue,127.6855,147.1631,209.5107,-0.122362,1.024381
mock_04229,Trilayer,Purple-Blue,127.0684,147.5723,209.8115,-0.15072,0.934711
mock_04230,Bulk,Yellow,187.835,165.7754,121.1562,-0.291687,5.058254
mock_04231,Bilayer,Blue,154.5254,179.4551,219.6016,-0.105108,0.644214
mock_04232,Bilayer,Blue,154.6416,179.3887,218.8574,-0.102949,0.598931
mock_04233,Monolayer,Light Blue,189.4443,204.7705,237.165,-0.057512,0.298429
mock_04234,Monolayer,Light Blue,189.5879,204.5791,237.5234,-0.057937,0.498889
mock_04235,Bilayer,Blue,154.4121,179.2471,219.3623,-0.097923,0.709343
mock_04236,Bilayer,Blue,154.9072,179.6514,219.3672,-0.117427,0.569223
mock_04237,Bulk,Yellow,187.4219,165.1016,121.5811,-0.335098,4.982688
mock_04238,Few Layers,Green,114.5205,169.9961,149.7754,-0.250963,2.04458
mock_04239,Bilayer,Blue,154.4902,179.333,219.543,-0.108916,0.620149
mock_04240,Monolayer,Light Blue,189.5381,204.7197,237.0391,-0.049,0.277794
mock_04241,Trilayer,Purple-Blue,127.2178,147.6348,209.002,-0.172254,1.128612
mock_04242,Monolayer,Light Blue,189.7529,204.4736,237.335,-0.035068,0.202414
mock_04243,Monolayer,Light Blue,189.5635,204.5166,237.7178,-0.050103,0.30567
mock_04244,Few Layers,Green,114.6914,169.333,149.7646,-0.218174,2.052184
mock_04245,Trilayer,Purple-Blue,127.2852,147.4141,209.4121,-0.139754,1.042433
mock_04246,Bulk,Yellow,187.6797,165.4961,121.9922,-0.29882,5.021494
mock_04247,Trilayer,Purple-Blue,127.6445,147.291,209.0791,-0.153414,1.057323
mock_04248,Bilayer,Blue,154.3184,179.5264,219.7363,-0.129378,0.60201
mock_04249,Bilayer,Blue,154.0791,179.584,219.3389,-0.097689,0.47618
mock_04250,Monolayer,Light Blue,189.2178,204.6768,237.415,-0.056702,0.317409
mock_04251,Few Layers,Green,114.5332,169.416,149.4609,-0.234102,2.151907
mock_04252,Few Layers,Green,114.4248,169.4775,149.2441,-0.263078,2.232761
mock_04253,Few Layers,Green,114.5967,168.9658,149.4951,-0.226582,2.260366
mock_04254,Few Layers,Green,114.3857,169.9082,149.3564,-0.268733,2.144257
mock_04255,Monolayer,Light Blue,189.2109,204.6807,237.2412,-0.02857,0.506
mock_04256,Bilayer,Blue,154.3008,179.333,219.6777,-0.080669,0.634109
mock_04257,Bilayer,Blue,154.3789,179.3594,219.2236,-0.08625,0.57749
mock_04258,Few Layers,Green,114.3848,169.8369,149.2666,-0.253498,2.18725
mock_04259,Monolayer,Light Blue,189.3926,204.3008,237.6924,-0.055882,0.235122
mock_04260,Few Layers,Green,114.6689,169.8486,149.1943,-0.238886,2.137707
mock_04261,Trilayer,Purple-Blue,127.5322,147.4629,209.498,-0.161579,0.835111
mock_04262,Monolayer,Light Blue,189.457,204.585,237.4053,-0.035726,0.303096
mock_04263,Trilayer,Purple-Blue,127.832,147.748,209.2695,-0.163067,0.846903
mock_04264,Monolayer,Light Blue,189.1826,204.3857,237.8047,-0.024781,0.20867
mock_04265,Monolayer,Light Blue,189.2676,204.0078,237.3008,-0.049653,0.405748
mock_04266,Trilayer,Purple-Blue,127.334,147.7422,209.1494,-0.168144,1.01153
mock_04267,Bulk,Yellow,187.3203,165.4316,121.5117,-0.311345,4.849412
mock_04268,Trilayer,Purple-Blue,127.2139,147.5039,209.2188,-0.174911,1.097436
mock_04269,Trilayer,Purple-Blue,127.5283,147.9258,209.6572,-0.178346,0.959474
mock_04270,Bilayer,Blue,154.3838,179.5059,219.4824,-0.089925,0.669606
mock_04271,Trilayer,Purple-Blue,127.7559,147.3398,209.3535,-0.162356,0.932765
mock_04272,Bilayer,Blue,154.1016,179.5283,219.5488,-0.1147,0.738457
mock_04273,Trilayer,Purple-Blue,127.6865,147.8486,209.4648,-0.144692,1.05525
mock_04274,Trilayer,Purple-Blue,127.4707,147.1055,208.8369,-0.145532,1.048321
mock_04275,Trilayer,Purple-Blue,127.6562,147.5254,209.3711,-0.160609,0.962323
mock_04276,Monolayer,Light Blue,189.708,204.4863,237.4111,-0.033913,0.381169
mock_04277,Few Layers,Green,114.1172,169.8359,149.6045,-0.249112,2.237696
mock_04278,Bilayer,Blue,154.7734,179.9658,219.4561,-0.080794,0.685871
mock_04279,Monolayer,Light Blue,189.5547,204.1758,237.7139,-0.043776,0.268041
mock_04280,Monolayer,Light Blue,189.1562,204.46,237.4678,-0.079748,0.282122
mock_04281,Monolayer,Light Blue,189.9551,204.7256,237.7354,-0.071952,0.316817
mock_04282,Monolayer,Light Blue,189.1543,204.3818,237.1641,-0.063094,0.371888
mock_04283,Trilayer,Purple-Blue,127.5283,147.3613,209.4854,-0.118795,0.856175
mock_04284,Bilayer,Blue,154.54,178.7314,219.6396,-0.082325,0.640002
mock_04285,Bilayer,Blue,154.3818,179.5371,219.5166,-0.10897,0.617636
mock_04286,Few Layers,Green,114.5811,169.4697,149.459,-0.243642,2.043666
mock_04287,Bilayer,Blue,154.5508,179.4033,219.3643,-0.078495,0.707017
mock_04288,Few Layers,Green,114.6982,169.2832,149.8447,-0.24763,2.266542
mock_04289,Few Layers,Green,114.6553,168.8994,149.6523,-0.22932,2.106579
mock_04290,Monolayer,Light Blue,189.3057,204.6719,237.2051,-0.027809,0.316076
mock_04291,Monolayer,Light Blue,189.4541,204.7324,237.4639,-0.051334,0.296725
mock_04292,Trilayer,Purple-Blue,127.5225,147.4395,209.4141,-0.164041,0.923088
mock_04293,Bulk,Yellow,187.6133,165.8896,121.4541,-0.314972,5.009633
mock_04294,Bulk,Yellow,187.624,165.5576,121.3223,-0.328054,4.916484
mock_04295,Few Layers,Green,114.9189,169.5762,149.376,-0.24144,2.120228
mock_04296,Few Layers,Green,114.3242,169.2236,149.7686,-0.226828,2.072151
mock_04297,Few Layers,Green,114.8369,169.7627,149.4756,-0.277483,2.330827
mock_04298,Monolayer,Light Blue,189.6504,204.6289,238.0391,-0.043138,0.328681
mock_04299,Monolayer,Light Blue,189.5615,204.1826,237.4248,-0.030798,0.342298
mock_04300,Monolayer,Light Blue,189.2842,204.7559,237.3232,-0.040767,0.416384
mock_04301,Bilayer,Blue,154.3164,179.4141,219.1562,-0.075282,0.618218
mock_04302,Few Layers,Green,114.4727,169.6465,149.0713,-0.26275,2.174254
mock_04303,Bilayer,Blue,154.665,179.708,218.9287,-0.099625,0.649092
mock_04304,Monolayer,Light Blue,189.4668,204.4443,237.6133,-0.053216,0.410375
mock_04305,Trilayer,Purple-Blue,127.208,147.4258,209.5762,-0.157504,0.997223
mock_04306,Few Layers,Green,114.7051,169.8662,149.7529,-0.2367,2.288942
mock_04307,Monolayer,Light Blue,189.8496,204.2725,237.6143,-0.07464,0.240168
mock_04308,Bilayer,Blue,154.0752,179.4238,219.5479,-0.06983,0.615561
mock_04309,Bulk,Yellow,187.7129,165.4189,121.4541,-0.290621,4.935273
mock_04310,Few Layers,Green,114.2705,169.6699,149.9512,-0.250197,2.329821
mock_04311,Monolayer,Light Blue,189.71,204.6211,237.042,-0.056517,0.359117
mock_04312,Trilayer,Purple-Blue,127.5928,147.6445,209.7588,-0.163057,0.897455
mock_04313,Few Layers,Green,114.5615,169.7725,149.4316,-0.216711,2.325426
mock_04314,Bilayer,Blue,154.458,179.3076,219.0371,-0.116901,0.717455
mock_04315,Monolayer,Light Blue,189.4238,204.5566,237.542,-0.068567,0.343996
mock_04316,Trilayer,Purple-Blue,127.3193,147.1396,209.5654,-0.168886,0.951316
mock_04317,Trilayer,Purple-Blue,127.3936,147.6982,209.6553,-0.151369,0.993148
mock_04318,Bilayer,Blue,154.8174,179.8037,219.4346,-0.098842,0.597653
mock_04319,Bilayer,Blue,154.5742,178.8711,219.4766,-0.096714,0.729906
mock_04320,Bulk,Yellow,187.8164,165.3691,121.8555,-0.321947,4.926778
mock_04321,Few Layers,Green,113.8867,168.8408,149.9609,-0.217723,2.233277
mock_04322,Monolayer,Light Blue,189.4297,203.8682,237.5439,-0.069515,0.294585
mock_04323,Few Layers,Green,114.7773,169.6455,150.0039,-0.243777,2.120949
mock_04324,Monolayer,Light Blue,189.3936,204.7715,237.0771,-0.035055,0.301547
mock_04325,Few Layers,Green,114.6953,169.1992,149.4385,-0.225045,2.118987
mock_04326,Bilayer,Blue,154.5088,179.3828,219.1641,-0.099422,0.696777
mock_04327,Monolayer,Light Blue,189.7734,204.1797,237.1748,-0.071787,0.261516
mock_04328,Few Layers,Green,114.8086,169.1729,149.5869,-0.255208,2.168244
mock_04329,Bulk,Yellow,187.9805,165.5137,121.0791,-0.310977,4.855304
mock_04330,Bilayer,Blue,155.0068,179.7041,219.374,-0.107083,0.675695
mock_04331,Monolayer,Light Blue,189.7031,204.3164,236.7881,-0.062213,0.486714
mock_04332,Monolayer,Light Blue,189.0146,204.5166,237.5684,-0.061602,0.490484
mock_04333,Monolayer,Light Blue,189.5312,204.5771,237.3232,-0.046482,0.273597
mock_04334,Bilayer,Blue,154.1865,179.1846,219.6826,-0.11184,0.552833
mock_04335,Monolayer,Light Blue,189.8594,204.3076,237.6113,-0.071449,0.307217
mock_04336,Few Layers,Green,114.5254,169.8154,149.0176,-0.213163,2.116486
mock_04337,Bulk,Yellow,187.4512,165.4727,121.3398,-0.344054,4.947553
mock_04338,Bilayer,Blue,154.5615,179.4609,220.1006,-0.112502,0.75222
mock_04339,Trilayer,Purple-Blue,127.4482,147.1504,209.7637,-0.15418,0.961323
mock_04340,Few Layers,Green,114.5205,169.3037,149.3799,-0.248728,2.259845
mock_04341,Bilayer,Blue,155.1611,179.3535,219.3945,-0.107667,0.62028
mock_04342,Bulk,Yellow,187.6475,165.584,121.0986,-0.320232,5.033184
mock_04343,Few Layers,Green,114.2861,169.0215,149.6006,-0.226573,2.16064
mock_04344,Monolayer,Light Blue,189.6973,204.5176,237.4756,-0.04606,0.383677
mock_04345,Bilayer,Blue,154.4824,179.5264,219.9014,-0.126897,0.664633
mock_04346,Few Layers,Green,114.1484,169.6436,150.041,-0.22574,2.295246
mock_04347,Bilayer,Blue,154.7275,179.418,219.5312,-0.110776,0.701597
mock_04348,Few Layers,Green,114.3711,169.6348,149.4678,-0.242152,2.344662
mock_04349,Monolayer,Light Blue,189.3633,204.2617,237.3193,-0.041408,0.284756
mock_04350,Monolayer,Light Blue,189.3789,204.1133,237.3818,-0.044135,0.427794
mock_04351,Bilayer,Blue,154.7764,179.124,219.6387,-0.097638,0.602982
mock_04352,Bilayer,Blue,154.6592,179.3369,219.3623,-0.079921,0.57392
mock_04353,Trilayer,Purple-Blue,127.1621,147.5713,209.6104,-0.165063,1.091996
mock_04354,Monolayer,Light Blue,189.7793,204.374,237.1963,-0.050985,0.379686
mock_04355,Bilayer,Blue,154.5566,179.6162,219.4873,-0.06917,0.742375
mock_04356,Bulk,Yellow,187.7461,165.5146,121.5039,-0.299536,5.003681
mock_04357,Bilayer,Blue,154.6025,179.8086,219.4873,-0.098397,0.59106
mock_04358,Few Layers,Green,114.7012,169.3096,149.3887,-0.246472,2.227942
mock_04359,Monolayer,Light Blue,189.3262,204.2676,237.2539,-0.043417,0.392811
mock_04360,Bilayer,Blue,154.2012,179.1348,219.4619,-0.115903,0.704173
mock_04361,Trilayer,Purple-Blue,128.0156,147.5303,209.6895,-0.167843,1.070004
mock_04362,Few Layers,Green,114.4502,169.9482,149.832,-0.246029,2.300808
mock_04363,Trilayer,Purple-Blue,127.5293,147.4512,209.6436,-0.15272,0.87184
mock_04364,Trilayer,Purple-Blue,127.708,147.2803,209.6367,-0.142178,0.962844
mock_04365,Bulk,Yellow,188.041,165.0146,121.8682,-0.300669,4.936152
mock_04366,Monolayer,Light Blue,189.6865,204.6133,237.9746,-0.045324,0.313507
mock_04367,Bilayer,Blue,154.2686,179.1953,219.4463,-0.090301,0.669702
mock_04368,Bulk,Yellow,187.5957,165.8203,121.6299,-0.306556,4.874773
mock_04369,Bilayer,Blue,154.3408,179.5244,219.7354,-0.082137,0.625091
mock_04370,Few Layers,Green,114.3145,169.3857,149.9658,-0.255006,2.139399
mock_04371,Monolayer,Light Blue,189.2988,205.0264,237.8262,-0.032239,0.328151
mock_04372,Trilayer,Purple-Blue,127.6377,147.7637,209.3428,-0.200401,0.919903
mock_04373,Monolayer,Light Blue,189.5469,204.373,237.124,-0.062606,0.195265
mock_04374,Trilayer,Purple-Blue,127.2207,147.1348,209.3721,-0.147549,0.907221
mock_04375,Bulk,Yellow,187.5674,165.1396,121.2109,-0.322846,4.981392
mock_04376,Bulk,Yellow,187.1807,165.7412,121.5645,-0.327338,5.056484
mock_04377,Trilayer,Purple-Blue,127.2803,147.2227,209.8701,-0.165535,0.997992
mock_04378,Trilayer,Purple-Blue,127.5205,147.2764,209.3047,-0.171575,0.993545
mock_04379,Few Layers,Green,114.5342,169.8594,149.3301,-0.217515,2.101525
mock_04380,Few Layers,Green,114.5732,169.8604,149.666,-0.250414,2.139292
mock_04381,Bilayer,Blue,154.1396,179.5078,219.9395,-0.116719,0.624767
mock_04382,Monolayer,Light Blue,189.5957,204.3867,237.3467,-0.05458,0.265382
mock_04383,Bilayer,Blue,154.6465,179.791,219.7002,-0.103018,0.608077
mock_04384,Bilayer,Blue,154.6201,179.375,219.665,-0.090803,0.579601
mock_04385,Few Layers,Green,114.4453,169.5811,149.6162,-0.277129,2.255846
mock_04386,Monolayer,Light Blue,189.1816,204.3086,237.3398,-0.061645,0.292534
mock_04387,Trilayer,Purple-Blue,127.3545,147.4541,209.6182,-0.158224,0.963903
mock_04388,Bulk,Yellow,187.375,165.4775,121.3555,-0.323609,4.91415
mock_04389,Trilayer,Purple-Blue,127.1777,147.6436,209.6006,-0.164322,1.001264
mock_04390,Bulk,Yellow,187.8311,165.292,121.6484,-0.3259,4.976999
mock_04391,Bilayer,Blue,154.1357,179.6211,219.0723,-0.103648,0.69855
mock_04392,Trilayer,Purple-Blue,127.0107,147.293,209.416,-0.166474,0.98524
mock_04393,Bilayer,Blue,154.2734,179.3672,219.6768,-0.080339,0.666958
mock_04394,Bilayer,Blue,154.6152,178.9727,219.7422,-0.11977,0.749402
mock_04395,Trilayer,Purple-Blue,127.0645,147.0127,209.709,-0.135386,0.978632
mock_04396,Few Layers,Green,113.9395,169.5615,149.8115,-0.212512,2.199363
mock_04397,Monolayer,Light Blue,189.5596,204.6611,237.4365,-0.039944,0.26215
mock_04398,Trilayer,Purple-Blue,127.6582,147.4229,209.0459,-0.151145,0.924789
mock_04399,Monolayer,Light Blue,189.5381,204.9688,237.085,-0.049678,0.423364
mock_04400,Monolayer,Light Blue,189.3457,204.5781,237.4229,-0.072251,0.426673
mock_04401,Few Layers,Green,114.2295,168.9668,149.291,-0.242871,2.17563
mock_04402,Trilayer,Purple-Blue,127.334,147.3877,209.4258,-0.144246,1.02523
mock_04403,Few Layers,Green,114.6387,169.8809,149.6533,-0.218477,2.245316
mock_04404,Few Layers,Green,113.7764,169.4805,149.7402,-0.233156,2.327013
mock_04405,Monolayer,Light Blue,189.7461,204.8994,237.543,-0.045812,0.277557
mock_04406,Few Layers,Green,113.9971,169.3633,149.7529,-0.23492,2.275322
mock_04407,Few Layers,Green,114.8682,169.4688,149.6328,-0.241871,2.115207
mock_04408,Monolayer,Light Blue,189.6074,204.4658,236.9863,-0.076211,0.434697
mock_04409,Few Layers,Green,114.3027,169.0586,149.4648,-0.214779,2.188346
mock_04410,Trilayer,Purple-Blue,127.3086,147.7988,209.8154,-0.146147,1.098884
mock_04411,Bulk,Yellow,187.4258,165.5,122.0615,-0.305091,5.015851
mock_04412,Bulk,Yellow,187.6895,165.1279,121.5215,-0.309425,5.113691
mock_04413,Bulk,Yellow,187.2764,165.1211,121.1885,-0.330181,4.903648
mock_04414,Monolayer,Light Blue,189.4258,204.3516,237.748,-0.05759,0.240992
mock_04415,Monolayer,Light Blue,189.4404,204.5,237.626,-0.073103,0.341999
mock_04416,Bilayer,Blue,154.6406,179.1406,219.4102,-0.096073,0.621504
mock_04417,Few Layers,Green,114.4014,168.875,149.6172,-0.240089,2.20041
mock_04418,Bilayer,Blue,154.7393,179.7734,219.876,-0.082949,0.616894
mock_04419,Trilayer,Purple-Blue,127.2119,147.6113,209.5771,-0.179102,0.988993
mock_04420,Bulk,Yellow,187.252,165.4805,121.418,-0.322589,5.005577
mock_04421,Bilayer,Blue,154.1367,179.8916,219.1982,-0.110422,0.714425
mock_04422,Few Layers,Green,114.2256,170.1895,149.5576,-0.240335,2.109597
mock_04423,Monolayer,Light Blue,189.6133,204.5273,237.5088,-0.06701,0.232628
mock_04424,Bilayer,Blue,154.4072,179.1572,220.0918,-0.104269,0.748929
mock_04425,Bulk,Yellow,187.082,165.3418,121.7539,-0.317542,4.825945
mock_04426,Bilayer,Blue,154.459,179.2725,219.001,-0.095536,0.624357
mock_04427,Bulk,Yellow,187.501,165.4287,121.4463,-0.334721,4.949498
mock_04428,Bilayer,Blue,154.7539,179.4404,219.1475,-0.106252,0.614801
mock_04429,Bulk,Yellow,187.5527,164.9609,122.0703,-0.344694,5.155772
mock_04430,Few Layers,Green,114.4717,169.6592,149.1641,-0.260068,2.05613
mock_04431,Few Layers,Green,114.6074,169.2305,149.8584,-0.228957,2.197077
mock_04432,Trilayer,Purple-Blue,127.9824,147.5596,210.1133,-0.158711,1.024131
mock_04433,Bilayer,Blue,154.5439,179.3535,219.5088,-0.11813,0.631914
mock_04434,Few Layers,Green,114.165,169.1777,149.8428,-0.264352,2.223886
mock_04435,Bilayer,Blue,154.5322,179.4062,219.5107,-0.085411,0.597448
mock_04436,Monolayer,Light Blue,189.6885,204.3018,237.4512,-0.065043,0.350993
mock_04437,Monolayer,Light Blue,189.6025,204.5068,237.9736,-0.076294,0.276391
mock_04438,Monolayer,Light Blue,189.7373,204.8213,236.9482,-0.034034,0.250377
mock_04439,Monolayer,Light Blue,189.374,204.9062,237.8662,-0.051732,0.320215
mock_04440,Bilayer,Blue,154.0693,179.7461,219.4971,-0.12369,0.710249
mock_04441,Monolayer,Light Blue,189.6699,204.7559,237.2334,-0.076087,0.260541
mock_04442,Bulk,Yellow,188.0498,165.1572,121.3711,-0.341304,4.965969
mock_04443,Monolayer,Light Blue,189.2188,204.1357,237.752,-0.037757,0.40977
mock_04444,Monolayer,Light Blue,189.4922,204.5439,237.2568,-0.072586,0.478706
mock_04445,Few Layers,Green,114.1582,169.2188,149.9375,-0.253382,2.042642
mock_04446,Bilayer,Blue,154.8438,179.6973,219.5029,-0.116893,0.565638
mock_04447,Trilayer,Purple-Blue,127.9883,147.2812,209.5664,-0.170898,1.055783
mock_04448,Bilayer,Blue,154.4443,179.0801,219.2324,-0.111361,0.731237
mock_04449,Bilayer,Blue,154.6172,179.0303,219.3252,-0.095249,0.784427
mock_04450,Bulk,Yellow,187.2969,165.6045,121.5488,-0.336987,4.921493
mock_04451,Monolayer,Light Blue,189.832,204.4531,237.2979,-0.041516,0.274565
mock_04452,Bilayer,Blue,154.502,179.3223,220.0,-0.10872,0.610637
mock_04453,Trilayer,Purple-Blue,127.123,147.8623,209.2402,-0.173814,0.955897
mock_04454,Trilayer,Purple-Blue,127.3096,147.1299,209.0352,-0.15179,1.014787
mock_04455,Bilayer,Blue,155.0098,179.7939,219.1221,-0.085234,0.751537
mock_04456,Monolayer,Light Blue,189.7188,204.6172,236.9277,-0.054667,0.405809
mock_04457,Few Layers,Green,114.7539,169.6318,149.459,-0.2468,2.003872
mock_04458,Few Layers,Green,115.0176,169.3486,149.4453,-0.223395,2.272375
mock_04459,Bilayer,Blue,153.9375,179.3262,219.8574,-0.081109,0.752087
mock_04460,Bilayer,Blue,154.5049,179.6631,219.5088,-0.085848,0.704025
mock_04461,Trilayer,Purple-Blue,127.9463,147.8271,209.3818,-0.166175,1.048979
mock_04462,Trilayer,Purple-Blue,127.4404,147.624,209.3369,-0.193627,1.093053
mock_04463,Bilayer,Blue,154.1475,179.3018,219.6318,-0.101778,0.621457
mock_04464,Bulk,Yellow,187.3271,165.5762,121.2715,-0.330521,4.98829
mock_04465,Few Layers,Green,114.5195,169.6123,149.4941,-0.243398,2.137646
mock_04466,Trilayer,Purple-Blue,127.9238,147.0498,209.6299,-0.172002,0.982366
mock_04467,Bulk,Yellow,187.0322,165.1064,121.3887,-0.322505,4.96675
mock_04468,Few Layers,Green,114.6846,169.4805,149.4824,-0.232318,2.225671
mock_04469,Bulk,Yellow,187.8408,165.5283,121.6855,-0.296941,4.918498
mock_04470,Monolayer,Light Blue,189.6035,204.2227,237.6104,-0.037722,0.294812
mock_04471,Trilayer,Purple-Blue,127.4814,147.5381,209.4961,-0.15918,1.019813
mock_04472,Trilayer,Purple-Blue,127.3105,147.8232,208.8154,-0.158657,1.036552
mock_04473,Monolayer,Light Blue,189.5049,204.5059,237.5459,-0.067042,0.389315
mock_04474,Few Layers,Green,114.5459,169.8438,149.5664,-0.253268,2.171135
mock_04475,Trilayer,Purple-Blue,127.3828,147.5215,209.1318,-0.189303,0.968367
mock_04476,Bulk,Yellow,187.4355,165.1904,121.5381,-0.288107,5.102284
mock_04477,Bilayer,Blue,154.4707,179.6953,219.4414,-0.113517,0.608885
mock_04478,Monolayer,Light Blue,189.4424,204.6494,237.7295,-0.022595,0.307411
mock_04479,Bilayer,Blue,154.2539,179.9902,219.3096,-0.095846,0.585389
mock_04480,Monolayer,Light Blue,189.2812,204.1279,237.0723,-0.063099,0.4887
mock_04481,Few Layers,Green,114.4639,169.3047,149.8154,-0.226852,2.215372
mock_04482,Bulk,Yellow,187.6377,165.6152,121.293,-0.297435,4.939252
mock_04483,Bilayer,Blue,154.4775,179.4258,218.998,-0.108146,0.708335
mock_04484,Bilayer,Blue,154.2002,179.3311,219.3789,-0.10488,0.660224
mock_04485,Trilayer,Purple-Blue,127.4971,147.4033,209.834,-0.161328,0.985555
mock_04486,Bulk,Yellow,187.4248,165.4053,121.7598,-0.306645,4.942946
mock_04487,Bilayer,Blue,154.0576,179.4766,219.7725,-0.053296,0.643573
mock_04488,Monolayer,Light Blue,189.6465,204.1836,237.6074,-0.073779,0.41427
mock_04489,Few Layers,Green,114.3662,169.4121,149.4268,-0.233387,2.19688
mock_04490,Trilayer,Purple-Blue,127.7188,147.5273,209.3799,-0.144198,1.027349
mock_04491,Monolayer,Light Blue,189.8828,204.2607,237.5947,-0.035419,0.250446
mock_04492,Trilayer,Purple-Blue,127.6162,147.5654,209.4141,-0.14198,0.917493
mock_04493,Monolayer,Light Blue,189.416,204.6992,238.0361,-0.047174,0.404356
mock_04494,Monolayer,Light Blue,189.5889,204.543,237.4824,-0.058483,0.412433
mock_04495,Bilayer,Blue,154.6514,179.626,219.8057,-0.077637,0.739638
mock_04496,Trilayer,Purple-Blue,127.4941,147.4707,209.1895,-0.200813,1.009865
mock_04497,Bulk,Yellow,187.5117,165.6309,121.7334,-0.351672,5.003136
mock_04498,Few Layers,Green,114.666,169.3613,149.1484,-0.222138,2.180295
mock_04499,Monolayer,Light Blue,189.4414,204.6865,237.2861,-0.058601,0.225955
mock_04500,Bilayer,Blue,154.4502,179.3564,218.8672,-0.102195,0.734839
mock_04501,Bulk,Yellow,187.1826,165.8594,121.0869,-0.311343,5.18415
mock_04502,Bulk,Yellow,187.3916,165.6387,121.6816,-0.319108,5.141626
mock_04503,Bulk,Yellow,187.292,165.6094,121.7861,-0.332078,4.889636
mock_04504,Monolayer,Light Blue,189.4531,204.5068,237.5898,-0.06068,0.27455
mock_04505,Few Layers,Green,114.4092,169.2578,149.5068,-0.261788,2.05528
mock_04506,Trilayer,Purple-Blue,127.3926,147.6631,209.543,-0.159721,0.84131
mock_04507,Monolayer,Light Blue,189.9121,204.5459,237.377,-0.035639,0.401138
mock_04508,Few Layers,Green,114.5117,169.2959,149.8877,-0.236068,2.063315
mock_04509,Monolayer,Light Blue,189.6182,204.7686,237.5449,-0.030099,0.377958
mock_04510,Bulk,Yellow,187.5547,165.4668,121.5508,-0.312123,4.837166
mock_04511,Trilayer,Purple-Blue,127.4248,147.4668,209.7979,-0.182793,0.870343
mock_04512,Bilayer,Blue,154.7832,179.6514,219.7939,-0.080165,0.587496
mock_04513,Monolayer,Light Blue,189.9004,204.3818,237.4092,-0.061909,0.405732
mock_04514,Few Layers,Green,114.3867,169.5391,149.4375,-0.227019,2.321127
mock_04515,Bilayer,Blue,154.7109,179.0938,219.5078,-0.078461,0.553169
mock_04516,Monolayer,Light Blue,189.7373,204.6963,237.4951,-0.03557,0.272962
mock_04517,Bilayer,Blue,154.2969,179.2002,219.752,-0.082336,0.554803
mock_04518,Bilayer,Blue,154.8506,179.7695,219.3672,-0.109701,0.814166
mock_04519,Few Layers,Green,114.5762,169.9678,149.3389,-0.236102,2.101686
mock_04520,Monolayer,Light Blue,189.585,204.5859,236.7959,-0.069027,0.28326
mock_04521,Bilayer,Blue,154.4688,178.9639,219.6992,-0.098011,0.582555
mock_04522,Trilayer,Purple-Blue,127.5645,147.4688,209.4189,-0.147422,0.986948
mock_04523,Monolayer,Light Blue,189.4678,204.3945,237.3184,-0.049625,0.357276
mock_04524,Bulk,Yellow,187.4375,165.415,121.7256,-0.330743,5.136364
mock_04525,Monolayer,Light Blue,189.8271,204.4346,238.0771,-0.056831,0.296222
mock_04526,Monolayer,Light Blue,189.3359,204.6377,237.625,-0.058382,0.25253
mock_04527,Monolayer,Light Blue,189.9443,204.751,237.6865,-0.039119,0.336918
mock_04528,Few Layers,Green,114.7881,169.8525,149.1846,-0.255925,2.119213
mock_04529,Monolayer,Light Blue,189.3896,204.584,237.7568,-0.04215,0.280301
mock_04530,Few Layers,Green,114.5176,169.9326,149.1621,-0.235363,2.048681
mock_04531,Bulk,Yellow,187.4736,165.3418,121.6719,-0.349496,5.029092
mock_04532,Monolayer,Light Blue,189.5723,204.5137,237.5439,-0.050642,0.426386
mock_04533,Trilayer,Purple-Blue,127.4424,147.6631,209.2471,-0.135824,0.967618
mock_04534,Bilayer,Blue,154.666,179.543,219.6201,-0.102812,0.769904
mock_04535,Trilayer,Purple-Blue,127.8281,147.207,209.8301,-0.132733,0.980574
mock_04536,Bilayer,Blue,154.2422,179.6133,219.3926,-0.090983,0.659787
mock_04537,Bilayer,Blue,154.4893,179.4854,219.4043,-0.119446,0.601096
mock_04538,Trilayer,Purple-Blue,127.209,147.2822,209.3154,-0.147145,0.877761
mock_04539,Monolayer,Light Blue,189.5459,204.6455,237.2344,-0.061078,0.299941
mock_04540,Few Layers,Green,114.2139,169.3662,149.2539,-0.245157,2.383265
mock_04541,Bulk,Yellow,187.0225,165.6074,121.4385,-0.333202,4.969028
mock_04542,Trilayer,Purple-Blue,127.3887,147.5449,209.6777,-0.180017,1.009741
mock_04543,Trilayer,Purple-Blue,127.6172,147.6533,209.4854,-0.162914,1.133948
mock_04544,Bilayer,Blue,154.4248,179.375,219.6123,-0.100842,0.512601
mock_04545,Few Layers,Green,114.623,169.624,149.4111,-0.230343,2.22509
mock_04546,Bilayer,Blue,154.1865,179.8418,218.8506,-0.094499,0.557981
mock_04547,Bilayer,Blue,154.542,178.9746,219.8467,-0.080805,0.648774
mock_04548,Trilayer,Purple-Blue,127.4307,147.7334,209.3564,-0.165683,1.029863
mock_04549,Bulk,Yellow,188.0391,165.75,121.54,-0.327709,4.857028
mock_04550,Trilayer,Purple-Blue,127.6172,147.7656,209.6611,-0.164527,0.999241
mock_04551,Monolayer,Light Blue,189.4531,204.459,237.6162,-0.057703,0.273832
mock_04552,Monolayer,Light Blue,189.7568,204.5303,237.0713,-0.048873,0.206192
mock_04553,Monolayer,Light Blue,189.7129,204.752,237.7285,-0.04775,0.292371
mock_04554,Monolayer,Light Blue,189.5859,204.3662,237.7812,-0.033815,0.333257
mock_04555,Monolayer,Light Blue,189.5469,204.5127,236.8203,-0.046552,0.245492
mock_04556,Bilayer,Blue,154.4209,179.4199,219.5693,-0.113973,0.713005
mock_04557,Bulk,Yellow,186.8594,165.8477,121.375,-0.302472,4.915681
mock_04558,Bilayer,Blue,154.418,179.2217,219.2891,-0.118028,0.729982
mock_04559,Bulk,Yellow,187.4336,165.7246,121.583,-0.330941,4.99389
mock_04560,Few Layers,Green,114.7207,169.8262,149.4424,-0.247696,2.204223
mock_04561,Bulk,Yellow,187.3789,165.2568,121.6592,-0.312169,5.051357
mock_04562,Few Layers,Green,114.1484,169.7539,149.0586,-0.261045,2.244117
mock_04563,Few Layers,Green,114.2207,169.7695,149.5156,-0.247042,2.151969
mock_04564,Monolayer,Light Blue,189.5742,204.3926,237.4482,-0.038485,0.286649
mock_04565,Trilayer,Purple-Blue,127.3008,147.6113,209.834,-0.163359,1.028674
mock_04566,Bulk,Yellow,187.3398,165.7949,121.6035,-0.321813,4.992161
mock_04567,Trilayer,Purple-Blue,127.4658,147.4014,209.8848,-0.167211,1.002964
mock_04568,Monolayer,Light Blue,189.7969,203.9805,237.7461,-0.019554,0.301223
mock_04569,Monolayer,Light Blue,189.8877,205.0654,236.9814,-0.050252,0.374063
mock_04570,Trilayer,Purple-Blue,127.376,147.4902,209.2422,-0.138065,0.862775
mock_04571,Bilayer,Blue,154.7012,179.4287,219.2578,-0.071456,0.6224
mock_04572,Monolayer,Light Blue,189.6299,203.8867,237.5059,-0.028187,0.322626
mock_04573,Bilayer,Blue,154.4443,179.0645,219.2812,-0.100732,0.706572
mock_04574,Trilayer,Purple-Blue,127.2559,147.2666,209.9414,-0.162883,0.922506
mock_04575,Bilayer,Blue,154.3047,179.3584,219.584,-0.098264,0.776236
mock_04576,Monolayer,Light Blue,189.4453,204.3027,237.7529,-0.053451,0.262368
mock_04577,Bilayer,Blue,154.543,179.4619,219.8223,-0.116938,0.630995
mock_04578,Trilayer,Purple-Blue,127.4434,147.7969,209.8193,-0.14133,1.002346
mock_04579,Trilayer,Purple-Blue,127.5078,147.6348,209.3613,-0.155903,0.953677
mock_04580,Few Layers,Green,114.8857,169.4082,149.3662,-0.229676,2.306351
mock_04581,Bilayer,Blue,154.4336,178.9648,219.4375,-0.126234,0.743476
mock_04582,Bilayer,Blue,154.1426,179.6426,219.2158,-0.079955,0.566042
mock_04583,Trilayer,Purple-Blue,127.6924,147.4541,209.6396,-0.180984,1.021586
mock_04584,Trilayer,Purple-Blue,127.1543,147.2666,209.2207,-0.161755,0.96329
mock_04585,Bulk,Yellow,187.6348,165.6992,121.2324,-0.341438,4.986251
mock_04586,Bulk,Yellow,187.7988,165.377,121.4287,-0.30823,4.935153
mock_04587,Trilayer,Purple-Blue,127.707,147.7393,209.3174,-0.184924,0.897105
mock_04588,Trilayer,Purple-Blue,127.9033,147.2715,209.3838,-0.147575,0.963145
mock_04589,Monolayer,Light Blue,189.4883,204.5859,237.501,-0.050577,0.21146
mock_04590,Monolayer,Light Blue,189.5645,204.416,237.3535,-0.02265,0.402215
mock_04591,Bilayer,Blue,154.1533,179.6963,219.3555,-0.090132,0.616929
mock_04592,Bulk,Yellow,187.4961,165.3516,121.4707,-0.323791,4.845008
mock_04593,Bulk,Yellow,186.9717,165.5645,121.9492,-0.325961,4.928647
mock_04594,Bulk,Yellow,187.6172,165.835,121.2559,-0.316555,5.006166
mock_04595,Few Layers,Green,114.4102,169.4258,149.5244,-0.231325,2.223613
mock_04596,Monolayer,Light Blue,189.4033,204.5859,237.5996,-0.069091,0.297337
mock_04597,Bilayer,Blue,154.2168,179.5859,219.5703,-0.0847,0.754397
mock_04598,Bulk,Yellow,187.6621,165.4287,121.5898,-0.31594,5.068427
mock_04599,Bilayer,Blue,154.168,179.626,219.4609,-0.09364,0.601399
mock_04600,Bulk,Yellow,187.2168,165.9355,121.6729,-0.308392,5.022981
mock_04601,Trilayer,Purple-Blue,127.791,147.248,209.3486,-0.184085,1.21276
mock_04602,Bulk,Yellow,187.6416,165.3613,121.208,-0.289513,5.070252
mock_04603,Monolayer,Light Blue,189.7725,204.9111,237.3564,-0.033755,0.278174
mock_04604,Monolayer,Light Blue,189.4229,204.2529,237.6484,-0.06796,0.33129
mock_04605,Monolayer,Light Blue,189.9258,204.7979,237.2861,-0.052161,0.313533
mock_04606,Bulk,Yellow,187.0361,165.7725,121.5752,-0.313168,4.977008
mock_04607,Monolayer,Light Blue,189.5156,204.4482,237.5742,-0.051314,0.453207
mock_04608,Trilayer,Purple-Blue,127.3838,147.6279,209.5186,-0.164685,0.97113
mock_04609,Bilayer,Blue,154.332,179.7412,219.8838,-0.108696,0.529215
mock_04610,Bulk,Yellow,187.5791,165.8027,121.6279,-0.31479,5.021222
mock_04611,Bilayer,Blue,154.6768,179.2529,219.2441,-0.08614,0.571687
mock_04612,Trilayer,Purple-Blue,127.7646,147.5039,209.498,-0.151328,0.961052
mock_04613,Trilayer,Purple-Blue,127.7549,147.623,209.5488,-0.172668,1.009406
mock_04614,Few Layers,Green,114.8369,169.2383,149.2861,-0.246113,2.245585
mock_04615,Trilayer,Purple-Blue,127.9326,147.5342,209.4766,-0.170608,0.980494
mock_04616,Trilayer,Purple-Blue,127.7383,148.0664,209.915,-0.145949,1.162285
mock_04617,Monolayer,Light Blue,189.8525,204.5693,237.6855,-0.052707,0.190992
mock_04618,Trilayer,Purple-Blue,127.8535,147.6279,209.2383,-0.155784,0.857865
mock_04619,Trilayer,Purple-Blue,127.1221,147.1758,209.1895,-0.1663,0.696635
mock_04620,Few Layers,Green,114.7227,169.7686,149.5801,-0.220318,2.151699
mock_04621,Few Layers,Green,114.3369,169.4014,149.5518,-0.224555,2.283208
mock_04622,Few Layers,Green,114.2178,169.8457,149.7314,-0.246668,2.218629
mock_04623,Trilayer,Purple-Blue,127.5322,147.6582,209.3184,-0.161644,0.978624
mock_04624,Few Layers,Green,114.6064,169.3076,149.0391,-0.256432,2.20469
mock_04625,Monolayer,Light Blue,190.0898,204.8936,237.584,-0.030229,0.254403
mock_04626,Trilayer,Purple-Blue,127.2178,147.25,209.2646,-0.162944,1.017571
mock_04627,Monolayer,Light Blue,189.4404,204.25,237.4229,-0.063612,0.389047
mock_04628,Few Layers,Green,114.4424,169.541,149.2783,-0.219192,2.217589
mock_04629,Monolayer,Light Blue,189.2305,204.1631,237.1846,-0.06514,0.293016
mock_04630,Monolayer,Light Blue,189.7588,204.4092,237.415,-0.04935,0.318124
mock_04631,Bilayer,Blue,154.6211,179.668,219.2891,-0.091818,0.782153
mock_04632,Few Layers,Green,114.4854,169.4043,149.7207,-0.244392,2.07756
mock_04633,Few Layers,Green,114.4785,169.1621,149.4541,-0.24646,2.192969
mock_04634,Bulk,Yellow,187.5098,165.1348,120.9902,-0.333118,4.993253
mock_04635,Monolayer,Light Blue,189.6152,204.4873,237.46,-0.053934,0.428768
mock_04636,Few Layers,Green,114.6094,169.3535,149.4619,-0.231879,2.234673
mock_04637,Bulk,Yellow,187.6172,165.2354,121.5117,-0.28779,5.118121
mock_04638,Trilayer,Purple-Blue,128.0732,147.6875,209.9492,-0.156761,0.943836
mock_04639,Bilayer,Blue,154.4951,179.8271,219.4346,-0.085217,0.668078
mock_04640,Monolayer,Light Blue,189.7354,204.5557,237.8154,-0.077672,0.404245
mock_04641,Monolayer,Light Blue,189.6836,204.8066,237.1748,-0.053846,0.323015
mock_04642,Trilayer,Purple-Blue,127.6035,147.3174,209.3594,-0.1498,1.014948
mock_04643,Monolayer,Light Blue,189.4482,204.0049,237.624,-0.042121,0.283214
mock_04644,Bulk,Yellow,187.1885,165.6484,121.6455,-0.314717,4.988178
mock_04645,Monolayer,Light Blue,189.5352,204.3389,237.3916,-0.062294,0.338394
mock_04646,Trilayer,Purple-Blue,127.6143,147.708,209.4346,-0.172176,0.997165
mock_04647,Monolayer,Light Blue,189.291,204.5889,237.4941,-0.032994,0.405887
mock_04648,Bulk,Yellow,186.9775,165.4189,121.4277,-0.334235,5.057582
mock_04649,Bulk,Yellow,187.332,165.3682,121.5283,-0.30958,5.049298
mock_04650,Trilayer,Purple-Blue,127.6689,147.2695,210.1162,-0.160896,0.91803
mock_04651,Trilayer,Purple-Blue,127.292,147.7324,209.624,-0.164993,0.873734
mock_04652,Bilayer,Blue,154.3965,179.377,219.5195,-0.101887,0.711768
mock_04653,Few Layers,Green,114.3662,169.124,149.3057,-0.253301,2.281537
mock_04654,Monolayer,Light Blue,189.7285,204.3301,237.5146,-0.053756,0.378888
mock_04655,Few Layers,Green,114.5264,169.0674,149.127,-0.239814,2.134128
mock_04656,Monolayer,Light Blue,189.5664,205.2246,237.2861,-0.066661,0.191296
mock_04657,Bulk,Yellow,187.8066,165.2354,121.6992,-0.310761,4.980996
mock_04658,Bulk,Yellow,187.5303,165.4277,121.5762,-0.327035,5.055494
mock_04659,Bilayer,Blue,154.5439,179.4277,219.3457,-0.086176,0.492039
mock_04660,Few Layers,Green,114.1074,169.4297,149.5205,-0.237443,2.157606
mock_04661,Few Layers,Green,114.3652,170.0303,149.5859,-0.244289,2.131459
mock_04662,Monolayer,Light Blue,189.7207,204.5947,237.2021,-0.048978,0.318661
mock_04663,Monolayer,Light Blue,189.3594,204.5928,237.4434,-0.05884,0.195947
mock_04664,Bulk,Yellow,187.666,165.6709,121.1816,-0.333417,5.021878
mock_04665,Few Layers,Green,114.1426,169.5918,149.4287,-0.215314,2.213117
mock_04666,Bulk,Yellow,187.1123,165.5469,121.6982,-0.338037,5.105606
mock_04667,Few Layers,Green,114.5156,169.1934,149.4551,-0.236178,2.173321
mock_04668,Bulk,Yellow,187.6895,165.4473,121.5127,-0.336066,5.048424
mock_04669,Few Layers,Green,114.0938,169.292,149.6094,-0.228276,2.131837
mock_04670,Trilayer,Purple-Blue,127.5508,147.6807,209.4023,-0.131385,1.042004
mock_04671,Few Layers,Green,114.2617,169.3047,149.5479,-0.225322,2.29029
mock_04672,Bilayer,Blue,154.833,179.1504,219.5518,-0.124257,0.605514
mock_04673,Bilayer,Blue,154.376,179.3486,219.2158,-0.084027,0.62534
mock_04674,Few Layers,Green,114.1777,169.6543,149.7354,-0.260366,2.311779
mock_04675,Trilayer,Purple-Blue,127.9727,147.5479,209.7383,-0.172319,0.944283
mock_04676,Trilayer,Purple-Blue,127.4004,147.2559,209.7861,-0.13982,0.897315
mock_04677,Trilayer,Purple-Blue,127.4395,147.3955,209.793,-0.136736,0.843887
mock_04678,Few Layers,Green,114.6807,168.9912,149.5127,-0.249743,2.16363
mock_04679,Bilayer,Blue,154.7607,179.1494,219.2568,-0.106729,0.6654
mock_04680,Monolayer,Light Blue,189.583,204.0713,237.6562,-0.041269,0.434865
mock_04681,Monolayer,Light Blue,189.0039,204.708,238.0566,-0.076754,0.351679
mock_04682,Monolayer,Light Blue,189.6689,204.7637,237.5254,-0.058228,0.329482
mock_04683,Bilayer,Blue,154.5605,179.4385,219.791,-0.105082,0.704738
mock_04684,Monolayer,Light Blue,189.0996,204.3652,237.5234,-0.045552,0.465669
mock_04685,Few Layers,Green,114.8975,169.2129,149.5068,-0.238833,2.237215
mock_04686,Bulk,Yellow,187.4893,165.8965,121.7188,-0.336589,4.901044
mock_04687,Few Layers,Green,114.6123,168.8809,149.2178,-0.222085,2.220523
mock_04688,Few Layers,Green,114.5938,169.6709,149.3789,-0.239703,2.150538
mock_04689,Bulk,Yellow,187.7598,165.6768,121.2627,-0.289604,5.168505
mock_04690,Bilayer,Blue,154.8418,179.4404,219.4131,-0.099761,0.74855
mock_04691,Trilayer,Purple-Blue,127.1211,147.4033,209.7324,-0.160256,0.994675
mock_04692,Bulk,Yellow,187.4971,165.7129,121.1426,-0.290906,5.098813
mock_04693,Monolayer,Light Blue,189.3486,204.3281,237.8818,-0.060211,0.257842
mock_04694,Bilayer,Blue,154.6104,179.5928,219.2617,-0.085372,0.491102
mock_04695,Trilayer,Purple-Blue,127.6172,147.8037,209.8789,-0.170211,1.168952
mock_04696,Bilayer,Blue,155.0381,179.5908,219.2979,-0.105761,0.760323
mock_04697,Few Layers,Green,114.21,169.0234,149.665,-0.24453,2.269715
mock_04698,Bilayer,Blue,154.8301,179.6953,220.0049,-0.100949,0.611952
mock_04699,Few Layers,Green,114.4336,169.8291,149.5908,-0.231848,2.113326
mock_04700,Trilayer,Purple-Blue,127.6211,147.2295,209.5508,-0.172272,1.134404
mock_04701,Bulk,Yellow,187.4053,165.2725,121.6729,-0.326212,5.259865
mock_04702,Monolayer,Light Blue,189.6367,204.5889,236.9912,-0.047437,0.225137
mock_04703,Trilayer,Purple-Blue,127.3877,147.0459,210.0576,-0.160007,0.895761
mock_04704,Bilayer,Blue,154.1406,179.4932,220.0049,-0.100853,0.622847
mock_04705,Monolayer,Light Blue,189.6035,204.3779,237.4619,-0.059549,0.370985
mock_04706,Few Layers,Green,114.2148,169.2705,148.9473,-0.205805,2.175101
mock_04707,Bilayer,Blue,154.4805,179.4365,219.8701,-0.095019,0.611993
mock_04708,Monolayer,Light Blue,189.4043,204.3242,237.6562,-0.050092,0.462228
mock_04709,Monolayer,Light Blue,189.7412,204.6807,237.4717,-0.021801,0.365428
mock_04710,Trilayer,Purple-Blue,127.3369,147.5557,209.6133,-0.171758,1.09147
mock_04711,Bilayer,Blue,154.5264,179.7305,219.6533,-0.091281,0.566866
mock_04712,Bilayer,Blue,154.7539,179.4453,219.1875,-0.102056,0.566736
mock_04713,Bilayer,Blue,154.1328,179.46,219.7725,-0.104272,0.610043
mock_04714,Bilayer,Blue,154.8574,179.4678,219.5508,-0.084576,0.721929
mock_04715,Bulk,Yellow,187.3916,165.5029,121.1465,-0.334272,4.935851
mock_04716,Bilayer,Blue,154.6709,179.5518,219.3975,-0.110365,0.658356
mock_04717,Trilayer,Purple-Blue,127.7676,147.5918,209.4414,-0.159546,1.161006
mock_04718,Trilayer,Purple-Blue,127.2002,147.4482,209.3496,-0.159695,0.942366
mock_04719,Monolayer,Light Blue,189.1855,204.623,237.7227,-0.005907,0.263116
mock_04720,Monolayer,Light Blue,189.1445,204.1787,237.6738,-0.041582,0.176127
mock_04721,Few Layers,Green,114.3623,169.1602,149.8516,-0.233184,2.109252
mock_04722,Bulk,Yellow,187.5674,165.5225,121.4229,-0.304072,5.192456
mock_04723,Bilayer,Blue,154.6133,179.29,219.4385,-0.066386,0.618308
mock_04724,Trilayer,Purple-Blue,128.1641,147.124,209.4346,-0.126376,1.173226
mock_04725,Monolayer,Light Blue,189.6465,204.4785,238.0918,-0.058335,0.150393
mock_04726,Trilayer,Purple-Blue,127.5049,147.5869,209.3955,-0.152212,0.884667
mock_04727,Monolayer,Light Blue,189.2109,204.7109,237.0244,-0.037586,0.355398
mock_04728,Bulk,Yellow,187.1406,165.417,121.6357,-0.327636,5.029969
mock_04729,Monolayer,Light Blue,189.6562,204.8828,237.8105,-0.056028,0.264402
mock_04730,Bilayer,Blue,154.4746,180.0215,219.6279,-0.086872,0.615105
mock_04731,Bilayer,Blue,154.7676,179.6094,219.8486,-0.130209,0.711902
mock_04732,Few Layers,Green,114.4102,169.5264,149.2383,-0.250616,2.045886
mock_04733,Monolayer,Light Blue,189.6143,204.0869,237.1025,-0.053052,0.284641
mock_04734,Trilayer,Purple-Blue,127.5186,147.542,209.4961,-0.158583,1.00384
mock_04735,Monolayer,Light Blue,189.6191,204.707,237.3809,-0.083376,0.230567
mock_04736,Monolayer,Light Blue,189.5068,204.2207,237.6885,-0.057398,0.262393
mock_04737,Bulk,Yellow,187.2764,165.7051,121.1045,-0.308349,4.920654
mock_04738,Monolayer,Light Blue,189.5898,204.5508,237.0771,-0.036756,0.399789
mock_04739,Few Layers,Green,114.6621,169.5879,149.873,-0.240583,2.130974
mock_04740,Bilayer,Blue,154.541,179.3662,219.4209,-0.095194,0.641531
mock_04741,Bulk,Yellow,187.2607,165.5469,121.1738,-0.325636,5.032934
mock_04742,Bulk,Yellow,187.498,165.1211,121.6064,-0.359029,5.124593
mock_04743,Trilayer,Purple-Blue,127.1934,147.8779,209.7539,-0.149204,0.886814
mock_04744,Trilayer,Purple-Blue,127.5459,147.6904,209.3125,-0.175247,1.098275
mock_04745,Few Layers,Green,114.4639,169.1523,149.5635,-0.249304,2.277389
mock_04746,Bulk,Yellow,187.4697,165.3545,121.4805,-0.310962,5.138323
mock_04747,Monolayer,Light Blue,189.3613,203.8965,236.9053,-0.040539,0.367681
mock_04748,Monolayer,Light Blue,189.2441,204.6543,237.2441,-0.040435,0.264588
mock_04749,Few Layers,Green,115.0449,170.1621,149.5859,-0.221108,2.125746
mock_04750,Bilayer,Blue,154.3896,179.5898,219.29,-0.07671,0.646577
mock_04751,Trilayer,Purple-Blue,127.6426,147.5449,209.9053,-0.15157,1.078026
mock_04752,Monolayer,Light Blue,189.5791,204.1914,237.3623,-0.038311,0.298955
mock_04753,Bulk,Yellow,187.5879,165.3135,121.4668,-0.333774,5.096455
mock_04754,Few Layers,Green,114.5234,169.0557,149.4258,-0.245529,2.286527
mock_04755,Few Layers,Green,114.4971,169.2217,149.5127,-0.256349,2.192386
mock_04756,Trilayer,Purple-Blue,127.5605,147.1543,209.624,-0.17909,0.955889
mock_04757,Monolayer,Light Blue,189.749,204.7842,237.2705,-0.03281,0.283521
mock_04758,Few Layers,Green,114.2354,169.5508,149.4941,-0.22458,2.169876
mock_04759,Bulk,Yellow,187.6582,166.0527,121.6387,-0.332505,5.022978
mock_04760,Bulk,Yellow,187.4746,165.709,121.9023,-0.30241,5.004204
mock_04761,Bilayer,Blue,154.4629,179.2061,219.8252,-0.101389,0.672667
mock_04762,Bulk,Yellow,187.418,165.9414,121.5225,-0.298306,4.942982
mock_04763,Few Layers,Green,114.5137,169.4102,149.6826,-0.247549,2.170872
mock_04764,Monolayer,Light Blue,189.6113,204.5752,237.1631,-0.050598,0.36361
mock_04765,Trilayer,Purple-Blue,127.6729,147.5957,209.2432,-0.154965,0.99255
mock_04766,Monolayer,Light Blue,189.1719,204.7236,237.0684,-0.066569,0.400097
mock_04767,Monolayer,Light Blue,189.3691,204.5498,237.335,-0.077551,0.241796
mock_04768,Trilayer,Purple-Blue,127.5879,147.1836,209.6289,-0.156007,0.985894
mock_04769,Few Layers,Green,114.71,169.4922,149.3555,-0.285333,2.007757
mock_04770,Monolayer,Light Blue,189.6875,204.2354,237.2217,-0.022324,0.167282
mock_04771,Bulk,Yellow,187.6426,165.5293,121.335,-0.317573,4.868217
mock_04772,Monolayer,Light Blue,189.334,205.1396,237.6289,-0.056079,0.096858
mock_04773,Trilayer,Purple-Blue,127.6855,147.6514,209.4277,-0.156169,1.0129
mock_04774,Few Layers,Green,114.4219,169.2363,149.79,-0.260494,2.156851
mock_04775,Monolayer,Light Blue,189.1582,204.4844,237.5225,-0.043786,0.275624
mock_04776,Bilayer,Blue,154.8037,179.125,219.792,-0.118407,0.6151
mock_04777,Monolayer,Light Blue,189.5244,204.3096,237.0469,-0.027819,0.282567
mock_04778,Few Layers,Green,114.6211,169.374,149.8115,-0.262636,2.144596
mock_04779,Few Layers,Green,114.1855,169.4941,149.9541,-0.262159,2.297523
mock_04780,Bulk,Yellow,187.4033,165.4434,121.2881,-0.314529,4.90164
mock_04781,Monolayer,Light Blue,189.1914,204.1729,237.1699,-0.021972,0.382682
mock_04782,Monolayer,Light Blue,189.4287,204.8018,236.8467,-0.083212,0.205348
mock_04783,Bulk,Yellow,187.79,165.6318,121.2695,-0.342382,4.865429
mock_04784,Trilayer,Purple-Blue,127.6631,147.7188,209.2812,-0.163161,0.968581
mock_04785,Bulk,Yellow,187.4355,165.2441,121.6396,-0.307814,5.088899
mock_04786,Few Layers,Green,113.9785,169.2051,149.3877,-0.244973,2.154243
mock_04787,Few Layers,Green,114.418,169.418,149.2998,-0.230909,2.1673
mock_04788,Few Layers,Green,114.6182,169.3193,149.4727,-0.235362,2.153371
mock_04789,Monolayer,Light Blue,189.7129,204.3955,237.6006,-0.052421,0.272594
mock_04790,Bulk,Yellow,187.5342,165.2695,121.9766,-0.307927,4.98046
mock_04791,Trilayer,Purple-Blue,127.7549,147.6611,209.707,-0.13937,0.951839
mock_04792,Bilayer,Blue,154.6553,179.2656,219.4541,-0.081386,0.635857
mock_04793,Trilayer,Purple-Blue,127.2695,147.5664,209.5762,-0.142877,0.922511
mock_04794,Bilayer,Blue,154.5596,179.7793,220.0312,-0.107739,0.754506
mock_04795,Bilayer,Blue,154.5625,179.3203,219.5508,-0.092596,0.712097
mock_04796,Monolayer,Light Blue,189.6826,204.8281,237.4121,-0.056928,0.433081
mock_04797,Few Layers,Green,114.791,169.5938,149.7852,-0.237252,2.2053
mock_04798,Trilayer,Purple-Blue,127.668,147.3828,209.1836,-0.142295,1.121492
mock_04799,Few Layers,Green,114.3213,169.6787,149.4893,-0.244675,2.161484
mock_04800,Monolayer,Light Blue,189.1426,204.4639,237.7432,-0.035236,0.258909
mock_04801,Monolayer,Light Blue,189.8135,205.0225,238.0215,-0.046235,0.40694
mock_04802,Bulk,Yellow,187.5225,165.8154,120.9385,-0.308931,5.149022
mock_04803,Trilayer,Purple-Blue,126.8086,147.7363,209.2334,-0.144465,1.027591
mock_04804,Bilayer,Blue,154.3174,179.6982,219.7471,-0.103116,0.527634
mock_04805,Bilayer,Blue,154.2852,179.7617,219.833,-0.083282,0.783471
mock_04806,Trilayer,Purple-Blue,127.2539,147.459,209.5713,-0.16115,0.997569
mock_04807,Few Layers,Green,114.4717,168.8701,149.7021,-0.23946,2.262248
mock_04808,Monolayer,Light Blue,189.1885,204.2207,237.3301,-0.043918,0.385577
mock_04809,Few Layers,Green,114.5635,169.4893,149.1709,-0.207026,2.232244
mock_04810,Bulk,Yellow,187.7939,165.6836,121.9219,-0.308015,4.995913
mock_04811,Monolayer,Light Blue,189.4023,204.2227,237.5723,-0.058949,0.457758
mock_04812,Monolayer,Light Blue,189.9609,204.6152,237.4541,-0.056951,0.31597
mock_04813,Few Layers,Green,114.4795,169.6807,150.0098,-0.262661,2.188905
mock_04814,Monolayer,Light Blue,189.0488,204.3037,237.3389,-0.037143,0.381667
mock_04815,Bulk,Yellow,187.1289,165.709,121.2461,-0.310639,4.99849
mock_04816,Bilayer,Blue,154.8955,179.332,219.2344,-0.101362,0.50409
mock_04817,Trilayer,Purple-Blue,127.4033,147.834,209.2773,-0.156672,0.877974
mock_04818,Few Layers,Green,114.5859,169.1543,149.6162,-0.231978,2.007454
mock_04819,Bulk,Yellow,187.2402,165.5146,121.2725,-0.332331,4.994495
mock_04820,Bilayer,Blue,154.4893,179.415,218.9873,-0.081704,0.658202
mock_04821,Bilayer,Blue,154.7725,179.5273,219.8252,-0.096412,0.75502
mock_04822,Few Layers,Green,114.2451,169.1152,149.54,-0.221425,2.241135
mock_04823,Trilayer,Purple-Blue,127.3262,147.4248,209.7422,-0.163016,0.998086
mock_04824,Bulk,Yellow,187.373,165.5918,121.4873,-0.310892,5.095321
mock_04825,Monolayer,Light Blue,189.8477,204.3262,237.0439,-0.040011,0.277665
mock_04826,Bilayer,Blue,154.6436,179.6152,219.5811,-0.092446,0.751916
mock_04827,Few Layers,Green,114.9883,169.3809,149.7832,-0.221155,2.285816
mock_04828,Bilayer,Blue,154.8311,179.1963,219.5273,-0.146751,0.643952
mock_04829,Bilayer,Blue,154.6289,179.8613,219.6865,-0.096692,0.619885
mock_04830,Trilayer,Purple-Blue,127.4727,147.6777,209.7773,-0.158359,1.034849
mock_04831,Few Layers,Green,114.5137,169.3857,149.6055,-0.246264,2.133899
mock_04832,Monolayer,Light Blue,189.6279,204.2998,237.3564,-0.06056,0.274055
mock_04833,Few Layers,Green,113.9043,169.0762,148.9854,-0.242428,2.237157
mock_04834,Monolayer,Light Blue,189.5371,204.3896,237.4609,-0.041365,0.354344
mock_04835,Bilayer,Blue,154.5283,179.5107,219.4834,-0.122607,0.689096
mock_04836,Trilayer,Purple-Blue,127.46,147.0928,209.4111,-0.161915,1.049021
mock_04837,Monolayer,Light Blue,189.9043,204.0713,237.3428,-0.062032,0.371411
mock_04838,Bilayer,Blue,154.6045,179.5332,219.1836,-0.108824,0.779189
mock_04839,Trilayer,Purple-Blue,127.833,147.2578,209.625,-0.152239,1.063844
mock_04840,Few Layers,Green,114.3555,169.8389,149.5234,-0.223959,2.153161
mock_04841,Few Layers,Green,114.1025,169.3486,149.2334,-0.233071,2.241753
mock_04842,Monolayer,Light Blue,189.3887,204.3057,237.5088,-0.058384,0.235502
mock_04843,Bulk,Yellow,187.8486,165.3828,121.335,-0.309158,5.139696
mock_04844,Bilayer,Blue,154.6406,180.0234,219.3975,-0.11577,0.649938
mock_04845,Few Layers,Green,114.7891,169.5078,149.3545,-0.234765,2.12243
mock_04846,Monolayer,Light Blue,189.3701,204.4346,237.0098,-0.052085,0.275023
mock_04847,Bulk,Yellow,187.4443,165.4307,121.6602,-0.313449,5.20997
mock_04848,Bilayer,Blue,154.667,179.5244,219.585,-0.102522,0.75783
mock_04849,Bulk,Yellow,187.3213,165.5059,121.626,-0.33559,4.951669
mock_04850,Trilayer,Purple-Blue,127.7148,147.4814,209.2461,-0.160095,0.985973
mock_04851,Trilayer,Purple-Blue,127.4395,147.165,209.2207,-0.157885,1.091274
mock_04852,Bulk,Yellow,187.5488,165.6963,121.2402,-0.301614,5.124316
mock_04853,Bulk,Yellow,187.8027,165.6885,121.1406,-0.314972,5.133225
mock_04854,Bilayer,Blue,154.71,179.4023,219.7871,-0.064812,0.774902
mock_04855,Few Layers,Green,114.1084,169.7344,149.8223,-0.248576,2.159913
mock_04856,Monolayer,Light Blue,189.1445,204.0566,236.9902,-0.029168,0.340496
mock_04857,Monolayer,Light Blue,189.3027,204.7031,237.8008,-0.063264,0.416697
mock_04858,Bilayer,Blue,154.5381,179.1006,219.5547,-0.107675,0.686273
mock_04859,Monolayer,Light Blue,189.4775,205.0469,237.4629,-0.02088,0.373228
mock_04860,Trilayer,Purple-Blue,127.3369,147.2402,209.5664,-0.152807,0.938609
mock_04861,Monolayer,Light Blue,189.4023,204.7764,237.9316,-0.063038,0.392966
mock_04862,Monolayer,Light Blue,189.5225,204.5664,237.3574,-0.042549,0.366632
mock_04863,Bilayer,Blue,154.4883,179.0938,219.666,-0.126572,0.582377
mock_04864,Monolayer,Light Blue,189.0352,204.9502,237.4287,-0.0556,0.336258
mock_04865,Trilayer,Purple-Blue,127.4912,147.5049,208.9004,-0.147192,0.961772
mock_04866,Bilayer,Blue,154.5244,179.3691,219.5898,-0.080757,0.521476
mock_04867,Monolayer,Light Blue,189.5508,204.4346,237.6758,-0.076685,0.261211
mock_04868,Bulk,Yellow,187.2441,165.8535,121.5537,-0.295881,5.02118
mock_04869,Bulk,Yellow,187.3213,165.4062,121.7246,-0.322794,4.92327
mock_04870,Few Layers,Green,115.1621,169.6914,149.6211,-0.256305,2.052849
mock_04871,Few Layers,Green,114.8232,169.7529,149.1758,-0.228995,2.209713
mock_04872,Trilayer,Purple-Blue,127.6055,147.4775,209.2783,-0.162849,1.039079
mock_04873,Trilayer,Purple-Blue,127.3721,147.3838,209.6797,-0.172351,1.078615
mock_04874,Trilayer,Purple-Blue,127.583,147.8311,209.2998,-0.136953,1.129056
mock_04875,Monolayer,Light Blue,189.4463,204.9121,237.5381,-0.060569,0.245279
mock_04876,Few Layers,Green,114.2617,169.3535,149.7803,-0.226454,2.086421
mock_04877,Bilayer,Blue,154.375,179.7676,219.4111,-0.099645,0.65832
mock_04878,Trilayer,Purple-Blue,127.6934,147.418,209.2666,-0.173764,0.956787
mock_04879,Bilayer,Blue,154.3525,179.7725,219.5146,-0.133588,0.593705
mock_04880,Monolayer,Light Blue,189.6133,204.5479,237.4678,-0.038827,0.343864
mock_04881,Few Layers,Green,114.6836,169.7432,149.5244,-0.236289,2.234142
mock_04882,Few Layers,Green,114.8252,169.2559,149.5322,-0.234777,2.129289
mock_04883,Trilayer,Purple-Blue,127.583,147.5977,209.0693,-0.163245,0.961411
mock_04884,Trilayer,Purple-Blue,127.5723,147.3086,209.334,-0.151859,0.898245
mock_04885,Trilayer,Purple-Blue,127.3457,147.5098,209.1934,-0.162633,0.843598
mock_04886,Trilayer,Purple-Blue,126.9678,147.1484,209.7646,-0.165371,0.956842
mock_04887,Bulk,Yellow,187.5088,165.4561,121.2607,-0.3155,5.010212
mock_04888,Bulk,Yellow,187.4062,165.5547,121.3271,-0.335341,4.983506
mock_04889,Few Layers,Green,114.8984,169.4639,149.6113,-0.243987,2.116868
mock_04890,Trilayer,Purple-Blue,127.8398,147.7578,209.2422,-0.148133,0.813519
mock_04891,Bulk,Yellow,187.4854,165.6846,121.9424,-0.314065,5.01381
mock_04892,Bulk,Yellow,187.6689,165.3174,121.6963,-0.322089,4.989704
mock_04893,Monolayer,Light Blue,189.4248,204.292,237.2646,-0.03456,0.357727
mock_04894,Trilayer,Purple-Blue,127.3594,147.6406,209.585,-0.154181,0.929634
mock_04895,Monolayer,Light Blue,189.6973,204.6426,237.3643,-0.057398,0.452539
mock_04896,Bulk,Yellow,187.4473,165.5264,121.2832,-0.332857,5.09144
mock_04897,Monolayer,Light Blue,189.2617,204.1377,237.5811,-0.068939,0.343393
mock_04898,Bilayer,Blue,154.9395,179.751,219.7656,-0.090963,0.772867
mock_04899,Few Layers,Green,114.3232,169.2246,149.9277,-0.262938,2.193422
mock_04900,Bulk,Yellow,187.1738,165.3018,121.4297,-0.310832,5.009611
mock_04901,Monolayer,Light Blue,189.8242,204.0586,237.7285,-0.030979,0.367514
mock_04902,Bilayer,Blue,154.5605,179.4746,219.3555,-0.112404,0.555126
mock_04903,Bilayer,Blue,154.5146,179.2607,219.4766,-0.103241,0.638358
mock_04904,Monolayer,Light Blue,189.9199,204.7822,237.1035,-0.071543,0.299356
mock_04905,Bulk,Yellow,187.5098,165.542,121.7148,-0.34398,4.911942
mock_04906,Few Layers,Green,114.3369,169.2236,149.5791,-0.263772,2.286206
mock_04907,Few Layers,Green,114.3105,169.5586,149.2578,-0.240494,2.22969
mock_04908,Bulk,Yellow,187.6826,165.6279,121.71,-0.306316,4.999676
mock_04909,Monolayer,Light Blue,189.5674,205.0801,237.126,-0.066243,0.261909
mock_04910,Trilayer,Purple-Blue,127.3564,147.2959,209.499,-0.181221,1.046669
mock_04911,Monolayer,Light Blue,189.0596,204.6299,237.5098,-0.078226,0.299628
mock_04912,Few Layers,Green,114.5068,169.6963,149.6348,-0.24513,2.183679
mock_04913,Trilayer,Purple-Blue,127.5391,147.1904,209.3672,-0.166834,0.844488
mock_04914,Few Layers,Green,114.3496,169.665,149.7744,-0.248333,2.149083
mock_04915,Few Layers,Green,114.4932,169.0635,149.2646,-0.247236,2.129914
mock_04916,Bulk,Yellow,187.6689,165.6758,121.6074,-0.307883,4.966571
mock_04917,Trilayer,Purple-Blue,127.1436,147.4561,209.4248,-0.152274,0.99339
mock_04918,Monolayer,Light Blue,189.5459,204.4834,237.8799,-0.057454,0.375872
mock_04919,Bilayer,Blue,154.5469,179.1543,219.6221,-0.100942,0.713097
mock_04920,Trilayer,Purple-Blue,127.166,147.3467,209.3613,-0.151688,0.878111
mock_04921,Few Layers,Green,114.1904,169.8193,149.6152,-0.252148,2.367731
mock_04922,Few Layers,Green,114.7148,169.3857,149.3828,-0.236065,2.234763
mock_04923,Bulk,Yellow,187.4424,165.5146,121.5264,-0.329027,5.019894
mock_04924,Trilayer,Purple-Blue,127.6553,147.7803,209.3643,-0.155079,1.097645
mock_04925,Few Layers,Green,114.7451,169.6836,149.333,-0.261765,2.149092
mock_04926,Bulk,Yellow,187.4473,165.2578,121.7051,-0.316235,5.195665
mock_04927,Bilayer,Blue,154.418,179.667,219.2305,-0.104415,0.557858
mock_04928,Few Layers,Green,114.5693,169.3447,149.5449,-0.223477,2.175911
mock_04929,Monolayer,Light Blue,189.7021,204.2168,237.1377,-0.039747,0.447297
mock_04930,Few Layers,Green,114.8926,169.5352,149.5566,-0.248478,2.309517
mock_04931,Few Layers,Green,114.4502,169.3545,149.8223,-0.246556,2.167994
mock_04932,Few Layers,Green,114.2793,169.1631,149.5039,-0.244562,2.316694
mock_04933,Bilayer,Blue,154.4385,179.6182,219.4434,-0.086345,0.620718
mock_04934,Trilayer,Purple-Blue,127.5938,147.3135,209.3945,-0.178414,1.109162
mock_04935,Few Layers,Green,114.4355,169.4775,149.6777,-0.202661,2.240549
mock_04936,Few Layers,Green,114.7764,169.2754,149.626,-0.228427,2.298541
mock_04937,Bilayer,Blue,154.7344,179.1641,219.4355,-0.078477,0.785617
mock_04938,Trilayer,Purple-Blue,127.8584,147.3105,209.8525,-0.178481,0.939123
mock_04939,Bulk,Yellow,187.7031,165.7139,121.8242,-0.299653,5.058963
mock_04940,Bilayer,Blue,154.2324,179.6045,219.5107,-0.103293,0.504797
mock_04941,Bilayer,Blue,154.5264,179.3672,219.6572,-0.114237,0.567685
mock_04942,Few Layers,Green,113.8701,169.5127,149.3516,-0.247148,2.003425
mock_04943,Trilayer,Purple-Blue,127.751,147.4111,209.1982,-0.171188,0.955602
mock_04944,Bilayer,Blue,154.3438,179.6709,219.7578,-0.068217,0.520696
mock_04945,Monolayer,Light Blue,189.0244,204.4863,237.3867,-0.076201,0.230758
mock_04946,Trilayer,Purple-Blue,127.3975,147.9531,209.8311,-0.167586,1.186162
mock_04947,Trilayer,Purple-Blue,127.2871,147.2627,209.5186,-0.156368,0.774439
mock_04948,Bilayer,Blue,154.1631,179.6143,219.7871,-0.106972,0.72286
mock_04949,Monolayer,Light Blue,189.6211,204.1885,237.4658,-0.059242,0.447119
mock_04950,Monolayer,Light Blue,189.8594,204.3799,237.6729,-0.06021,0.293491
mock_04951,Trilayer,Purple-Blue,127.7305,147.7168,209.417,-0.154864,0.963824
mock_04952,Monolayer,Light Blue,189.1367,204.7012,237.2236,-0.051281,0.354964
mock_04953,Few Layers,Green,114.6387,169.4492,149.4619,-0.277025,2.247086
mock_04954,Bilayer,Blue,154.5684,179.3037,219.4473,-0.114666,0.72684
mock_04955,Monolayer,Light Blue,189.0479,204.3818,237.7256,-0.091389,0.336041
mock_04956,Monolayer,Light Blue,189.8105,204.6465,237.2207,-0.063529,0.41291
mock_04957,Monolayer,Light Blue,189.4697,204.2861,237.5225,-0.041866,0.291938
mock_04958,Bulk,Yellow,187.6709,165.4883,121.46,-0.325428,5.005124
mock_04959,Bulk,Yellow,187.166,165.5869,121.3633,-0.309966,4.933429
mock_04960,Few Layers,Green,114.4697,169.418,149.0566,-0.229226,2.178301
mock_04961,Monolayer,Light Blue,189.5322,204.4424,237.748,-0.060691,0.445178
mock_04962,Bilayer,Blue,154.6484,179.5234,219.7168,-0.100943,0.496067
mock_04963,Monolayer,Light Blue,189.7158,204.8906,237.3027,-0.046193,0.125127
mock_04964,Monolayer,Light Blue,189.4199,204.3096,237.1562,-0.034038,0.259352
mock_04965,Bulk,Yellow,187.4746,165.3545,121.4609,-0.334509,5.016557
mock_04966,Trilayer,Purple-Blue,127.7939,147.4795,209.4814,-0.149934,0.938627
mock_04967,Trilayer,Purple-Blue,127.8525,147.3877,209.5605,-0.177649,1.007525
mock_04968,Trilayer,Purple-Blue,127.3877,147.6758,209.8057,-0.16905,0.934408
mock_04969,Trilayer,Purple-Blue,127.3896,147.7227,209.5176,-0.180504,1.007344
mock_04970,Bilayer,Blue,154.3896,179.4014,219.4209,-0.08694,0.654324
mock_04971,Bulk,Yellow,187.3213,165.3193,121.8584,-0.324018,4.953786
mock_04972,Few Layers,Green,113.9824,169.5732,149.3584,-0.241577,2.274204
mock_04973,Trilayer,Purple-Blue,127.5127,147.8262,209.6152,-0.161377,1.056445
mock_04974,Bilayer,Blue,154.6816,179.5703,219.6514,-0.073249,0.714901
mock_04975,Trilayer,Purple-Blue,127.668,147.1777,209.6787,-0.171079,0.893383
mock_04976,Few Layers,Green,114.8623,169.7881,149.79,-0.246777,2.264896
mock_04977,Monolayer,Light Blue,189.4668,204.5645,237.5127,-0.074065,0.390611
mock_04978,Bilayer,Blue,154.5645,179.2842,219.3516,-0.101693,0.501762
mock_04979,Few Layers,Green,114.541,169.4121,149.4707,-0.234574,2.188293
mock_04980,Bulk,Yellow,187.582,165.8115,121.6553,-0.311406,4.974969
mock_04981,Few Layers,Green,114.7471,169.2666,149.5088,-0.249212,2.345393
mock_04982,Monolayer,Light Blue,189.5654,204.3242,237.1924,-0.057367,0.193215
mock_04983,Few Layers,Green,114.3848,169.793,149.8623,-0.235419,2.13921
mock_04984,Few Layers,Green,114.4873,169.1055,149.0557,-0.242582,2.219466
mock_04985,Monolayer,Light Blue,188.8643,204.5479,237.666,-0.061093,0.187563
mock_04986,Bilayer,Blue,154.6875,179.4736,219.0938,-0.10696,0.525683
mock_04987,Few Layers,Green,114.5225,169.8506,149.4355,-0.232966,2.345673
mock_04988,Bulk,Yellow,187.8799,165.2715,121.5146,-0.311653,4.988503
mock_04989,Trilayer,Purple-Blue,127.918,147.6113,209.2998,-0.149339,0.969979
mock_04990,Bilayer,Blue,154.2061,179.8691,219.4805,-0.104009,0.593571
mock_04991,Monolayer,Light Blue,189.2793,204.4805,237.6152,-0.051761,0.240249
mock_04992,Bilayer,Blue,153.7715,179.6709,219.5215,-0.092213,0.772124
mock_04993,Monolayer,Light Blue,189.1465,204.5195,237.5068,-0.048106,0.257028
mock_04994,Bilayer,Blue,154.1406,179.1875,219.8496,-0.10979,0.738231
mock_04995,Monolayer,Light Blue,189.1738,204.6367,237.1797,-0.043843,0.327902
mock_04996,Monolayer,Light Blue,189.3467,204.6729,237.3594,-0.054831,0.42093
mock_04997,Bulk,Yellow,187.2217,165.0625,121.6377,-0.340817,4.91259
mock_04998,Bilayer,Blue,154.4512,179.667,219.7979,-0.088104,0.756786
mock_04999,Monolayer,Light Blue,189.3594,204.4912,237.0195,-0.036781,0.355898
mock_05000,Trilayer,Purple-Blue,127.2861,147.5088,210.3301,-0.152501,0.955807
mock_05001,Trilayer,Purple-Blue,127.1035,146.9951,209.3047,-0.146194,0.955216
mock_05002,Few Layers,Green,114.5547,169.3945,149.5898,-0.228601,2.253029
mock_05003,Bilayer,Blue,154.2471,179.6055,219.8789,-0.129391,0.669495
mock_05004,Bilayer,Blue,154.5068,179.2812,219.3984,-0.093919,0.682108
mock_05005,Few Layers,Green,114.8027,169.5371,149.4639,-0.251343,2.213175
mock_05006,Bulk,Yellow,187.3086,165.748,120.4404,-0.317572,4.888058
mock_05007,Few Layers,Green,114.4014,169.5742,149.2217,-0.243101,2.288992
mock_05008,Bulk,Yellow,187.4404,165.8066,121.4375,-0.309724,4.841421
mock_05009,Few Layers,Green,114.666,169.4287,149.4395,-0.23918,2.179371
mock_05010,Trilayer,Purple-Blue,127.5732,147.7598,209.7119,-0.160553,0.972667
mock_05011,Trilayer,Purple-Blue,127.4131,147.1533,209.499,-0.183475,1.081302
mock_05012,Few Layers,Green,114.2334,169.6777,149.5361,-0.258532,2.125366
mock_05013,Few Layers,Green,114.4775,169.3223,149.4492,-0.226118,2.297561
mock_05014,Few Layers,Green,114.4229,169.4951,149.792,-0.242502,2.261293
mock_05015,Monolayer,Light Blue,189.6113,204.5156,237.2754,-0.06197,0.361624
mock_05016,Monolayer,Light Blue,189.6035,204.6191,237.4102,-0.033133,0.51517
mock_05017,Trilayer,Purple-Blue,127.3174,147.5449,209.0107,-0.188027,1.144926
mock_05018,Trilayer,Purple-Blue,127.4043,147.5254,209.5566,-0.171028,0.826727
mock_05019,Trilayer,Purple-Blue,127.3525,147.6494,209.7998,-0.154076,1.021957
mock_05020,Bulk,Yellow,187.29,165.9307,121.6484,-0.31598,4.980123
mock_05021,Bilayer,Blue,154.7197,180.0664,219.5273,-0.104175,0.622971
mock_05022,Trilayer,Purple-Blue,127.7646,147.5498,209.1289,-0.143931,0.971718
mock_05023,Few Layers,Green,114.6758,169.4736,149.4189,-0.236714,2.168404
mock_05024,Trilayer,Purple-Blue,126.9805,147.8184,209.7109,-0.165397,0.941779
mock_05025,Trilayer,Purple-Blue,127.6055,147.502,209.9482,-0.164806,0.873992
mock_05026,Trilayer,Purple-Blue,127.71,147.2344,209.6924,-0.172998,1.075841
mock_05027,Trilayer,Purple-Blue,127.5908,147.4043,209.7432,-0.184808,1.013647
mock_05028,Bilayer,Blue,154.2246,179.3994,219.3232,-0.109704,0.656969
mock_05029,Bilayer,Blue,154.6123,179.6572,219.4893,-0.114997,0.7017
mock_05030,Few Layers,Green,114.3506,169.2256,149.5586,-0.234939,2.192445
mock_05031,Monolayer,Light Blue,189.5361,204.4473,237.3125,-0.04647,0.250329
mock_05032,Few Layers,Green,114.752,169.9004,149.5693,-0.238824,2.186386
mock_05033,Bilayer,Blue,154.71,179.2441,220.0508,-0.123547,0.662537
mock_05034,Bilayer,Blue,154.3496,179.6328,220.0947,-0.114236,0.589306
mock_05035,Monolayer,Light Blue,189.5723,204.3945,237.209,-0.065892,0.358826
mock_05036,Few Layers,Green,114.5254,169.5732,149.416,-0.213468,2.402055
mock_05037,Trilayer,Purple-Blue,127.4844,147.999,209.7256,-0.169778,0.859945
mock_05038,Trilayer,Purple-Blue,127.5127,147.9248,209.3535,-0.162968,0.961328
mock_05039,Monolayer,Light Blue,189.5996,204.8916,237.4775,-0.053893,0.321132
mock_05040,Bulk,Yellow,187.3682,165.4824,121.5625,-0.312413,4.912195
mock_05041,Monolayer,Light Blue,189.7578,204.6533,237.5205,-0.041068,0.277584
mock_05042,Trilayer,Purple-Blue,128.0566,147.5918,209.3301,-0.154223,0.933161
mock_05043,Trilayer,Purple-Blue,127.1279,147.7178,209.4443,-0.145915,0.979092
mock_05044,Few Layers,Green,114.8857,169.5557,149.5146,-0.255781,2.145913
mock_05045,Bilayer,Blue,154.498,179.5117,219.2139,-0.085101,0.584833
mock_05046,Trilayer,Purple-Blue,127.873,148.1074,209.3672,-0.161832,0.915959
mock_05047,Few Layers,Green,114.2119,169.5879,149.7549,-0.242754,2.015226
mock_05048,Trilayer,Purple-Blue,127.7236,147.4482,209.0107,-0.148501,1.062738
mock_05049,Few Layers,Green,114.2529,169.54,149.4492,-0.241625,2.281329
mock_05050,Few Layers,Green,114.4639,169.3896,149.2549,-0.2386,2.211265
mock_05051,Bilayer,Blue,154.3213,179.4258,219.4443,-0.113858,0.643128
mock_05052,Bulk,Yellow,187.0967,165.4404,121.6865,-0.300436,4.975848
mock_05053,Bilayer,Blue,154.459,179.1406,219.4727,-0.105537,0.667465
mock_05054,Bulk,Yellow,187.4326,165.5557,121.6123,-0.302312,5.060574
mock_05055,Bulk,Yellow,187.4541,165.4033,121.4092,-0.329804,5.08689
mock_05056,Few Layers,Green,114.3105,169.2959,150.0635,-0.247609,2.167116
mock_05057,Bilayer,Blue,154.6182,179.3174,219.4463,-0.095265,0.586235
mock_05058,Few Layers,Green,114.3242,169.291,149.3877,-0.230235,2.339833
mock_05059,Monolayer,Light Blue,189.4209,204.8643,237.54,-0.05311,0.31571
mock_05060,Trilayer,Purple-Blue,127.3926,147.3027,209.6836,-0.172721,1.203544
mock_05061,Few Layers,Green,114.5029,169.6748,149.6758,-0.21815,2.231058
mock_05062,Few Layers,Green,114.6055,169.2852,149.3271,-0.233019,2.115854
mock_05063,Bulk,Yellow,187.0938,165.4473,121.7705,-0.325339,5.087255
mock_05064,Bulk,Yellow,187.457,165.6709,121.6367,-0.345699,4.947984
mock_05065,Bilayer,Blue,154.6143,179.543,219.0498,-0.088483,0.749271
mock_05066,Bulk,Yellow,187.7139,165.6387,121.4893,-0.303061,5.016458
mock_05067,Few Layers,Green,114.8643,169.626,149.6465,-0.242773,2.194979
mock_05068,Few Layers,Green,114.2588,169.6709,149.7754,-0.239198,2.144193
mock_05069,Bilayer,Blue,154.4834,179.5391,219.6621,-0.117401,0.705923
mock_05070,Monolayer,Light Blue,189.8379,204.7295,237.3223,-0.059657,0.365353
mock_05071,Bilayer,Blue,154.0332,179.4229,219.3701,-0.106022,0.573546
mock_05072,Trilayer,Purple-Blue,127.292,147.6182,208.9893,-0.193983,1.024888
mock_05073,Monolayer,Light Blue,189.5557,204.5791,237.8467,-0.070432,0.278081
mock_05074,Bilayer,Blue,153.9961,179.4443,219.6299,-0.102028,0.664066
mock_05075,Bulk,Yellow,187.3545,165.8027,121.291,-0.321477,4.951025
mock_05076,Few Layers,Green,114.29,169.7002,149.8369,-0.237205,2.116305
mock_05077,Few Layers,Green,114.2627,169.333,149.7471,-0.220834,2.321
mock_05078,Bulk,Yellow,187.4238,165.4619,121.7812,-0.352295,4.99012
mock_05079,Trilayer,Purple-Blue,127.2695,147.1953,209.9336,-0.14949,0.918031
mock_05080,Bulk,Yellow,187.3418,165.5654,121.5898,-0.323942,5.051268
mock_05081,Trilayer,Purple-Blue,127.7207,147.3936,209.5986,-0.149436,1.007719
mock_05082,Bulk,Yellow,187.5908,165.5439,121.2168,-0.329632,5.049482
mock_05083,Bulk,Yellow,187.3916,165.5029,121.5039,-0.321201,4.953706
mock_05084,Trilayer,Purple-Blue,127.4824,147.5273,209.8652,-0.179635,0.890234
mock_05085,Bilayer,Blue,154.4453,179.2139,219.6582,-0.123455,0.844914
mock_05086,Bulk,Yellow,187.3926,165.3564,121.4707,-0.305838,4.950802
mock_05087,Bilayer,Blue,154.1553,179.5664,220.1445,-0.101436,0.528347
mock_05088,Bulk,Yellow,187.4424,165.3379,121.3955,-0.329281,5.137357
mock_05089,Bilayer,Blue,154.1006,179.4863,219.4268,-0.075705,0.728203
mock_05090,Monolayer,Light Blue,189.8643,204.2881,237.5674,-0.051705,0.540149
mock_05091,Bilayer,Blue,154.7607,179.293,219.5752,-0.09362,0.757862
mock_05092,Bilayer,Blue,154.5186,179.3906,219.3525,-0.11191,0.67863
mock_05093,Trilayer,Purple-Blue,127.4473,147.7188,209.5586,-0.165141,0.93111
mock_05094,Bilayer,Blue,154.1748,179.626,219.3691,-0.104766,0.722443
mock_05095,Bilayer,Blue,154.8525,179.5469,219.7461,-0.148703,0.731374
mock_05096,Few Layers,Green,114.3643,169.3701,149.3301,-0.231724,2.264873
mock_05097,Bilayer,Blue,154.4131,179.1533,219.583,-0.097925,0.711471
mock_05098,Trilayer,Purple-Blue,127.4404,147.6133,209.6016,-0.158524,1.054249
mock_05099,Trilayer,Purple-Blue,127.6621,147.7178,209.8438,-0.183503,0.982427
mock_05100,Monolayer,Light Blue,189.3047,204.4727,237.1895,-0.028052,0.363906
mock_05101,Bulk,Yellow,186.9951,165.4922,121.4482,-0.323077,5.196434
mock_05102,Bulk,Yellow,187.2119,165.5518,121.7207,-0.329565,5.122118
mock_05103,Trilayer,Purple-Blue,127.9531,147.4277,209.3057,-0.132724,1.113104
mock_05104,Bilayer,Blue,154.5596,179.4375,219.5566,-0.09376,0.729595
mock_05105,Bilayer,Blue,154.5967,179.2441,219.6572,-0.077793,0.607962
mock_05106,Bilayer,Blue,154.4062,179.5049,219.3652,-0.108155,0.724626
mock_05107,Monolayer,Light Blue,189.1875,204.2568,237.7949,-0.015488,0.440012
mock_05108,Few Layers,Green,114.7705,169.8477,149.8105,-0.242803,2.328131
mock_05109,Bilayer,Blue,154.0498,179.3662,219.6709,-0.053151,0.72819
mock_05110,Few Layers,Green,114.4512,169.6719,149.4912,-0.238676,2.272169
mock_05111,Bulk,Yellow,187.0762,165.6807,121.0215,-0.333219,5.005017
mock_05112,Trilayer,Purple-Blue,127.8389,147.6016,209.4219,-0.137807,1.04687
mock_05113,Monolayer,Light Blue,189.6631,204.7607,237.46,-0.056941,0.181275
mock_05114,Trilayer,Purple-Blue,127.1416,147.7803,208.96,-0.162787,1.074968
mock_05115,Bulk,Yellow,187.4131,165.5088,121.1592,-0.337174,4.979985
mock_05116,Trilayer,Purple-Blue,127.4746,147.6602,209.7002,-0.158248,0.985321
mock_05117,Bilayer,Blue,154.5059,179.3652,219.5908,-0.104203,0.714224
mock_05118,Monolayer,Light Blue,189.582,204.3916,237.5752,-0.069284,0.239789
mock_05119,Bulk,Yellow,187.4736,165.9092,121.7432,-0.322343,4.825423
mock_05120,Bilayer,Blue,154.3213,179.3486,219.4688,-0.113474,0.67183
mock_05121,Few Layers,Green,114.4277,169.6592,149.2627,-0.256517,2.257264
mock_05122,Trilayer,Purple-Blue,127.4541,147.5488,209.3682,-0.173429,1.038861
mock_05123,Few Layers,Green,114.3262,169.2529,149.1113,-0.235622,2.053832
mock_05124,Monolayer,Light Blue,189.8164,204.6055,237.2617,-0.023134,0.421595
mock_05125,Bulk,Yellow,187.4297,165.624,121.4795,-0.335848,4.921554
mock_05126,Trilayer,Purple-Blue,127.8125,147.4961,209.4346,-0.147312,0.911597
mock_05127,Few Layers,Green,114.7002,169.5059,149.9863,-0.223652,2.262202
mock_05128,Monolayer,Light Blue,190.0752,204.377,237.4238,-0.044566,0.191189
mock_05129,Monolayer,Light Blue,189.3574,204.4531,237.4746,-0.061181,0.40904
mock_05130,Bilayer,Blue,154.3662,179.7559,219.3955,-0.108918,0.884375
mock_05131,Bulk,Yellow,187.2275,165.7725,121.457,-0.313286,4.949474
mock_05132,Bulk,Yellow,187.8213,165.7217,121.2207,-0.31318,4.964961
mock_05133,Trilayer,Purple-Blue,127.4248,147.1348,209.1904,-0.142447,1.066508
mock_05134,Bilayer,Blue,154.0605,179.1006,219.1865,-0.124517,0.675507
mock_05135,Bilayer,Blue,154.252,179.8281,219.9727,-0.099994,0.658143
mock_05136,Bilayer,Blue,154.1797,179.4902,219.5811,-0.097479,0.701485
mock_05137,Bulk,Yellow,187.9385,165.7256,120.8564,-0.311882,4.999559
mock_05138,Bilayer,Blue,154.4785,179.6504,219.3857,-0.127703,0.617746
mock_05139,Bilayer,Blue,154.6904,179.0342,219.2803,-0.124944,0.735988
mock_05140,Trilayer,Purple-Blue,127.0635,147.7295,209.5381,-0.129531,1.08049
mock_05141,Bilayer,Blue,155.0576,179.5879,219.2461,-0.114683,0.543211
mock_05142,Monolayer,Light Blue,189.9297,204.5107,237.1611,-0.024508,0.21002
mock_05143,Bulk,Yellow,188.1387,165.3828,121.5947,-0.336115,5.015588
mock_05144,Bilayer,Blue,154.6318,179.6719,219.4658,-0.096877,0.717272
mock_05145,Bilayer,Blue,154.8936,179.5781,219.6445,-0.075111,0.46353
mock_05146,Bilayer,Blue,154.4102,179.2676,219.1152,-0.088777,0.592903
mock_05147,Bilayer,Blue,154.8184,179.6523,219.3486,-0.081053,0.709525
mock_05148,Bilayer,Blue,154.8828,179.0762,219.667,-0.096308,0.605163
mock_05149,Monolayer,Light Blue,189.3379,204.8428,237.2627,-0.022623,0.367678
mock_05150,Monolayer,Light Blue,189.5654,204.6895,237.6025,-0.059336,0.391676
mock_05151,Bilayer,Blue,154.5781,179.7607,219.293,-0.108121,0.508089
mock_05152,Bulk,Yellow,187.2129,165.1543,121.8242,-0.340685,4.910153
mock_05153,Monolayer,Light Blue,189.4512,204.8184,237.7002,-0.052083,0.264612
mock_05154,Few Layers,Green,114.6035,169.8135,149.792,-0.25112,2.164008
mock_05155,Trilayer,Purple-Blue,127.2871,147.7188,209.6826,-0.167593,0.965223
mock_05156,Monolayer,Light Blue,189.5879,205.291,237.1826,-0.04921,0.47424
mock_05157,Few Layers,Green,114.7285,169.666,148.9443,-0.205355,2.253355
mock_05158,Bilayer,Blue,153.9961,179.1436,219.3154,-0.079587,0.669568
mock_05159,Bilayer,Blue,154.4414,179.4395,219.3906,-0.11443,0.547202
mock_05160,Bilayer,Blue,154.1895,178.9355,219.1523,-0.120589,0.692812
mock_05161,Trilayer,Purple-Blue,127.7051,147.6328,209.8154,-0.164951,1.07951
mock_05162,Trilayer,Purple-Blue,127.2568,147.1582,209.1787,-0.173868,0.971425
mock_05163,Trilayer,Purple-Blue,127.3564,147.8818,209.335,-0.17967,0.956201
mock_05164,Bulk,Yellow,187.5459,165.4111,121.5166,-0.336007,4.884218
mock_05165,Bulk,Yellow,187.0723,165.2861,121.9092,-0.311228,4.950071
mock_05166,Few Layers,Green,113.833,169.3936,149.4922,-0.248716,2.231385
mock_05167,Monolayer,Light Blue,189.4307,204.6318,237.2949,-0.073508,0.32959
mock_05168,Bilayer,Blue,154.3115,179.5684,219.457,-0.097366,0.590682
mock_05169,Trilayer,Purple-Blue,127.3027,147.1455,209.8076,-0.13715,1.07985
mock_05170,Trilayer,Purple-Blue,127.5723,147.9541,209.5361,-0.153134,0.888972
mock_05171,Bilayer,Blue,154.4004,179.4844,219.1895,-0.088851,0.716057
mock_05172,Bilayer,Blue,154.2539,179.1016,219.3652,-0.109765,0.736244
mock_05173,Trilayer,Purple-Blue,127.7432,147.4395,209.6611,-0.159589,0.961409
mock_05174,Bulk,Yellow,187.4365,165.3652,121.1523,-0.336795,5.047836
mock_05175,Trilayer,Purple-Blue,127.7383,147.1934,209.8896,-0.163588,0.928296
mock_05176,Trilayer,Purple-Blue,127.5459,147.4746,209.5156,-0.156128,0.916103
mock_05177,Few Layers,Green,114.7373,169.6953,149.1416,-0.232766,2.098703
mock_05178,Bilayer,Blue,154.1533,178.9736,219.4902,-0.106231,0.592052
mock_05179,Few Layers,Green,114.4717,169.002,149.4961,-0.223102,2.161129
mock_05180,Few Layers,Green,114.7158,169.3262,149.457,-0.256055,2.231566
mock_05181,Few Layers,Green,114.5137,169.1865,149.4424,-0.244622,2.283721
mock_05182,Monolayer,Light Blue,189.7197,204.707,237.4736,-0.057877,0.286094
mock_05183,Bulk,Yellow,187.0146,165.4219,121.4736,-0.341992,4.949249
mock_05184,Monolayer,Light Blue,189.7051,204.4863,237.9668,-0.060119,0.208318
mock_05185,Few Layers,Green,114.3232,169.5703,149.3555,-0.230789,2.211831
mock_05186,Trilayer,Purple-Blue,128.0244,147.4717,209.6191,-0.130138,1.004397
mock_05187,Few Layers,Green,114.3164,169.5459,149.0225,-0.244119,2.188508
mock_05188,Trilayer,Purple-Blue,127.6611,147.7139,209.1123,-0.177416,1.005589
mock_05189,Monolayer,Light Blue,189.5117,204.5186,237.2324,-0.057254,0.287546
mock_05190,Few Layers,Green,114.0771,169.6104,149.6426,-0.226784,2.217713
mock_05191,Trilayer,Purple-Blue,127.3389,147.7305,209.5684,-0.179178,0.815036
mock_05192,Trilayer,Purple-Blue,127.3662,147.5762,209.5596,-0.158681,1.022989
mock_05193,Bilayer,Blue,154.6729,179.5537,219.3643,-0.089022,0.621892
mock_05194,Bilayer,Blue,154.3408,179.4355,219.6133,-0.098415,0.620013
mock_05195,Trilayer,Purple-Blue,127.4453,147.5957,209.6855,-0.13147,1.032191
mock_05196,Trilayer,Purple-Blue,127.5967,147.3613,209.4668,-0.157186,0.979625
mock_05197,Monolayer,Light Blue,189.6084,204.4062,237.1953,-0.056939,0.473581
mock_05198,Few Layers,Green,114.8203,169.4082,149.4902,-0.275592,2.27354
mock_05199,Few Layers,Green,114.377,169.5752,149.8584,-0.248158,2.19945
mock_05200,Bilayer,Blue,154.4209,179.6064,219.4863,-0.114412,0.800005
mock_05201,Bulk,Yellow,187.3438,165.4189,121.21,-0.336589,5.198105
mock_05202,Monolayer,Light Blue,189.5107,204.0381,237.0752,-0.060843,0.293264
mock_05203,Bilayer,Blue,154.7549,179.8311,219.4424,-0.095338,0.596684
mock_05204,Few Layers,Green,114.6123,169.457,149.9346,-0.238946,2.31434
mock_05205,Trilayer,Purple-Blue,127.5732,147.3975,209.6436,-0.154346,1.004216
mock_05206,Bilayer,Blue,154.6338,179.4688,219.4316,-0.095652,0.604236
mock_05207,Monolayer,Light Blue,189.3994,204.5439,237.3838,-0.062724,0.284861
mock_05208,Monolayer,Light Blue,189.7822,204.3789,237.4072,-0.074154,0.141033
mock_05209,Few Layers,Green,114.5977,169.4746,149.2344,-0.274307,2.116582
mock_05210,Few Layers,Green,114.7324,169.5605,149.8721,-0.25813,2.166188
mock_05211,Bilayer,Blue,154.7842,179.333,219.5557,-0.081378,0.697997
mock_05212,Monolayer,Light Blue,190.1777,203.9814,237.4229,-0.054282,0.23947
mock_05213,Trilayer,Purple-Blue,128.0059,147.3369,209.0947,-0.154976,1.026533
mock_05214,Bulk,Yellow,187.3682,165.3555,121.5439,-0.292438,5.059595
mock_05215,Trilayer,Purple-Blue,127.6387,147.7383,209.6709,-0.142986,1.071208
mock_05216,Bulk,Yellow,187.0771,165.626,121.6865,-0.317188,4.934823
mock_05217,Bilayer,Blue,154.5625,179.5225,219.6582,-0.104458,0.744678
mock_05218,Monolayer,Light Blue,189.5996,204.1191,237.0107,-0.033558,0.323746
mock_05219,Bilayer,Blue,154.8594,179.6318,219.3281,-0.096169,0.67217
mock_05220,Bilayer,Blue,154.4971,179.5459,219.4805,-0.0778,0.731606
mock_05221,Trilayer,Purple-Blue,127.8281,147.416,209.1943,-0.158811,1.157889
mock_05222,Few Layers,Green,114.8711,169.7783,149.3203,-0.210496,2.208492
mock_05223,Few Layers,Green,114.4678,169.2998,149.3047,-0.273504,2.335122
mock_05224,Monolayer,Light Blue,189.376,204.5615,237.6631,-0.038717,0.326094
mock_05225,Trilayer,Purple-Blue,127.4746,147.5088,209.4121,-0.155042,0.965224
mock_05226,Bilayer,Blue,154.9004,179.2314,219.0518,-0.082448,0.611428
mock_05227,Trilayer,Purple-Blue,127.4404,147.5156,209.6104,-0.147914,1.016659
mock_05228,Trilayer,Purple-Blue,127.0508,147.4092,208.918,-0.168412,0.978373
mock_05229,Monolayer,Light Blue,189.5371,204.8301,237.8232,-0.057776,0.314014
mock_05230,Bilayer,Blue,154.4541,179.5557,219.4121,-0.121635,0.667751
mock_05231,Few Layers,Green,114.585,169.3066,149.6836,-0.25808,2.332915
mock_05232,Monolayer,Light Blue,189.7666,204.3457,237.4326,-0.055337,0.409738
mock_05233,Few Layers,Green,114.7188,169.1367,149.2139,-0.243341,2.143947
mock_05234,Trilayer,Purple-Blue,127.5801,147.9697,209.832,-0.193381,0.937375
mock_05235,Few Layers,Green,114.667,169.2471,149.6855,-0.21455,2.25947
mock_05236,Trilayer,Purple-Blue,127.6865,147.377,209.0186,-0.167499,1.024203
mock_05237,Monolayer,Light Blue,189.4492,204.3008,237.4785,-0.043328,0.427896
mock_05238,Monolayer,Light Blue,189.4346,204.0312,237.2227,-0.068197,0.368151
mock_05239,Monolayer,Light Blue,189.3994,204.3408,237.0029,-0.042517,0.269649
mock_05240,Few Layers,Green,114.623,169.6982,149.6641,-0.231108,2.264442
mock_05241,Few Layers,Green,114.7871,169.6367,149.0605,-0.23546,2.185623
mock_05242,Trilayer,Purple-Blue,127.333,147.3584,209.2227,-0.156471,0.87309
mock_05243,Monolayer,Light Blue,189.6035,204.2422,237.7822,-0.050836,0.27014
mock_05244,Monolayer,Light Blue,189.3105,204.5918,237.4092,-0.057616,0.32376
mock_05245,Bulk,Yellow,187.6396,165.6172,121.4941,-0.30449,5.085597
mock_05246,Bilayer,Blue,154.5742,179.5928,219.4424,-0.101906,0.649156
mock_05247,Few Layers,Green,114.4385,169.5654,149.416,-0.238934,2.179665
mock_05248,Trilayer,Purple-Blue,127.5508,147.5967,209.3994,-0.161511,1.052571
mock_05249,Bulk,Yellow,187.498,165.4238,121.4248,-0.310887,5.003989
mock_05250,Trilayer,Purple-Blue,127.2451,147.6152,209.3604,-0.156395,0.982466
mock_05251,Bilayer,Blue,154.4834,179.3516,219.4922,-0.097903,0.633027
mock_05252,Bulk,Yellow,187.3271,165.3359,121.7275,-0.313833,4.901989
mock_05253,Few Layers,Green,114.6328,169.5166,149.7959,-0.226232,2.111845
mock_05254,Trilayer,Purple-Blue,127.248,147.085,209.3877,-0.183774,1.056289
mock_05255,Trilayer,Purple-Blue,127.3428,147.5303,209.4111,-0.141709,0.901461
mock_05256,Monolayer,Light Blue,189.4629,204.7461,237.4375,-0.046038,0.373608
mock_05257,Bilayer,Blue,154.7188,179.7432,219.3994,-0.093718,0.595367
mock_05258,Few Layers,Green,114.6318,169.8652,149.875,-0.257857,2.073388
mock_05259,Bulk,Yellow,186.9482,165.4668,121.624,-0.329793,4.986254
mock_05260,Monolayer,Light Blue,189.3135,204.3936,237.6133,-0.052725,0.298366
mock_05261,Monolayer,Light Blue,189.6582,204.6748,237.6631,-0.056343,0.269601
mock_05262,Monolayer,Light Blue,189.4863,204.5,237.4775,-0.037517,0.35368
mock_05263,Bulk,Yellow,187.7021,164.6826,121.2031,-0.305689,4.953475
mock_05264,Monolayer,Light Blue,190.0117,204.6748,237.2607,-0.063854,0.334836
mock_05265,Bilayer,Blue,154.7842,179.7803,219.7051,-0.084692,0.558598
mock_05266,Monolayer,Light Blue,189.1963,204.5391,237.2793,-0.041738,0.313362
mock_05267,Few Layers,Green,114.4072,169.3457,149.46,-0.227675,2.197446
mock_05268,Few Layers,Green,114.1807,169.9619,149.8496,-0.246008,2.203613
mock_05269,Bilayer,Blue,154.1201,180.168,219.3447,-0.080192,0.738629
mock_05270,Trilayer,Purple-Blue,127.3584,147.7793,209.5576,-0.153022,1.036051
mock_05271,Bilayer,Blue,154.9678,179.584,219.6777,-0.110192,0.595887
mock_05272,Bilayer,Blue,154.4492,179.9932,219.2227,-0.109593,0.64328
mock_05273,Bilayer,Blue,154.2744,179.3389,219.8936,-0.101363,0.721505
mock_05274,Bulk,Yellow,187.2891,165.5117,121.5967,-0.342114,5.108107
mock_05275,Trilayer,Purple-Blue,127.3838,147.8535,209.2637,-0.149882,0.95233
mock_05276,Bilayer,Blue,154.4971,179.4717,219.3125,-0.103685,0.774001
mock_05277,Trilayer,Purple-Blue,127.8594,147.0039,209.7021,-0.142283,1.048663
mock_05278,Monolayer,Light Blue,188.8857,204.3789,237.2686,-0.062237,0.254302
mock_05279,Trilayer,Purple-Blue,127.3232,147.1191,210.2217,-0.187266,0.922364
mock_05280,Few Layers,Green,114.2715,169.5342,149.5693,-0.256318,2.095787
mock_05281,Few Layers,Green,114.8252,169.4072,149.9619,-0.233,2.191533
mock_05282,Bilayer,Blue,154.1621,179.3027,219.3418,-0.072497,0.668663
mock_05283,Bulk,Yellow,186.8936,165.4238,121.416,-0.322272,5.059618
mock_05284,Trilayer,Purple-Blue,127.3018,147.2666,209.3672,-0.176526,1.05051
mock_05285,Bilayer,Blue,154.7734,179.6289,219.4307,-0.091859,0.782614
mock_05286,Trilayer,Purple-Blue,126.7617,147.7197,209.5674,-0.161439,1.02708
mock_05287,Bulk,Yellow,187.6416,165.1895,121.6504,-0.295949,4.913301
mock_05288,Trilayer,Purple-Blue,127.7959,147.1465,209.124,-0.174869,1.013826
mock_05289,Bilayer,Blue,154.7998,179.3086,219.6729,-0.098376,0.548981
mock_05290,Trilayer,Purple-Blue,127.3291,148.0107,209.3779,-0.160165,0.9821
mock_05291,Bilayer,Blue,154.6426,179.6973,219.6025,-0.10643,0.588227
mock_05292,Bulk,Yellow,187.5303,166.3086,121.582,-0.345601,5.130306
mock_05293,Few Layers,Green,114.377,169.6074,149.416,-0.277117,2.23225
mock_05294,Few Layers,Green,114.4893,169.3574,149.0391,-0.224737,2.236829
mock_05295,Bilayer,Blue,154.457,179.1514,219.4102,-0.114416,0.610718
mock_05296,Monolayer,Light Blue,189.458,204.3223,237.4463,-0.047263,0.165162
mock_05297,Trilayer,Purple-Blue,127.1787,147.332,209.3252,-0.159303,1.110936
mock_05298,Monolayer,Light Blue,189.8096,204.4355,237.208,-0.049582,0.335622
mock_05299,Bulk,Yellow,187.4092,165.7559,121.0928,-0.32688,4.894503
mock_05300,Monolayer,Light Blue,189.3516,204.8379,237.2764,-0.03644,0.305025
mock_05301,Bulk,Yellow,188.0693,165.4736,121.3789,-0.30178,4.972303
mock_05302,Monolayer,Light Blue,189.2598,204.5352,237.5703,-0.063793,0.401129
mock_05303,Bulk,Yellow,187.2842,165.4053,121.7314,-0.316025,5.021476
mock_05304,Few Layers,Green,114.3682,169.5684,149.71,-0.237107,2.310969
mock_05305,Bulk,Yellow,187.542,165.5654,121.5195,-0.312914,4.989302
mock_05306,Monolayer,Light Blue,188.9248,204.2822,237.5098,-0.073566,0.469599
mock_05307,Bilayer,Blue,154.2715,179.7764,218.9521,-0.118903,0.60204
mock_05308,Bulk,Yellow,187.0039,165.1465,121.7158,-0.322221,5.065799
mock_05309,Few Layers,Green,114.5498,169.4961,149.333,-0.259829,2.139739
mock_05310,Trilayer,Purple-Blue,127.5059,147.1768,209.6553,-0.133384,1.025655
mock_05311,Trilayer,Purple-Blue,127.5488,147.6299,209.1055,-0.15566,0.85298
mock_05312,Bilayer,Blue,154.3633,179.7119,219.3633,-0.09583,0.621594
mock_05313,Trilayer,Purple-Blue,127.6289,147.4346,209.8555,-0.141469,1.048521
mock_05314,Few Layers,Green,113.9023,169.1631,149.4023,-0.239628,2.185753
mock_05315,Monolayer,Light Blue,189.916,204.5498,237.2715,-0.036125,0.428863
mock_05316,Few Layers,Green,114.2656,169.5986,149.5449,-0.223512,2.249188
mock_05317,Bilayer,Blue,154.083,179.5029,219.7793,-0.101783,0.501545
mock_05318,Bulk,Yellow,187.8467,165.8271,121.7236,-0.324791,5.088562
mock_05319,Bulk,Yellow,187.3193,165.3271,121.251,-0.331943,5.021132
mock_05320,Monolayer,Light Blue,189.6426,204.5342,237.4414,-0.065237,0.273518
mock_05321,Few Layers,Green,114.3438,169.7139,149.582,-0.207424,2.130798
mock_05322,Monolayer,Light Blue,189.5293,204.3398,237.1572,-0.033296,0.344503
mock_05323,Bilayer,Blue,154.5039,179.3516,219.6709,-0.111983,0.738
mock_05324,Monolayer,Light Blue,189.7402,204.4883,237.6621,-0.052424,0.249583
mock_05325,Monolayer,Light Blue,189.5293,204.3916,237.6309,-0.034997,0.324805
mock_05326,Monolayer,Light Blue,189.3242,204.4268,237.3594,-0.041706,0.358266
mock_05327,Few Layers,Green,114.7129,169.6016,149.2295,-0.27551,2.104237
mock_05328,Trilayer,Purple-Blue,127.5732,147.4902,209.4189,-0.14815,1.094173
mock_05329,Few Layers,Green,114.2607,169.6729,149.5156,-0.23545,2.170978
mock_05330,Monolayer,Light Blue,189.7021,204.2256,237.3311,-0.071321,0.420349
mock_05331,Bilayer,Blue,154.2324,179.4756,219.5859,-0.120037,0.583853
mock_05332,Bulk,Yellow,187.7354,165.2148,121.917,-0.311277,4.991334
mock_05333,Trilayer,Purple-Blue,127.7695,147.416,209.5713,-0.152257,1.021772
mock_05334,Bilayer,Blue,154.5059,179.6367,219.1533,-0.103386,0.687616
mock_05335,Trilayer,Purple-Blue,127.377,147.1992,209.6758,-0.173608,0.941176
mock_05336,Trilayer,Purple-Blue,127.5381,148.0625,209.6221,-0.15643,0.990625
mock_05337,Bilayer,Blue,154.6807,179.0859,219.3877,-0.100512,0.76473
mock_05338,Few Layers,Green,115.0635,169.3516,149.3682,-0.245611,2.278843
mock_05339,Bulk,Yellow,187.377,165.9043,121.5215,-0.314228,4.964477
mock_05340,Trilayer,Purple-Blue,128.0371,147.4971,209.7041,-0.154566,0.909278
mock_05341,Bilayer,Blue,154.2783,179.4268,219.2334,-0.110787,0.676981
mock_05342,Monolayer,Light Blue,189.4219,204.8467,237.7607,-0.031796,0.411168
mock_05343,Trilayer,Purple-Blue,127.2803,147.248,209.7207,-0.164824,1.1368
mock_05344,Bilayer,Blue,154.5693,179.4883,219.8516,-0.073914,0.58608
mock_05345,Monolayer,Light Blue,189.5078,203.9648,237.4316,-0.033647,0.333473
mock_05346,Trilayer,Purple-Blue,127.416,147.5342,209.6729,-0.163961,1.052617
mock_05347,Bilayer,Blue,154.249,179.1455,219.5469,-0.099681,0.614357
mock_05348,Few Layers,Green,114.2441,168.9316,149.5283,-0.228416,2.321138
mock_05349,Trilayer,Purple-Blue,127.5537,147.1182,209.0703,-0.149128,1.02474
mock_05350,Monolayer,Light Blue,189.8994,204.5371,237.2119,-0.04495,0.326384
mock_05351,Trilayer,Purple-Blue,127.6797,147.8525,209.1816,-0.178151,1.034631
mock_05352,Monolayer,Light Blue,189.8623,204.2578,237.2178,-0.06242,0.405548
mock_05353,Bilayer,Blue,154.25,179.7979,219.4561,-0.110137,0.655017
mock_05354,Bulk,Yellow,187.6113,165.4316,121.5459,-0.322734,5.061628
mock_05355,Bilayer,Blue,155.0166,179.2207,219.7158,-0.098638,0.646869
mock_05356,Trilayer,Purple-Blue,127.1924,147.3672,209.5869,-0.16712,1.024107
mock_05357,Few Layers,Green,114.3672,169.3506,149.5352,-0.229765,2.311013
mock_05358,Bilayer,Blue,154.1934,179.8164,219.7285,-0.112265,0.75913
mock_05359,Bilayer,Blue,154.5879,179.3262,219.4561,-0.059794,0.692423
mock_05360,Bilayer,Blue,154.7041,180.1816,219.6182,-0.113258,0.736086
mock_05361,Trilayer,Purple-Blue,127.627,147.6953,209.1572,-0.172405,0.909257
mock_05362,Monolayer,Light Blue,189.332,204.6963,237.665,-0.07503,0.305284
mock_05363,Few Layers,Green,114.7324,169.623,149.8623,-0.233108,2.066411
mock_05364,Trilayer,Purple-Blue,127.1768,146.9648,209.7988,-0.155192,0.937216
mock_05365,Trilayer,Purple-Blue,127.335,147.3018,209.8516,-0.132879,0.917557
mock_05366,Bulk,Yellow,187.5146,165.9385,121.9951,-0.345228,5.084973
mock_05367,Monolayer,Light Blue,189.6748,204.9658,237.291,-0.018175,0.300184
mock_05368,Bulk,Yellow,186.9375,165.1309,121.3096,-0.308449,5.033786
mock_05369,Trilayer,Purple-Blue,127.8535,147.623,209.4297,-0.172769,0.993279
mock_05370,Few Layers,Green,114.3564,169.3037,149.6855,-0.222169,2.163332
mock_05371,Monolayer,Light Blue,189.6367,204.46,237.7393,-0.077416,0.480559
mock_05372,Monolayer,Light Blue,189.2979,204.4102,237.4883,-0.047428,0.379014
mock_05373,Bilayer,Blue,154.5,179.0098,219.1406,-0.09934,0.62596
mock_05374,Few Layers,Green,115.0098,169.9189,149.4004,-0.233228,2.114712
mock_05375,Monolayer,Light Blue,189.667,205.1689,237.4111,-0.066862,0.166436
mock_05376,Bilayer,Blue,154.583,179.4688,219.75,-0.102399,0.638682
mock_05377,Few Layers,Green,114.792,169.7256,149.3535,-0.247704,2.106084
mock_05378,Monolayer,Light Blue,189.6318,204.6914,237.3389,-0.058649,0.306382
mock_05379,Few Layers,Green,114.3447,169.585,149.3291,-0.249338,2.097242
mock_05380,Few Layers,Green,114.7266,169.542,149.166,-0.24876,2.208222
mock_05381,Monolayer,Light Blue,189.7139,204.4326,237.3848,-0.057882,0.243181
mock_05382,Bilayer,Blue,154.4941,179.5898,219.3643,-0.083953,0.918108
mock_05383,Bilayer,Blue,154.3428,179.2881,219.46,-0.094956,0.572648
mock_05384,Trilayer,Purple-Blue,127.9141,146.9004,209.29,-0.170958,0.962334
mock_05385,Few Layers,Green,114.3398,169.1182,149.1943,-0.253588,2.076222
mock_05386,Bilayer,Blue,154.0713,179.2285,219.6094,-0.064259,0.640126
mock_05387,Monolayer,Light Blue,189.3379,204.5518,237.085,-0.063624,0.316218
mock_05388,Few Layers,Green,115.1035,169.5469,149.5869,-0.255768,2.293914
mock_05389,Few Layers,Green,114.374,169.1172,149.8379,-0.257183,2.1759
mock_05390,Few Layers,Green,114.3486,169.3223,149.1064,-0.226424,2.095304
mock_05391,Monolayer,Light Blue,189.3223,204.3252,237.4219,-0.038346,0.407749
mock_05392,Trilayer,Purple-Blue,127.5205,147.6289,209.8818,-0.183408,0.835349
mock_05393,Monolayer,Light Blue,189.5742,204.7988,237.4395,-0.058394,0.476649
mock_05394,Few Layers,Green,114.6777,169.6807,149.3174,-0.248705,2.078825
mock_05395,Trilayer,Purple-Blue,127.4062,147.417,209.1084,-0.151453,0.881612
mock_05396,Bilayer,Blue,154.7568,179.7129,219.459,-0.106786,0.546795
mock_05397,Few Layers,Green,114.5693,169.5615,149.6973,-0.238676,2.359501
mock_05398,Few Layers,Green,114.7139,169.249,149.7568,-0.248897,2.180243
mock_05399,Trilayer,Purple-Blue,127.4668,147.9053,210.0459,-0.156868,1.047278
mock_05400,Bilayer,Blue,154.46,179.001,219.249,-0.090122,0.672065
mock_05401,Few Layers,Green,114.1367,169.0889,149.4199,-0.257917,2.184634
mock_05402,Trilayer,Purple-Blue,127.7441,147.335,209.6416,-0.189629,1.002754
mock_05403,Monolayer,Light Blue,189.6064,203.9424,237.042,-0.049619,0.403546
mock_05404,Monolayer,Light Blue,189.6143,204.8975,237.4805,-0.048568,0.248537
mock_05405,Bilayer,Blue,154.583,179.3682,219.2617,-0.107466,0.614629
mock_05406,Monolayer,Light Blue,189.2627,204.5674,237.4463,-0.053206,0.331336
mock_05407,Monolayer,Light Blue,189.6025,204.623,237.793,-0.043919,0.466947
mock_05408,Monolayer,Light Blue,189.5146,204.9785,237.4297,-0.07496,0.365458
mock_05409,Bilayer,Blue,154.1035,179.918,219.6162,-0.08726,0.72107
mock_05410,Few Layers,Green,113.999,169.5957,149.2998,-0.244203,2.238553
mock_05411,Trilayer,Purple-Blue,127.5625,147.7539,209.415,-0.176351,1.166155
mock_05412,Trilayer,Purple-Blue,127.1514,147.5146,209.0205,-0.168063,1.039759
mock_05413,Monolayer,Light Blue,189.2705,204.6367,237.0254,-0.049127,0.249779
mock_05414,Trilayer,Purple-Blue,127.5811,147.2949,209.5391,-0.150787,0.969333
mock_05415,Trilayer,Purple-Blue,127.5859,147.9473,209.1035,-0.169365,1.143497
mock_05416,Monolayer,Light Blue,189.9277,204.2002,237.6133,-0.04069,0.268884
mock_05417,Few Layers,Green,114.2578,169.1318,149.7959,-0.238442,2.365774
mock_05418,Trilayer,Purple-Blue,127.6836,147.4404,209.6592,-0.155929,1.114785
mock_05419,Bilayer,Blue,154.7734,179.5205,219.6826,-0.085454,0.741767
mock_05420,Few Layers,Green,114.29,169.4131,149.3008,-0.247349,2.164179
mock_05421,Trilayer,Purple-Blue,127.9824,147.5332,209.1279,-0.136123,0.976631
mock_05422,Bulk,Yellow,187.6982,165.6348,121.3594,-0.329625,4.987395
mock_05423,Monolayer,Light Blue,189.624,204.2588,236.8984,-0.070483,0.467337
mock_05424,Few Layers,Green,114.6816,169.3164,149.6143,-0.256448,2.071075
mock_05425,Trilayer,Purple-Blue,127.3223,147.2197,209.9443,-0.173161,0.963971
mock_05426,Bilayer,Blue,154.5195,179.0713,219.2852,-0.079262,0.79295
mock_05427,Bilayer,Blue,155.0488,179.7793,219.252,-0.101226,0.729733
mock_05428,Monolayer,Light Blue,189.582,204.5342,237.5078,-0.029735,0.287037
mock_05429,Bulk,Yellow,187.6855,165.6172,121.4629,-0.332892,5.129809
mock_05430,Few Layers,Green,114.2959,169.6211,149.5156,-0.274814,2.045985
mock_05431,Monolayer,Light Blue,189.5703,204.6934,237.4229,-0.036423,0.396938
mock_05432,Bilayer,Blue,154.6855,179.5332,219.248,-0.093695,0.78354
mock_05433,Few Layers,Green,114.4834,169.3359,149.7578,-0.238231,2.020928
mock_05434,Trilayer,Purple-Blue,127.4961,147.4385,209.6729,-0.149542,0.971735
mock_05435,Trilayer,Purple-Blue,127.8682,147.291,209.3721,-0.156481,1.095214
mock_05436,Bilayer,Blue,154.7363,179.4053,219.3877,-0.104476,0.717768
mock_05437,Trilayer,Purple-Blue,127.0762,147.3398,209.6611,-0.153743,0.963012
mock_05438,Trilayer,Purple-Blue,127.7324,147.9062,209.5107,-0.160094,1.036942
mock_05439,Bulk,Yellow,187.3398,165.2354,121.4053,-0.347139,5.015428
mock_05440,Monolayer,Light Blue,189.4863,204.6221,237.4648,-0.044926,0.347403
mock_05441,Few Layers,Green,114.0264,169.2588,149.1484,-0.245933,1.996118
mock_05442,Few Layers,Green,114.4199,169.4463,149.7871,-0.22458,2.149803
mock_05443,Monolayer,Light Blue,189.8428,204.3311,237.2852,-0.070152,0.221118
mock_05444,Monolayer,Light Blue,189.3193,204.3613,237.4551,-0.046313,0.336541
mock_05445,Monolayer,Light Blue,188.9639,204.0596,237.6191,-0.042798,0.088797
mock_05446,Monolayer,Light Blue,189.0752,204.4844,237.3662,-0.049157,0.305353
mock_05447,Few Layers,Green,114.5469,169.7188,149.4316,-0.2446,2.265897
mock_05448,Monolayer,Light Blue,189.2441,204.6865,237.2354,-0.039322,0.293214
mock_05449,Bilayer,Blue,154.1123,179.8047,219.1973,-0.097451,0.661502
mock_05450,Few Layers,Green,114.0566,169.4326,149.8828,-0.251321,2.234363
mock_05451,Trilayer,Purple-Blue,127.916,147.6084,209.625,-0.149481,1.061565
mock_05452,Bulk,Yellow,187.2939,165.2695,121.458,-0.313209,4.961633
mock_05453,Bilayer,Blue,154.792,179.3457,219.5947,-0.104568,0.642265
mock_05454,Monolayer,Light Blue,189.54,204.7373,237.4805,-0.039249,0.254604
mock_05455,Trilayer,Purple-Blue,127.1045,147.4717,209.7529,-0.177651,1.018495
mock_05456,Monolayer,Light Blue,189.2119,204.4551,237.627,-0.074816,0.348482
mock_05457,Few Layers,Green,114.5127,169.1416,149.4551,-0.258215,2.197334
mock_05458,Few Layers,Green,114.3047,169.6982,149.2773,-0.255314,2.071122
mock_05459,Few Layers,Green,114.5244,168.9404,149.8291,-0.233687,2.282633
mock_05460,Few Layers,Green,114.4199,169.5859,149.7314,-0.235574,2.100944
mock_05461,Few Layers,Green,113.876,169.7305,149.3281,-0.236099,2.302009
mock_05462,Bilayer,Blue,155.0273,179.7705,219.8623,-0.084109,0.577223
mock_05463,Bilayer,Blue,155.0283,179.4648,219.6533,-0.088154,0.584822
mock_05464,Bulk,Yellow,187.6299,165.6289,121.6738,-0.327435,5.042407
mock_05465,Trilayer,Purple-Blue,127.623,147.1543,209.668,-0.174894,1.077003
mock_05466,Bilayer,Blue,154.3223,179.3389,219.7295,-0.099798,0.737622
mock_05467,Bulk,Yellow,187.7422,165.415,121.3477,-0.334212,4.980833
mock_05468,Bilayer,Blue,154.5801,179.5127,219.5254,-0.086919,0.766206
mock_05469,Few Layers,Green,114.2998,169.7773,149.3066,-0.234657,2.135863
mock_05470,Few Layers,Green,114.3379,169.2764,149.6104,-0.260309,2.226252
mock_05471,Few Layers,Green,114.6406,169.2666,150.1533,-0.219828,2.248293
mock_05472,Trilayer,Purple-Blue,127.6221,147.3066,209.2432,-0.161064,1.023577
mock_05473,Few Layers,Green,114.6084,170.123,149.3584,-0.238795,2.35366
mock_05474,Trilayer,Purple-Blue,127.4619,148.1885,209.2451,-0.166397,1.025929
mock_05475,Trilayer,Purple-Blue,127.8564,147.5566,209.9736,-0.151537,0.874467
mock_05476,Monolayer,Light Blue,189.7197,204.3721,237.2109,-0.03929,0.459979
mock_05477,Monolayer,Light Blue,189.1289,204.3994,237.1992,-0.075648,0.34031
mock_05478,Trilayer,Purple-Blue,127.3574,147.1836,209.0693,-0.154233,1.038131
mock_05479,Trilayer,Purple-Blue,127.6289,147.1748,209.6494,-0.164801,0.941187
mock_05480,Few Layers,Green,114.5693,169.6494,149.5762,-0.252638,2.229661
mock_05481,Few Layers,Green,114.6592,169.2441,149.4043,-0.237371,2.119944
mock_05482,Bulk,Yellow,187.3418,165.5361,121.1543,-0.322297,4.843874
mock_05483,Monolayer,Light Blue,189.5449,204.4678,237.542,-0.049546,0.298587
mock_05484,Bulk,Yellow,187.5508,165.3008,121.0635,-0.29423,4.926551
mock_05485,Trilayer,Purple-Blue,127.3467,147.21,209.8584,-0.143388,0.97039
mock_05486,Bilayer,Blue,154.5254,179.3867,219.2148,-0.067954,0.705682
mock_05487,Bulk,Yellow,187.2529,165.3457,121.3516,-0.324131,5.017062
mock_05488,Bulk,Yellow,187.5371,165.4805,121.2822,-0.319829,4.891733
mock_05489,Monolayer,Light Blue,189.5801,204.4795,237.6689,-0.057162,0.377711
mock_05490,Few Layers,Green,114.5234,169.6689,149.6025,-0.249331,2.299524
mock_05491,Bulk,Yellow,187.416,165.2842,121.9287,-0.320433,4.975484
mock_05492,Monolayer,Light Blue,189.5098,204.2031,237.4082,-0.050041,0.234099
mock_05493,Trilayer,Purple-Blue,127.8916,147.2783,209.6201,-0.140026,1.100282
mock_05494,Trilayer,Purple-Blue,127.2764,147.3633,209.5967,-0.150131,1.052912
mock_05495,Few Layers,Green,114.335,169.3125,149.3564,-0.267598,2.173887
mock_05496,Trilayer,Purple-Blue,127.8252,147.8877,209.5645,-0.175913,1.146472
mock_05497,Monolayer,Light Blue,189.415,205.0137,237.9795,-0.053159,0.35706
mock_05498,Trilayer,Purple-Blue,127.8066,147.2842,209.8848,-0.160747,1.013324
mock_05499,Bilayer,Blue,154.8477,179.6758,219.5977,-0.113552,0.503739
mock_05500,Trilayer,Purple-Blue,127.2949,147.2949,209.5078,-0.176563,0.906982
mock_05501,Trilayer,Purple-Blue,127.6846,147.7607,209.0918,-0.181499,1.05472
mock_05502,Bilayer,Blue,154.8379,179.0303,219.4971,-0.116767,0.608327
mock_05503,Few Layers,Green,114.4375,169.9131,149.2861,-0.23158,2.314884
mock_05504,Few Layers,Green,114.335,169.6064,149.7295,-0.23314,2.165696
mock_05505,Few Layers,Green,114.7617,169.7236,149.1533,-0.238903,2.287712
mock_05506,Monolayer,Light Blue,189.8828,204.2998,237.5498,-0.056847,0.419076
mock_05507,Bulk,Yellow,187.7461,165.333,121.4746,-0.330552,4.99969
mock_05508,Bilayer,Blue,154.8027,179.708,219.1387,-0.079894,0.48543
mock_05509,Bilayer,Blue,154.6582,179.2764,219.4033,-0.080354,0.632189
mock_05510,Bilayer,Blue,154.6152,179.4658,219.7793,-0.094295,0.735675
mock_05511,Bulk,Yellow,187.3047,165.8076,121.6133,-0.340546,4.847606
mock_05512,Bilayer,Blue,154.2002,179.46,219.416,-0.091262,0.6627
mock_05513,Bulk,Yellow,187.2637,165.292,121.3174,-0.335806,5.009766
mock_05514,Few Layers,Green,114.2998,169.6543,149.8037,-0.241573,2.2156
mock_05515,Few Layers,Green,114.96,169.4414,149.3027,-0.243094,2.116442
mock_05516,Monolayer,Light Blue,189.8271,204.4238,237.2666,-0.03017,0.330191
mock_05517,Bilayer,Blue,154.2246,179.4912,219.4707,-0.099547,0.723283
mock_05518,Few Layers,Green,114.5898,170.0049,149.9395,-0.239153,2.226451
mock_05519,Bilayer,Blue,154.6699,179.6699,219.5176,-0.113396,0.789561
mock_05520,Bilayer,Blue,154.1768,179.6084,219.5439,-0.092222,0.647833
mock_05521,Trilayer,Purple-Blue,127.998,147.8643,209.9131,-0.169453,1.144704
mock_05522,Bulk,Yellow,187.9619,165.4863,121.4648,-0.31103,4.979155
mock_05523,Trilayer,Purple-Blue,127.1602,147.2236,209.5664,-0.154824,0.78221
mock_05524,Bilayer,Blue,154.54,179.4365,219.5889,-0.125499,0.622917
mock_05525,Few Layers,Green,114.0957,169.7295,149.4121,-0.252327,2.282938
mock_05526,Bulk,Yellow,186.9277,165.8721,121.6006,-0.326936,5.030176
mock_05527,Few Layers,Green,114.7627,169.252,149.1738,-0.19579,2.193196
mock_05528,Trilayer,Purple-Blue,127.623,147.5,209.2266,-0.165174,0.931442
mock_05529,Monolayer,Light Blue,189.5889,204.5527,237.3291,-0.069774,0.278839
mock_05530,Few Layers,Green,114.4893,169.9717,149.5898,-0.236061,2.096631
mock_05531,Monolayer,Light Blue,189.5967,204.5381,237.2314,-0.054069,0.278128
mock_05532,Few Layers,Green,114.2178,169.4014,149.6719,-0.237614,2.080017
mock_05533,Trilayer,Purple-Blue,127.5986,147.207,209.1221,-0.159689,0.945304
mock_05534,Monolayer,Light Blue,189.8701,204.3906,237.9492,-0.052375,0.253802
mock_05535,Few Layers,Green,114.6475,169.3057,149.2988,-0.221376,2.279126
mock_05536,Bilayer,Blue,154.0908,179.9473,219.3301,-0.097589,0.703684
mock_05537,Few Layers,Green,114.3672,169.7764,149.3555,-0.240255,2.220835
mock_05538,Trilayer,Purple-Blue,127.7891,147.1123,209.332,-0.160867,1.087182
mock_05539,Monolayer,Light Blue,189.5938,204.3838,237.3672,-0.043815,0.288534
mock_05540,Monolayer,Light Blue,189.3271,204.125,237.3652,-0.019004,0.292528
mock_05541,Trilayer,Purple-Blue,127.4443,147.6758,209.5898,-0.165184,0.982345
mock_05542,Bilayer,Blue,154.6445,179.6416,219.2051,-0.088634,0.60508
mock_05543,Monolayer,Light Blue,189.2666,204.5752,237.4229,-0.024012,0.38239
mock_05544,Bilayer,Blue,154.3184,179.7148,218.9736,-0.141555,0.726088
mock_05545,Trilayer,Purple-Blue,127.3486,147.416,209.749,-0.169547,1.023628
mock_05546,Monolayer,Light Blue,189.5215,204.5146,237.4805,-0.076045,0.413789
mock_05547,Monolayer,Light Blue,189.792,204.377,237.1064,-0.045867,0.235221
mock_05548,Trilayer,Purple-Blue,127.6797,147.5049,209.5537,-0.169636,1.00277
mock_05549,Bulk,Yellow,187.6797,165.707,121.7773,-0.307654,5.122091
mock_05550,Bulk,Yellow,187.3994,165.6836,121.9961,-0.318166,5.045479
mock_05551,Monolayer,Light Blue,189.665,204.5723,237.8135,-0.056121,0.395203
mock_05552,Bilayer,Blue,154.5186,179.3066,219.584,-0.090334,0.805142
mock_05553,Trilayer,Purple-Blue,127.668,147.6816,209.0537,-0.18667,0.86365
mock_05554,Bilayer,Blue,154.2324,179.8037,219.1211,-0.109852,0.666592
mock_05555,Trilayer,Purple-Blue,127.2412,147.2285,209.3066,-0.160011,0.900457
mock_05556,Bilayer,Blue,154.8125,179.5264,219.7402,-0.104139,0.758712
mock_05557,Bilayer,Blue,154.2178,178.9736,219.2207,-0.063811,0.523887
mock_05558,Bilayer,Blue,154.4219,179.7139,219.6064,-0.104789,0.824032
mock_05559,Trilayer,Purple-Blue,127.2129,147.0498,209.2783,-0.132786,1.016767
mock_05560,Few Layers,Green,114.3008,169.2832,149.6016,-0.250132,2.309396
mock_05561,Bulk,Yellow,187.7646,165.3633,121.293,-0.305845,5.075978
mock_05562,Monolayer,Light Blue,189.0879,204.9062,237.8545,-0.041576,0.131174
mock_05563,Monolayer,Light Blue,189.7031,205.1885,237.4971,-0.054741,0.219142
mock_05564,Bulk,Yellow,187.5488,165.7744,121.0312,-0.328477,5.164173
mock_05565,Monolayer,Light Blue,189.7725,204.6357,237.1182,-0.034114,0.417146
mock_05566,Bulk,Yellow,187.7783,165.499,121.2393,-0.29723,5.140858
mock_05567,Monolayer,Light Blue,189.9229,204.542,237.6416,-0.071342,0.271059
mock_05568,Monolayer,Light Blue,189.6221,204.9268,237.6846,-0.043095,0.349485
mock_05569,Trilayer,Purple-Blue,127.7627,147.7412,209.1221,-0.177397,0.916042
mock_05570,Trilayer,Purple-Blue,127.6143,147.5527,209.8789,-0.1726,0.884468
mock_05571,Bulk,Yellow,187.4814,165.1299,121.1572,-0.352198,5.030479
mock_05572,Few Layers,Green,113.916,169.4756,149.8232,-0.248442,2.346654
mock_05573,Few Layers,Green,114.5127,169.7129,149.1787,-0.25576,2.173254
mock_05574,Trilayer,Purple-Blue,127.2812,147.3252,209.6074,-0.154623,1.027154
mock_05575,Few Layers,Green,114.417,169.7373,148.9551,-0.24775,2.286543
mock_05576,Few Layers,Green,114.2754,169.1963,149.2275,-0.243154,2.139711
mock_05577,Trilayer,Purple-Blue,127.5986,147.0322,209.3828,-0.143418,0.892856
mock_05578,Bilayer,Blue,154.4434,178.8555,219.7656,-0.111215,0.56629
mock_05579,Few Layers,Green,114.627,168.877,149.2129,-0.235143,2.183529
mock_05580,Trilayer,Purple-Blue,128.2549,147.3105,209.2207,-0.167317,1.001404
mock_05581,Bilayer,Blue,154.5918,179.1895,219.7695,-0.128676,0.723898
mock_05582,Few Layers,Green,114.7002,169.8184,149.3691,-0.256087,2.234139
mock_05583,Trilayer,Purple-Blue,127.5967,147.374,209.2188,-0.136442,1.177167
mock_05584,Trilayer,Purple-Blue,127.541,146.96,209.4736,-0.155704,0.914636
mock_05585,Bilayer,Blue,154.8506,179.4971,219.4814,-0.084618,0.665688
mock_05586,Trilayer,Purple-Blue,127.7129,147.4551,209.5654,-0.173766,1.028101
mock_05587,Monolayer,Light Blue,189.4854,204.8115,237.3066,-0.06686,0.212856
mock_05588,Bilayer,Blue,154.4863,179.3457,219.5361,-0.088912,0.777297
mock_05589,Monolayer,Light Blue,190.0029,204.582,237.3926,-0.036827,0.37845
mock_05590,Trilayer,Purple-Blue,127.3066,147.6943,209.9551,-0.147011,0.958343
mock_05591,Few Layers,Green,114.7998,169.998,149.3125,-0.271089,2.260031
mock_05592,Bilayer,Blue,154.8457,179.792,219.2266,-0.107487,0.586068
mock_05593,Few Layers,Green,114.9824,169.5674,149.3506,-0.224295,2.265683
mock_05594,Trilayer,Purple-Blue,127.6582,147.625,209.3066,-0.157494,1.063208
mock_05595,Bilayer,Blue,154.5039,180.0156,219.5127,-0.109417,0.748157
mock_05596,Bilayer,Blue,154.292,179.4199,219.3135,-0.085457,0.649758
mock_05597,Few Layers,Green,114.542,169.3447,149.374,-0.216729,2.210124
mock_05598,Monolayer,Light Blue,189.4404,204.6553,237.5352,-0.071694,0.25404
mock_05599,Few Layers,Green,114.502,169.8174,149.4951,-0.253176,2.200579
mock_05600,Monolayer,Light Blue,189.4121,204.4395,237.46,-0.040434,0.241326
mock_05601,Bulk,Yellow,187.1377,164.9268,121.5146,-0.324293,5.190861
mock_05602,Trilayer,Purple-Blue,127.6416,148.0977,209.334,-0.153456,1.012767
mock_05603,Monolayer,Light Blue,189.6592,204.7451,237.5479,-0.045945,0.183216
mock_05604,Trilayer,Purple-Blue,127.4912,147.4062,209.0146,-0.145109,1.14921
mock_05605,Bulk,Yellow,187.252,165.7617,121.2998,-0.305185,4.91376
mock_05606,Bilayer,Blue,154.9609,179.2744,219.9609,-0.115361,0.605791
mock_05607,Bilayer,Blue,154.3398,179.5195,219.7178,-0.096195,0.637907
mock_05608,Few Layers,Green,114.2344,169.5479,149.1855,-0.243584,2.160299
mock_05609,Monolayer,Light Blue,189.3477,204.5996,237.5576,-0.065389,0.126962
mock_05610,Few Layers,Green,114.4473,169.2334,149.5332,-0.244046,2.152511
mock_05611,Few Layers,Green,114.2207,169.6514,148.9785,-0.241672,2.267894
mock_05612,Monolayer,Light Blue,189.793,204.7842,238.2129,-0.068733,0.321439
mock_05613,Bulk,Yellow,187.3945,165.4922,121.0518,-0.32245,4.937523
mock_05614,Bilayer,Blue,154.457,179.3018,220.0254,-0.093662,0.76343
mock_05615,Few Layers,Green,114.3418,169.1641,149.3535,-0.213708,2.198965
mock_05616,Monolayer,Light Blue,189.1406,204.6445,237.2354,-0.062986,0.397045
mock_05617,Trilayer,Purple-Blue,127.543,147.9365,209.5967,-0.155599,1.072209
mock_05618,Trilayer,Purple-Blue,127.207,147.4004,209.7051,-0.183967,0.889167
mock_05619,Bilayer,Blue,154.2803,179.2656,219.1973,-0.128934,0.56079
mock_05620,Bilayer,Blue,154.624,179.7363,219.4316,-0.10586,0.759547
mock_05621,Few Layers,Green,114.292,169.1924,149.3037,-0.265555,2.021246
mock_05622,Monolayer,Light Blue,189.4375,204.6982,237.2354,-0.047584,0.248019
mock_05623,Trilayer,Purple-Blue,127.6504,147.7373,209.1523,-0.18807,1.008238
mock_05624,Bilayer,Blue,154.96,179.5068,219.6523,-0.116123,0.830272
mock_05625,Bulk,Yellow,187.4297,165.2305,121.9443,-0.321385,4.923489
mock_05626,Monolayer,Light Blue,189.3643,204.4756,237.7305,-0.045119,0.239447
mock_05627,Few Layers,Green,114.6846,169.4824,149.7354,-0.242461,2.223334
mock_05628,Bilayer,Blue,154.7734,179.7363,219.418,-0.081372,0.666241
mock_05629,Few Layers,Green,114.7051,169.0449,149.2822,-0.247212,1.973041
mock_05630,Bilayer,Blue,154.8076,179.3975,218.9941,-0.115377,0.644407
mock_05631,Bilayer,Blue,154.2783,179.458,219.6875,-0.121243,0.696496
mock_05632,Monolayer,Light Blue,189.3643,204.3906,237.4941,-0.054062,0.463845
mock_05633,Few Layers,Green,114.4727,169.5703,148.8916,-0.235921,2.244309
mock_05634,Trilayer,Purple-Blue,127.7637,147.3428,209.3271,-0.174032,0.933706
mock_05635,Bilayer,Blue,154.874,179.3135,219.21,-0.106221,0.699165
mock_05636,Trilayer,Purple-Blue,127.6152,147.5469,209.5137,-0.15038,0.950624
mock_05637,Few Layers,Green,114.459,169.3086,149.6406,-0.225708,2.253087
mock_05638,Bilayer,Blue,154.7871,179.3418,219.2402,-0.095345,0.612161
mock_05639,Trilayer,Purple-Blue,127.7949,147.4541,209.4512,-0.135846,1.104127
mock_05640,Trilayer,Purple-Blue,127.1807,147.5693,209.3848,-0.152025,1.082509
mock_05641,Bilayer,Blue,154.459,179.4297,219.1426,-0.072951,0.707596
mock_05642,Few Layers,Green,114.5029,169.2812,149.3262,-0.215401,2.181947
mock_05643,Trilayer,Purple-Blue,127.6973,147.3926,209.6064,-0.161262,1.100955
mock_05644,Trilayer,Purple-Blue,127.6807,147.1768,209.1377,-0.173707,1.154696
mock_05645,Trilayer,Purple-Blue,127.1357,147.334,209.4609,-0.158776,0.96402
mock_05646,Trilayer,Purple-Blue,127.3799,147.2578,210.2188,-0.160626,1.109957
mock_05647,Bilayer,Blue,154.6621,179.3652,219.8115,-0.13243,0.66872
mock_05648,Few Layers,Green,114.3779,169.5781,149.4658,-0.23971,2.332643
mock_05649,Few Layers,Green,114.4922,168.9424,149.4961,-0.225371,2.215675
mock_05650,Bulk,Yellow,187.5107,165.5312,121.3477,-0.298925,4.996462
mock_05651,Trilayer,Purple-Blue,127.5811,147.3252,209.25,-0.165184,0.923938
mock_05652,Few Layers,Green,114.2305,168.9678,149.252,-0.219748,2.137027
mock_05653,Trilayer,Purple-Blue,127.6562,147.6621,209.1982,-0.141431,0.948437
mock_05654,Bilayer,Blue,154.7617,179.3447,219.4854,-0.118631,0.699383
mock_05655,Bilayer,Blue,154.7529,179.2119,219.6074,-0.091942,0.740713
mock_05656,Bilayer,Blue,154.6279,179.6504,219.2998,-0.0954,0.677618
mock_05657,Bilayer,Blue,154.7598,179.751,219.5381,-0.090577,0.678585
mock_05658,Few Layers,Green,114.4482,170.124,149.5352,-0.241885,2.067545
mock_05659,Bilayer,Blue,154.1592,179.3955,219.2715,-0.090951,0.637076
mock_05660,Bilayer,Blue,154.2803,179.6104,218.9424,-0.069825,0.673474
mock_05661,Bulk,Yellow,187.5605,165.5781,121.5205,-0.29796,4.916778
mock_05662,Bulk,Yellow,187.6016,165.2402,121.2793,-0.299881,4.906865
mock_05663,Bilayer,Blue,154.1953,179.2002,220.0811,-0.077985,0.638776
mock_05664,Monolayer,Light Blue,189.7617,204.7461,237.4482,-0.039749,0.334966
mock_05665,Few Layers,Green,114.5957,169.0869,149.0928,-0.236133,2.183999
mock_05666,Bilayer,Blue,154.5361,179.625,219.207,-0.096269,0.57054
mock_05667,Trilayer,Purple-Blue,127.9277,147.2939,209.1553,-0.168373,1.13511
mock_05668,Bilayer,Blue,154.7363,179.917,219.4189,-0.102587,0.649615
mock_05669,Few Layers,Green,114.4961,169.1309,149.9863,-0.238504,2.282707
mock_05670,Bilayer,Blue,154.5723,179.4736,219.9961,-0.076876,0.626991
mock_05671,Monolayer,Light Blue,189.1123,205.0996,237.6621,-0.031903,0.412256
mock_05672,Monolayer,Light Blue,189.5186,204.8174,237.6582,-0.066319,0.264954
mock_05673,Bilayer,Blue,154.8135,179.3828,219.5986,-0.073708,0.757828
mock_05674,Monolayer,Light Blue,189.415,204.6133,237.3721,-0.055715,0.217975
mock_05675,Few Layers,Green,114.6846,169.6279,149.3545,-0.223724,2.311359
mock_05676,Trilayer,Purple-Blue,127.8457,147.3057,209.6426,-0.146406,0.899641
mock_05677,Monolayer,Light Blue,189.5723,204.7246,237.0869,-0.057358,0.314157
mock_05678,Trilayer,Purple-Blue,128.1426,147.3682,209.5146,-0.177142,1.000741
mock_05679,Bulk,Yellow,187.5605,165.8477,121.3096,-0.320972,5.113045
mock_05680,Monolayer,Light Blue,189.374,204.6973,237.874,-0.056001,0.18639
mock_05681,Bilayer,Blue,154.9746,179.2881,219.666,-0.090582,0.72835
mock_05682,Bulk,Yellow,186.9619,165.4521,121.5449,-0.307225,5.056669
mock_05683,Few Layers,Green,114.6533,169.4404,149.4551,-0.26298,2.155838
mock_05684,Bilayer,Blue,154.5527,179.4688,219.2031,-0.087971,0.739099
mock_05685,Trilayer,Purple-Blue,127.7344,147.8564,209.4629,-0.157105,0.967527
mock_05686,Few Layers,Green,114.707,169.3613,149.9395,-0.261837,2.181576
mock_05687,Monolayer,Light Blue,189.4131,204.2842,237.2939,-0.045997,0.471158
mock_05688,Bulk,Yellow,187.5723,165.2002,121.3115,-0.327891,5.078711
mock_05689,Bilayer,Blue,154.7607,179.2949,219.418,-0.088421,0.580508
mock_05690,Monolayer,Light Blue,189.4219,204.2207,237.4834,-0.024369,0.341839
mock_05691,Bilayer,Blue,153.9697,179.7568,218.8936,-0.122058,0.710554
mock_05692,Trilayer,Purple-Blue,127.5479,147.2012,209.4648,-0.137751,0.868225
mock_05693,Bilayer,Blue,154.54,179.3223,219.625,-0.099552,0.66615
mock_05694,Trilayer,Purple-Blue,127.2295,147.2568,209.2617,-0.146251,1.003624
mock_05695,Bulk,Yellow,187.3408,165.8271,121.6973,-0.313758,5.063856
mock_05696,Bulk,Yellow,187.3232,165.502,122.0498,-0.338611,4.982394
mock_05697,Bilayer,Blue,154.6611,179.1641,219.4072,-0.108839,0.554224
mock_05698,Trilayer,Purple-Blue,127.0322,147.5693,209.8525,-0.163776,0.845419
mock_05699,Monolayer,Light Blue,189.6953,204.2383,237.3613,-0.068498,0.362154
mock_05700,Few Layers,Green,114.6416,169.3125,149.6367,-0.252683,2.160401
mock_05701,Few Layers,Green,114.3486,169.1982,149.6729,-0.24567,2.285569
mock_05702,Monolayer,Light Blue,189.7266,204.3809,237.4326,-0.082405,0.298239
mock_05703,Bilayer,Blue,154.4473,179.7656,219.4375,-0.102375,0.584263
mock_05704,Few Layers,Green,114.5234,169.5576,149.8604,-0.252722,2.159291
mock_05705,Bilayer,Blue,154.8516,179.3613,219.6914,-0.106918,0.640704
mock_05706,Monolayer,Light Blue,189.6094,204.624,237.4238,-0.044871,0.348009
mock_05707,Few Layers,Green,114.9746,169.3271,149.9111,-0.260231,2.216559
mock_05708,Monolayer,Light Blue,189.5693,204.7695,237.4863,-0.050709,0.298772
mock_05709,Monolayer,Light Blue,189.7754,204.4863,237.5088,-0.054595,0.420096
mock_05710,Monolayer,Light Blue,189.3359,204.6504,237.3379,-0.052429,0.299721
mock_05711,Few Layers,Green,114.1768,169.2158,150.1094,-0.238638,2.210007
mock_05712,Monolayer,Light Blue,189.9629,204.708,237.6719,-0.062233,0.293204
mock_05713,Few Layers,Green,114.3604,169.6016,149.1748,-0.241537,2.025501
mock_05714,Monolayer,Light Blue,189.54,204.3789,237.5049,-0.050704,0.208281
mock_05715,Monolayer,Light Blue,189.7646,204.3623,237.4336,-0.039791,0.269456
mock_05716,Few Layers,Green,114.1621,169.6572,149.8682,-0.223617,2.305603
mock_05717,Bilayer,Blue,154.4404,179.3975,219.7988,-0.092665,0.661706
mock_05718,Trilayer,Purple-Blue,127.3711,147.3057,209.4854,-0.17449,0.9957
mock_05719,Monolayer,Light Blue,189.2617,204.5098,237.1641,-0.04117,0.303921
mock_05720,Few Layers,Green,114.1924,169.1689,149.7764,-0.259822,2.189494
mock_05721,Bilayer,Blue,154.4258,179.7354,219.8506,-0.090733,0.628018
mock_05722,Few Layers,Green,114.3564,169.5137,150.0078,-0.27342,2.174287
mock_05723,Monolayer,Light Blue,189.6162,204.6416,237.3721,-0.039706,0.340091
mock_05724,Bilayer,Blue,154.4863,179.4619,218.9785,-0.108064,0.625373
mock_05725,Monolayer,Light Blue,189.3613,204.2812,237.1738,-0.037734,0.388802
mock_05726,Monolayer,Light Blue,189.4521,204.6191,237.3467,-0.067017,0.322163
mock_05727,Monolayer,Light Blue,189.5693,204.5977,237.9238,-0.067768,0.332063
mock_05728,Bilayer,Blue,154.0938,179.3867,218.9678,-0.104321,0.708515
mock_05729,Bilayer,Blue,154.3398,179.4785,219.4961,-0.090791,0.625479
mock_05730,Monolayer,Light Blue,189.9443,204.6484,237.7295,-0.019174,0.177081
mock_05731,Trilayer,Purple-Blue,126.8936,147.3008,209.3057,-0.16111,0.971111
mock_05732,Monolayer,Light Blue,189.4316,204.6426,237.5254,-0.047262,0.135722
mock_05733,Trilayer,Purple-Blue,127.4121,147.5576,209.4668,-0.149391,1.005183
mock_05734,Monolayer,Light Blue,189.2598,204.167,237.5107,-0.057878,0.283987
mock_05735,Trilayer,Purple-Blue,127.3779,147.2578,209.6357,-0.184552,0.979642
mock_05736,Trilayer,Purple-Blue,127.7656,147.5225,208.9746,-0.14885,0.991541
mock_05737,Bilayer,Blue,154.2539,179.6426,219.7461,-0.09699,0.741654
mock_05738,Trilayer,Purple-Blue,127.377,147.5889,209.3105,-0.147488,1.066618
mock_05739,Bilayer,Blue,154.5078,179.0869,219.3838,-0.120602,0.716069
mock_05740,Bulk,Yellow,187.1436,165.7314,121.3223,-0.310838,4.928667
mock_05741,Monolayer,Light Blue,189.8564,204.3574,236.9062,-0.046954,0.49481
mock_05742,Monolayer,Light Blue,189.7959,204.3789,237.6738,-0.065168,0.306062
mock_05743,Bulk,Yellow,187.5664,165.6523,121.6768,-0.338864,5.180854
mock_05744,Monolayer,Light Blue,189.835,204.5049,237.3584,-0.043105,0.287489
mock_05745,Monolayer,Light Blue,189.8125,204.2832,237.459,-0.043601,0.233107
mock_05746,Bulk,Yellow,187.5098,165.1885,121.5918,-0.324403,5.026901
mock_05747,Bulk,Yellow,187.2197,165.2686,121.4629,-0.310151,5.03992
mock_05748,Few Layers,Green,114.4883,169.6299,149.4805,-0.237838,2.115387
mock_05749,Bilayer,Blue,155.0693,179.4951,219.3418,-0.092276,0.611043
mock_05750,Monolayer,Light Blue,189.5312,204.418,237.0869,-0.02266,0.377605
mock_05751,Monolayer,Light Blue,189.707,204.7852,237.5117,-0.041783,0.3257
mock_05752,Trilayer,Purple-Blue,127.4209,147.5518,209.8848,-0.169923,0.974051
mock_05753,Bulk,Yellow,187.3027,165.1592,121.7393,-0.347022,5.033713
mock_05754,Trilayer,Purple-Blue,127.0312,147.4609,209.3867,-0.147599,0.981676
mock_05755,Bilayer,Blue,154.5107,179.4902,219.4541,-0.101422,0.814548
mock_05756,Few Layers,Green,114.3574,169.7217,149.791,-0.255664,2.194316
mock_05757,Few Layers,Green,114.3789,169.8467,149.4385,-0.25905,2.388538
mock_05758,Monolayer,Light Blue,189.2773,204.8564,237.291,-0.073582,0.315926
mock_05759,Trilayer,Purple-Blue,127.5186,147.25,209.7275,-0.194041,1.14984
mock_05760,Monolayer,Light Blue,189.2441,204.2539,237.7109,-0.044752,0.581169
mock_05761,Trilayer,Purple-Blue,127.3418,147.5576,209.3809,-0.152077,1.03198
mock_05762,Bulk,Yellow,187.4922,164.8701,121.1484,-0.340621,5.045541
mock_05763,Monolayer,Light Blue,189.668,204.9463,237.5869,-0.06469,0.270844
mock_05764,Few Layers,Green,114.2676,169.6768,150.0273,-0.255152,2.378931
mock_05765,Few Layers,Green,114.6885,168.9932,149.5703,-0.218082,2.285772
mock_05766,Trilayer,Purple-Blue,127.5,147.877,209.6455,-0.146253,0.941761
mock_05767,Monolayer,Light Blue,189.1123,203.9697,237.0293,-0.040698,0.433568
mock_05768,Monolayer,Light Blue,189.3076,204.0898,237.4307,-0.061018,0.437536
mock_05769,Bilayer,Blue,154.4277,179.2197,219.4111,-0.092817,0.695416
mock_05770,Trilayer,Purple-Blue,127.3984,147.2275,209.3662,-0.151958,1.102822
mock_05771,Few Layers,Green,114.3984,169.8662,149.4863,-0.234986,2.173358
mock_05772,Trilayer,Purple-Blue,127.6582,147.6064,209.3281,-0.173832,1.022166
mock_05773,Monolayer,Light Blue,189.8691,204.7188,237.5625,-0.046872,0.444598
mock_05774,Bulk,Yellow,187.7324,165.4395,121.5234,-0.321946,4.956597
mock_05775,Monolayer,Light Blue,189.7422,204.7119,237.4355,-0.074711,0.40416
mock_05776,Monolayer,Light Blue,189.6338,204.4346,237.4238,-0.070049,0.393534
mock_05777,Few Layers,Green,114.4805,169.3584,149.709,-0.232834,2.238997
mock_05778,Trilayer,Purple-Blue,127.2979,147.2246,209.1582,-0.161269,0.898691
mock_05779,Monolayer,Light Blue,189.6064,204.7441,237.3232,-0.034798,0.410783
mock_05780,Trilayer,Purple-Blue,128.0352,147.8379,209.6816,-0.151596,1.104564
mock_05781,Bilayer,Blue,154.4219,179.8232,219.1631,-0.090729,0.62346
mock_05782,Few Layers,Green,114.2031,169.374,149.5117,-0.240716,2.282963
mock_05783,Bulk,Yellow,187.7451,165.6084,121.3447,-0.307308,4.937976
mock_05784,Bulk,Yellow,187.8438,165.5586,121.6094,-0.320605,5.015782
mock_05785,Monolayer,Light Blue,189.6807,204.6582,237.0742,-0.061299,0.38643
mock_05786,Bilayer,Blue,154.5752,179.3711,218.7627,-0.095293,0.541587
mock_05787,Monolayer,Light Blue,189.3027,204.9395,237.4023,-0.053938,0.381102
mock_05788,Monolayer,Light Blue,188.7988,204.3604,237.4795,-0.028673,0.353039
mock_05789,Few Layers,Green,114.3887,169.4111,150.0,-0.243233,2.098544
mock_05790,Bilayer,Blue,154.5303,179.3594,219.792,-0.085357,0.684757
mock_05791,Trilayer,Purple-Blue,127.6514,147.8457,209.6992,-0.149753,0.996418
mock_05792,Few Layers,Green,114.6592,169.6826,149.2285,-0.234329,2.262382
mock_05793,Monolayer,Light Blue,190.0791,204.7891,237.5547,-0.039227,0.380579
mock_05794,Trilayer,Purple-Blue,127.5371,147.5986,209.5,-0.143567,1.165647
mock_05795,Bilayer,Blue,154.8398,179.499,219.1631,-0.10285,0.750564
mock_05796,Monolayer,Light Blue,190.0635,204.292,237.6738,-0.037919,0.32252
mock_05797,Trilayer,Purple-Blue,127.8701,147.8545,209.8105,-0.182205,0.994709
mock_05798,Bulk,Yellow,187.2373,165.6094,121.6387,-0.331251,5.005293
mock_05799,Few Layers,Green,114.7607,169.3301,149.1064,-0.251281,2.223103
mock_05800,Bulk,Yellow,187.3096,165.5059,121.1484,-0.309283,4.955634
mock_05801,Bilayer,Blue,154.4727,179.7256,219.624,-0.091998,0.602535
mock_05802,Monolayer,Light Blue,189.3027,204.2852,237.2217,-0.026207,0.308465
mock_05803,Bilayer,Blue,154.4482,179.4463,219.3848,-0.107753,0.640706
mock_05804,Monolayer,Light Blue,189.3232,204.3838,237.1016,-0.033657,0.275068
mock_05805,Few Layers,Green,114.5322,169.5986,149.0654,-0.247791,2.22238
mock_05806,Monolayer,Light Blue,189.5713,204.666,237.5,-0.056713,0.179653
mock_05807,Bulk,Yellow,187.4922,165.3672,121.7246,-0.330949,5.086901
mock_05808,Trilayer,Purple-Blue,127.3496,147.3662,209.4434,-0.15879,0.918234
mock_05809,Bilayer,Blue,154.5205,179.0811,219.7783,-0.090608,0.559921
mock_05810,Monolayer,Light Blue,189.4834,204.4688,237.6045,-0.03907,0.347196
mock_05811,Few Layers,Green,114.5322,169.75,149.3154,-0.249152,2.21646
mock_05812,Few Layers,Green,114.5439,169.6357,149.2607,-0.24024,2.26799
mock_05813,Few Layers,Green,114.6104,169.6074,149.7285,-0.249355,2.215345
mock_05814,Monolayer,Light Blue,189.5967,204.5059,237.5518,-0.029767,0.369935
mock_05815,Trilayer,Purple-Blue,127.3145,147.7236,209.7217,-0.176179,1.000645
mock_05816,Monolayer,Light Blue,189.4111,204.7432,237.4326,-0.0575,0.298281
mock_05817,Bulk,Yellow,187.3135,165.626,121.4395,-0.324805,5.02815
mock_05818,Bulk,Yellow,187.7832,165.1963,121.4619,-0.332861,4.955693
mock_05819,Few Layers,Green,114.1982,169.3438,149.832,-0.258819,2.017314
mock_05820,Trilayer,Purple-Blue,127.6846,147.7031,209.4316,-0.1641,0.90001
mock_05821,Bilayer,Blue,154.0547,179.3018,219.1221,-0.132087,0.531713
mock_05822,Few Layers,Green,114.333,169.6396,149.0869,-0.212617,2.26199
mock_05823,Few Layers,Green,114.4824,169.498,149.8105,-0.23723,2.32039
mock_05824,Bulk,Yellow,187.4424,165.2168,121.3848,-0.330713,4.988015
mock_05825,Few Layers,Green,114.6689,169.4736,149.2188,-0.239011,2.319885
mock_05826,Bilayer,Blue,154.3994,179.2383,219.6484,-0.101844,0.568316
mock_05827,Trilayer,Purple-Blue,127.4521,147.2676,209.5283,-0.163108,0.940066
mock_05828,Bilayer,Blue,154.3975,179.9209,219.8291,-0.115642,0.752569
mock_05829,Trilayer,Purple-Blue,127.3232,147.25,209.4424,-0.162674,0.970771
mock_05830,Trilayer,Purple-Blue,127.7939,147.3164,209.6787,-0.180889,0.983938
mock_05831,Trilayer,Purple-Blue,127.0215,148.2139,209.375,-0.152206,0.957122
mock_05832,Bilayer,Blue,154.3916,179.2363,219.4268,-0.129427,0.592787
mock_05833,Bilayer,Blue,154.8662,179.21,219.4639,-0.105867,0.509631
mock_05834,Trilayer,Purple-Blue,127.4297,147.3672,209.4209,-0.141119,0.959099
mock_05835,Trilayer,Purple-Blue,127.752,147.2129,209.2344,-0.124416,1.087308
mock_05836,Few Layers,Green,114.3877,169.6836,149.5391,-0.247,2.221619
mock_05837,Bilayer,Blue,154.0957,179.3252,219.21,-0.095379,0.643157
mock_05838,Few Layers,Green,114.5586,169.8447,149.293,-0.230311,2.353374
mock_05839,Few Layers,Green,114.3711,169.2783,149.3262,-0.260782,2.227702
mock_05840,Bulk,Yellow,187.4502,165.7129,121.6631,-0.341731,5.05836
mock_05841,Trilayer,Purple-Blue,127.5635,147.6299,209.9941,-0.179685,0.973251
mock_05842,Bilayer,Blue,154.4863,179.6055,219.4443,-0.10107,0.602874
mock_05843,Few Layers,Green,114.3281,169.2734,149.5859,-0.221625,2.268614
mock_05844,Trilayer,Purple-Blue,128.127,147.1641,209.6738,-0.171581,1.063878
mock_05845,Few Layers,Green,113.8525,169.8857,149.2344,-0.256643,2.268167
mock_05846,Few Layers,Green,114.1914,169.3594,149.043,-0.227993,2.097699
mock_05847,Bilayer,Blue,154.498,179.2119,219.1816,-0.111104,0.636714
mock_05848,Bilayer,Blue,154.4541,179.4121,219.5879,-0.109496,0.6911
mock_05849,Monolayer,Light Blue,189.8818,205.0254,237.2754,-0.03022,0.379722
mock_05850,Trilayer,Purple-Blue,126.9453,147.5781,209.334,-0.161022,1.06516
mock_05851,Monolayer,Light Blue,189.7559,204.6406,237.6465,-0.068393,0.289142
mock_05852,Trilayer,Purple-Blue,127.1602,147.5088,209.0264,-0.153532,1.046112
mock_05853,Trilayer,Purple-Blue,127.2002,147.7373,209.3438,-0.160424,1.069531
mock_05854,Bulk,Yellow,187.7441,165.7949,121.3281,-0.327148,5.040281
mock_05855,Bilayer,Blue,154.457,179.4111,219.5225,-0.094528,0.692847
mock_05856,Trilayer,Purple-Blue,127.3281,148.084,209.6357,-0.162413,1.061202
mock_05857,Bulk,Yellow,187.833,165.4316,121.2207,-0.33759,5.074103
mock_05858,Few Layers,Green,114.2686,169.7637,149.2744,-0.244008,2.282174
mock_05859,Few Layers,Green,114.9531,169.7285,149.4414,-0.254892,2.0445
mock_05860,Few Layers,Green,114.2031,169.582,149.7979,-0.23411,2.241258
mock_05861,Monolayer,Light Blue,189.5322,204.5166,237.5537,-0.028148,0.407542
mock_05862,Monolayer,Light Blue,189.4258,204.3779,237.4199,-0.03372,0.198383
mock_05863,Few Layers,Green,114.1172,169.8027,149.4902,-0.216085,2.197068
mock_05864,Few Layers,Green,114.7324,169.3359,149.3457,-0.254088,2.252917
mock_05865,Monolayer,Light Blue,189.7334,204.5479,237.1377,-0.076612,0.388858
mock_05866,Bilayer,Blue,154.6357,179.8223,219.3271,-0.096674,0.801456
mock_05867,Bilayer,Blue,154.5908,179.7188,219.2344,-0.116091,0.569214
mock_05868,Few Layers,Green,114.4561,169.4668,149.5859,-0.231795,2.253046
mock_05869,Bilayer,Blue,154.3691,179.2969,219.8105,-0.1133,0.621701
mock_05870,Trilayer,Purple-Blue,127.6895,147.2002,209.5918,-0.165143,0.851336
mock_05871,Monolayer,Light Blue,189.1895,204.2148,237.0801,-0.038454,0.500202
mock_05872,Bilayer,Blue,154.3535,179.4619,219.5107,-0.109712,0.809526
mock_05873,Trilayer,Purple-Blue,127.5371,147.5713,209.5205,-0.155995,0.967284
mock_05874,Trilayer,Purple-Blue,127.3643,147.2402,209.7373,-0.190179,1.021383
mock_05875,Few Layers,Green,114.4883,169.0273,149.7012,-0.24358,2.168454
mock_05876,Bilayer,Blue,154.1904,179.6641,219.2334,-0.087807,0.639137
mock_05877,Trilayer,Purple-Blue,127.459,147.46,209.8379,-0.140818,0.899341
mock_05878,Monolayer,Light Blue,189.5352,204.8057,237.127,-0.056065,0.294447
mock_05879,Trilayer,Purple-Blue,127.5879,147.416,209.7598,-0.121704,0.979601
mock_05880,Bulk,Yellow,187.6572,165.2295,121.833,-0.322821,5.074963
mock_05881,Bulk,Yellow,187.6914,165.1338,121.708,-0.347573,5.007944
mock_05882,Few Layers,Green,114.5977,169.7227,149.5508,-0.271286,2.183489
mock_05883,Bilayer,Blue,154.6699,179.665,219.7109,-0.086624,0.647091
mock_05884,Few Layers,Green,114.6738,169.3984,149.1396,-0.242388,2.147827
mock_05885,Bulk,Yellow,187.7197,165.7344,121.3486,-0.311553,4.876962
mock_05886,Bilayer,Blue,154.793,179.1709,219.4756,-0.087282,0.684458
mock_05887,Few Layers,Green,114.4639,169.5771,149.9404,-0.230406,2.162241
mock_05888,Monolayer,Light Blue,189.7471,204.2773,237.127,-0.082037,0.342747
mock_05889,Monolayer,Light Blue,189.4092,204.8125,237.3379,-0.03299,0.144001
mock_05890,Bilayer,Blue,154.293,179.8105,219.4033,-0.10066,0.53794
mock_05891,Monolayer,Light Blue,189.1445,204.6133,237.3516,-0.032947,0.412898
mock_05892,Bulk,Yellow,187.8369,165.0391,121.3174,-0.316758,5.093464
mock_05893,Few Layers,Green,114.5088,169.2061,149.8008,-0.244187,2.222221
mock_05894,Monolayer,Light Blue,189.2178,204.5352,237.2705,-0.033126,0.46728
mock_05895,Trilayer,Purple-Blue,127.7383,147.5674,209.3662,-0.132557,0.94372
mock_05896,Bilayer,Blue,154.3867,179.627,219.2627,-0.121546,0.703299
mock_05897,Bilayer,Blue,154.0732,179.1318,219.0332,-0.06097,0.625148
mock_05898,Bulk,Yellow,187.4551,165.4111,121.2148,-0.330018,4.91368
mock_05899,Few Layers,Green,114.4854,170.0869,149.6855,-0.234501,2.128116
mock_05900,Trilayer,Purple-Blue,127.1357,147.7217,209.1602,-0.145429,0.907352
mock_05901,Bilayer,Blue,154.4834,180.0117,219.4795,-0.088411,0.608235
mock_05902,Few Layers,Green,114.5693,169.4727,149.7344,-0.260831,2.258717
mock_05903,Bulk,Yellow,186.8672,165.7139,121.5547,-0.327006,5.02095
mock_05904,Few Layers,Green,114.6826,169.8018,149.1006,-0.226815,2.099864
mock_05905,Few Layers,Green,114.1904,169.5439,149.6172,-0.234094,2.141571
mock_05906,Few Layers,Green,114.5391,169.8223,149.4355,-0.242309,2.161702
mock_05907,Bulk,Yellow,187.6934,165.7295,121.6855,-0.309029,5.068639
mock_05908,Bilayer,Blue,154.1514,179.1738,219.6689,-0.073251,0.681029
mock_05909,Monolayer,Light Blue,189.5654,204.9229,237.0166,-0.034521,0.197941
mock_05910,Bilayer,Blue,154.6562,179.6299,219.4863,-0.089369,0.55912
mock_05911,Monolayer,Light Blue,189.3916,204.6143,237.4834,-0.045324,0.463288
mock_05912,Few Layers,Green,114.2861,169.7451,149.6621,-0.24711,2.026208
mock_05913,Few Layers,Green,114.4502,169.293,149.5312,-0.255678,2.251737
mock_05914,Few Layers,Green,114.376,169.501,149.0518,-0.255121,2.180619
mock_05915,Monolayer,Light Blue,189.4033,204.4697,237.79,-0.034454,0.237702
mock_05916,Trilayer,Purple-Blue,127.4482,147.4521,209.4756,-0.163206,1.006069
mock_05917,Monolayer,Light Blue,189.9932,204.2812,237.0635,-0.037454,0.268611
mock_05918,Monolayer,Light Blue,189.8105,204.5088,237.1641,-0.05156,0.321233
mock_05919,Bilayer,Blue,154.0898,179.248,219.6582,-0.092026,0.673802
mock_05920,Few Layers,Green,114.4814,169.7822,149.3271,-0.265899,2.070514
mock_05921,Few Layers,Green,114.4658,169.4482,149.5029,-0.258959,2.221597
mock_05922,Bulk,Yellow,187.2568,165.3232,121.6045,-0.308229,5.026549
mock_05923,Bulk,Yellow,187.8906,165.0723,121.1689,-0.302949,5.028725
mock_05924,Bilayer,Blue,154.4492,179.0352,219.9785,-0.090996,0.544073
mock_05925,Bilayer,Blue,154.6865,179.9004,219.2871,-0.128272,0.595533
mock_05926,Few Layers,Green,114.5547,169.3936,149.4824,-0.237916,2.131951
mock_05927,Monolayer,Light Blue,189.667,204.2783,237.1943,-0.061329,0.388249
mock_05928,Few Layers,Green,114.4756,169.3516,149.7969,-0.2451,2.131819
mock_05929,Monolayer,Light Blue,189.4844,204.4502,236.9961,-0.04126,0.400326
mock_05930,Monolayer,Light Blue,189.1475,205.0566,237.8496,-0.068788,0.240593
mock_05931,Trilayer,Purple-Blue,127.6035,147.1611,209.3467,-0.191212,1.024557
mock_05932,Bulk,Yellow,187.6611,165.6797,121.8027,-0.297549,4.956248
mock_05933,Trilayer,Purple-Blue,127.3184,147.8066,209.7344,-0.155963,1.12515
mock_05934,Monolayer,Light Blue,189.4629,204.4473,238.0488,-0.05303,0.249149
mock_05935,Bulk,Yellow,187.6914,165.2246,122.002,-0.318383,5.07452
mock_05936,Bulk,Yellow,187.4072,165.9316,121.1699,-0.315153,4.950442
mock_05937,Trilayer,Purple-Blue,127.2041,147.4775,209.3877,-0.162169,1.03206
mock_05938,Bilayer,Blue,154.6162,179.9287,219.7393,-0.074043,0.621445
mock_05939,Bilayer,Blue,154.5547,179.5098,219.291,-0.109993,0.681954
mock_05940,Monolayer,Light Blue,189.542,204.5732,237.4814,-0.051777,0.252062
mock_05941,Monolayer,Light Blue,189.6934,204.4111,237.4346,-0.037019,0.296695
mock_05942,Monolayer,Light Blue,189.1299,204.1611,237.6279,-0.044709,0.257265
mock_05943,Bulk,Yellow,187.3262,165.4492,121.5537,-0.314472,4.859707
mock_05944,Monolayer,Light Blue,189.7568,204.127,236.9209,-0.05275,0.198415
mock_05945,Bilayer,Blue,153.8711,179.501,219.2471,-0.068852,0.789171
mock_05946,Bilayer,Blue,154.8057,179.2402,219.4404,-0.120348,0.655166
mock_05947,Few Layers,Green,114.0576,169.4688,149.2666,-0.230934,2.342089
mock_05948,Few Layers,Green,114.5684,169.0596,149.2061,-0.236705,2.17491
mock_05949,Monolayer,Light Blue,189.0732,204.3379,237.2051,-0.043231,0.472313
mock_05950,Bilayer,Blue,154.2881,179.4375,219.5215,-0.117314,0.741632
mock_05951,Few Layers,Green,114.665,170.001,149.71,-0.218723,2.193189
mock_05952,Monolayer,Light Blue,189.6592,204.0332,237.2695,-0.070729,0.276938
mock_05953,Few Layers,Green,114.4219,169.7422,149.373,-0.215688,2.049653
mock_05954,Monolayer,Light Blue,189.293,204.5703,237.2803,-0.033559,0.273927
mock_05955,Bulk,Yellow,187.2891,165.3262,122.0771,-0.298857,5.155098
mock_05956,Bulk,Yellow,187.7041,165.2373,122.0068,-0.314399,5.166033
mock_05957,Bilayer,Blue,154.3877,178.918,219.3672,-0.082354,0.597087
mock_05958,Few Layers,Green,114.5762,169.3135,149.0439,-0.230275,2.182176
mock_05959,Trilayer,Purple-Blue,127.2764,147.7803,209.084,-0.152327,1.068799
mock_05960,Bilayer,Blue,154.3311,179.9648,219.3896,-0.089537,0.717244
mock_05961,Monolayer,Light Blue,189.2715,204.4336,237.6865,-0.061906,0.200166
mock_05962,Few Layers,Green,114.5117,169.5293,149.3955,-0.228108,2.174715
mock_05963,Trilayer,Purple-Blue,127.3584,147.209,209.7607,-0.171579,0.851241
mock_05964,Few Layers,Green,113.8379,169.1953,149.4697,-0.226505,2.059809
mock_05965,Trilayer,Purple-Blue,127.2363,147.1533,210.0781,-0.166932,1.02252
mock_05966,Monolayer,Light Blue,189.6016,204.6504,237.6201,-0.062622,0.32362
mock_05967,Monolayer,Light Blue,189.2275,204.3604,237.7803,-0.079528,0.242126
mock_05968,Monolayer,Light Blue,189.6045,204.4463,237.916,-0.041161,0.289521
mock_05969,Monolayer,Light Blue,189.7939,204.6553,237.5967,-0.073438,0.362108
mock_05970,Bulk,Yellow,187.2402,165.6943,121.8604,-0.331775,5.0115
mock_05971,Monolayer,Light Blue,189.1328,204.6592,237.334,-0.049855,0.519851
mock_05972,Bilayer,Blue,154.6582,179.6924,219.9121,-0.114815,0.665836
mock_05973,Monolayer,Light Blue,189.4395,204.8301,237.1914,-0.036519,0.312106
mock_05974,Bilayer,Blue,154.8936,179.8574,219.6738,-0.085569,0.746161
mock_05975,Monolayer,Light Blue,189.9258,204.4346,237.832,-0.038747,0.381365
mock_05976,Bilayer,Blue,154.4434,179.2793,219.3506,-0.107906,0.679604
mock_05977,Bulk,Yellow,186.9014,165.4961,122.0557,-0.306275,5.058522
mock_05978,Trilayer,Purple-Blue,127.6758,147.834,209.6924,-0.167179,0.904316
mock_05979,Trilayer,Purple-Blue,127.1094,147.6514,209.2607,-0.168201,0.979497
mock_05980,Monolayer,Light Blue,189.7324,204.6318,237.2871,-0.043426,0.344426
mock_05981,Few Layers,Green,114.418,169.5059,149.0283,-0.236106,2.300909
mock_05982,Bulk,Yellow,187.7529,165.2646,121.7773,-0.308724,4.823963
mock_05983,Few Layers,Green,114.2705,169.2363,149.4795,-0.266138,2.209987
mock_05984,Few Layers,Green,114.7246,169.3125,149.1152,-0.252791,2.1756
mock_05985,Trilayer,Purple-Blue,127.2861,146.9463,209.71,-0.152755,0.999173
mock_05986,Bilayer,Blue,154.4902,179.4219,219.2295,-0.100056,0.805727
mock_05987,Bilayer,Blue,154.5996,179.3115,219.5264,-0.115933,0.564665
mock_05988,Trilayer,Purple-Blue,127.4639,147.8086,210.0449,-0.132947,1.103823
mock_05989,Bilayer,Blue,154.957,179.5439,219.8779,-0.124222,0.846974
mock_05990,Few Layers,Green,114.0684,169.3926,149.6201,-0.253135,2.268567
mock_05991,Trilayer,Purple-Blue,127.7725,147.4707,209.8037,-0.140315,1.026909
mock_05992,Bilayer,Blue,154.2803,179.5059,219.6348,-0.089944,0.66802
mock_05993,Monolayer,Light Blue,189.3604,204.3662,237.2246,-0.024864,0.189259
mock_05994,Trilayer,Purple-Blue,127.54,147.5,209.9277,-0.168144,1.064475
mock_05995,Trilayer,Purple-Blue,127.3301,147.6768,209.3691,-0.161927,0.945276
mock_05996,Bilayer,Blue,154.4043,179.2471,219.375,-0.100563,0.560944
mock_05997,Monolayer,Light Blue,189.6455,204.6348,237.7002,-0.038252,0.348626
mock_05998,Monolayer,Light Blue,189.624,204.293,237.0957,-0.027809,0.295023
mock_05999,Bilayer,Blue,154.3379,179.5283,219.4893,-0.100676,0.550277
mock_06000,Trilayer,Purple-Blue,127.5205,147.8594,209.4219,-0.145548,0.808939
mock_06001,Few Layers,Green,114.5537,169.1074,149.6797,-0.22741,2.189721
mock_06002,Monolayer,Light Blue,189.5088,204.4238,237.8232,-0.038762,0.253816
mock_06003,Trilayer,Purple-Blue,127.0254,147.7188,209.543,-0.158519,1.053708
mock_06004,Trilayer,Purple-Blue,127.5518,147.3877,209.3516,-0.152752,0.988666
mock_06005,Bilayer,Blue,154.2256,179.8047,219.5156,-0.081966,0.559274
mock_06006,Trilayer,Purple-Blue,127.5332,147.2812,209.5264,-0.13872,1.094268
mock_06007,Bilayer,Blue,154.8701,179.543,219.5947,-0.105307,0.627008
mock_06008,Few Layers,Green,114.0371,169.6299,149.4023,-0.225505,2.14595
mock_06009,Bilayer,Blue,154.6934,179.793,219.4297,-0.092714,0.665939
mock_06010,Monolayer,Light Blue,189.5654,204.4404,237.6123,-0.06371,0.295184
mock_06011,Bulk,Yellow,187.6045,165.5127,122.1504,-0.335809,4.92998
mock_06012,Bilayer,Blue,154.5479,179.5244,219.5107,-0.08984,0.726617
mock_06013,Bilayer,Blue,154.4766,179.3223,219.5293,-0.128722,0.723325
mock_06014,Monolayer,Light Blue,189.4668,204.3213,237.4541,-0.043291,0.317827
mock_06015,Monolayer,Light Blue,189.5176,204.8887,237.4736,-0.049181,0.2809
mock_06016,Trilayer,Purple-Blue,127.6953,147.2363,209.667,-0.19085,1.07935
mock_06017,Bilayer,Blue,154.4014,179.2061,219.332,-0.12472,0.80733
mock_06018,Few Layers,Green,114.3311,169.4326,149.2988,-0.234494,2.121131
mock_06019,Bilayer,Blue,154.6152,179.5801,219.0459,-0.107837,0.644832
mock_06020,Monolayer,Light Blue,189.5166,205.1641,237.3467,-0.060149,0.354186
mock_06021,Few Layers,Green,114.3652,169.4863,149.3164,-0.244332,2.356752
mock_06022,Bulk,Yellow,187.46,165.4629,121.3604,-0.330987,5.058942
mock_06023,Bilayer,Blue,154.3545,179.5596,218.8145,-0.105761,0.697584
mock_06024,Bulk,Yellow,187.6221,164.875,121.3789,-0.344654,4.829937
mock_06025,Bilayer,Blue,154.624,179.3525,219.6846,-0.112903,0.756788
mock_06026,Bilayer,Blue,154.6064,179.3486,219.7041,-0.085091,0.702362
mock_06027,Trilayer,Purple-Blue,127.0947,147.165,209.3809,-0.161894,0.978956
mock_06028,Monolayer,Light Blue,189.5312,204.5928,237.584,-0.065752,0.181454
mock_06029,Trilayer,Purple-Blue,127.9287,147.332,209.4072,-0.158341,1.000978
mock_06030,Bilayer,Blue,154.6826,179.3408,219.8994,-0.099337,0.663157
mock_06031,Monolayer,Light Blue,189.0693,204.6191,237.4941,-0.063552,0.411512
mock_06032,Trilayer,Purple-Blue,127.0273,147.7773,209.8809,-0.134378,0.981967
mock_06033,Monolayer,Light Blue,189.7002,204.2822,237.0215,-0.060514,0.296585
mock_06034,Bilayer,Blue,153.9688,179.4424,219.6787,-0.11517,0.653283
mock_06035,Few Layers,Green,114.4062,169.6953,149.874,-0.240314,2.153816
mock_06036,Few Layers,Green,114.418,169.5391,149.4609,-0.216985,2.17473
mock_06037,Bulk,Yellow,187.6211,165.2139,121.9541,-0.329175,5.004974
mock_06038,Few Layers,Green,114.6299,170.002,149.4492,-0.246998,2.087342
mock_06039,Trilayer,Purple-Blue,127.2529,147.8115,209.5781,-0.142107,1.170618
mock_06040,Bilayer,Blue,154.4385,179.3398,219.5469,-0.091001,0.644012
mock_06041,Trilayer,Purple-Blue,127.3691,147.8057,209.9824,-0.168825,1.095313
mock_06042,Monolayer,Light Blue,189.7314,204.6504,237.5127,-0.044341,0.471827
mock_06043,Trilayer,Purple-Blue,127.3867,147.3213,209.3604,-0.166423,1.029375
mock_06044,Few Layers,Green,114.8301,169.748,149.2666,-0.198736,2.254967
mock_06045,Trilayer,Purple-Blue,127.3613,147.416,209.2461,-0.173056,0.868197
mock_06046,Bilayer,Blue,154.1738,179.4082,219.3936,-0.08642,0.707816
mock_06047,Bulk,Yellow,187.2227,165.3418,121.2158,-0.33315,5.059207
mock_06048,Bulk,Yellow,187.9395,165.4609,121.6895,-0.326538,4.958881
mock_06049,Few Layers,Green,114.5264,169.665,149.6084,-0.246738,2.189775
mock_06050,Monolayer,Light Blue,189.2471,204.3174,237.6143,-0.046655,0.478244
mock_06051,Bulk,Yellow,187.5928,165.7256,120.9531,-0.319233,5.151045
mock_06052,Trilayer,Purple-Blue,127.375,147.5,209.543,-0.155953,1.090486
mock_06053,Monolayer,Light Blue,189.5791,203.8643,237.6035,-0.061014,0.33646
mock_06054,Few Layers,Green,114.4736,169.5381,149.7725,-0.203512,2.127019
mock_06055,Monolayer,Light Blue,189.1211,204.4082,237.2988,-0.045184,0.353142
mock_06056,Few Layers,Green,114.7344,169.5996,149.9795,-0.245175,2.272498
mock_06057,Monolayer,Light Blue,189.6064,204.6748,237.3418,-0.056931,0.283262
mock_06058,Few Layers,Green,115.1426,169.9102,149.2725,-0.23752,2.18134
mock_06059,Monolayer,Light Blue,189.6826,204.583,237.4102,-0.023333,0.405283
mock_06060,Trilayer,Purple-Blue,126.9219,147.7852,209.9736,-0.136868,1.166179
mock_06061,Few Layers,Green,114.7598,169.5391,149.1436,-0.240535,2.217074
mock_06062,Few Layers,Green,114.8691,169.4443,150.0264,-0.259146,2.213904
mock_06063,Trilayer,Purple-Blue,127.0498,147.3633,209.5859,-0.173526,1.062561
mock_06064,Trilayer,Purple-Blue,127.5625,147.582,209.499,-0.167341,0.981279
mock_06065,Bilayer,Blue,154.5029,179.5732,219.3369,-0.091438,0.689456
mock_06066,Bilayer,Blue,154.4756,179.3975,219.2979,-0.10803,0.649848
mock_06067,Bilayer,Blue,154.7686,179.3711,219.0537,-0.095017,0.635219
mock_06068,Few Layers,Green,114.8037,169.5342,149.3896,-0.253872,2.326127
mock_06069,Bulk,Yellow,187.7012,165.3477,121.5537,-0.319915,4.999389
mock_06070,Bulk,Yellow,187.5156,165.0518,121.3701,-0.335788,4.99222
mock_06071,Trilayer,Purple-Blue,127.2031,147.4707,209.6738,-0.186293,1.015596
mock_06072,Trilayer,Purple-Blue,127.5254,147.5205,208.9082,-0.162298,0.826419
mock_06073,Bilayer,Blue,154.3076,179.1934,219.4473,-0.105177,0.62466
mock_06074,Monolayer,Light Blue,189.3623,204.2383,237.5195,-0.058309,0.350911
mock_06075,Trilayer,Purple-Blue,127.665,147.2588,209.4463,-0.179841,1.169881
mock_06076,Bulk,Yellow,187.5928,165.6709,121.5078,-0.316481,4.918495
mock_06077,Bulk,Yellow,187.2471,165.6533,121.4561,-0.313154,4.96738
mock_06078,Bilayer,Blue,154.46,179.5684,219.2822,-0.061777,0.65803
mock_06079,Bilayer,Blue,154.4365,179.3535,219.4512,-0.091174,0.77467
mock_06080,Few Layers,Green,114.3311,169.5635,149.7881,-0.200282,2.140666
mock_06081,Trilayer,Purple-Blue,127.5576,147.6045,209.9775,-0.167656,0.961652
mock_06082,Monolayer,Light Blue,189.585,204.4922,237.1543,-0.060967,0.283647
mock_06083,Trilayer,Purple-Blue,127.5029,147.1514,209.7754,-0.181304,1.007479
mock_06084,Trilayer,Purple-Blue,127.2441,147.6064,209.7275,-0.162037,0.917658
mock_06085,Monolayer,Light Blue,189.7598,204.5049,237.1826,-0.050538,0.545936
mock_06086,Bulk,Yellow,188.0273,165.7422,121.6621,-0.287242,5.020342
mock_06087,Trilayer,Purple-Blue,127.2979,147.7139,209.5332,-0.160552,0.930036
mock_06088,Monolayer,Light Blue,189.5762,204.5918,237.7666,-0.046079,0.373087
mock_06089,Few Layers,Green,114.8525,169.4014,149.6426,-0.243294,2.021445
mock_06090,Few Layers,Green,114.6357,169.6982,149.8916,-0.251479,2.359226
mock_06091,Bulk,Yellow,187.4658,165.5273,121.1562,-0.344467,5.089365
mock_06092,Monolayer,Light Blue,189.1436,204.2354,236.8633,-0.035067,0.311209
mock_06093,Trilayer,Purple-Blue,127.9072,147.3799,209.3604,-0.177068,1.040036
mock_06094,Monolayer,Light Blue,189.583,204.4814,237.6699,-0.06282,0.320777
mock_06095,Bilayer,Blue,154.4521,179.7969,218.9678,-0.12845,0.771221
mock_06096,Bulk,Yellow,187.2051,165.7539,121.541,-0.320004,5.034063
mock_06097,Few Layers,Green,114.2646,169.9443,149.2842,-0.272094,2.144489
mock_06098,Few Layers,Green,114.5303,169.3184,149.6836,-0.219978,2.351091
mock_06099,Bilayer,Blue,154.8867,179.6758,219.1777,-0.055551,0.611792
mock_06100,Bilayer,Blue,154.207,179.3633,219.3486,-0.085081,0.481931
mock_06101,Few Layers,Green,113.959,169.3613,149.3643,-0.24348,2.319602
mock_06102,Bulk,Yellow,187.8428,165.8125,121.5596,-0.311673,5.048213
mock_06103,Monolayer,Light Blue,189.7305,204.4287,237.7715,-0.049315,0.211463
mock_06104,Monolayer,Light Blue,189.2021,204.8643,237.5586,-0.07348,0.441249
mock_06105,Trilayer,Purple-Blue,127.2344,147.2344,209.3926,-0.187166,1.104363
mock_06106,Bulk,Yellow,187.8232,166.0732,121.3887,-0.328611,5.030365
mock_06107,Few Layers,Green,114.627,169.248,149.3408,-0.249887,2.218832
mock_06108,Few Layers,Green,114.1484,169.2334,149.4688,-0.224087,2.110103
mock_06109,Trilayer,Purple-Blue,127.1484,147.208,209.6006,-0.167677,1.068544
mock_06110,Trilayer,Purple-Blue,127.3389,147.4834,209.5615,-0.168714,0.981597
mock_06111,Trilayer,Purple-Blue,127.5498,147.1035,209.3838,-0.18912,0.96204
mock_06112,Bulk,Yellow,187.4209,165.8232,121.3447,-0.329256,5.042763
mock_06113,Bulk,Yellow,187.5869,165.2168,121.625,-0.310807,5.134822
mock_06114,Few Layers,Green,114.46,169.7549,149.3916,-0.256845,2.336605
mock_06115,Trilayer,Purple-Blue,127.5,147.6191,209.4951,-0.195224,0.9491
mock_06116,Bulk,Yellow,187.7012,165.6445,121.8184,-0.327947,5.011803
mock_06117,Monolayer,Light Blue,189.8184,204.3301,237.7822,-0.039306,0.239334
mock_06118,Few Layers,Green,114.4287,169.5996,149.4873,-0.250564,2.199557
mock_06119,Bulk,Yellow,187.0703,165.3525,121.4746,-0.33189,4.948627
mock_06120,Trilayer,Purple-Blue,127.6572,147.2354,209.2988,-0.155587,0.97849
mock_06121,Bilayer,Blue,154.6367,179.1016,219.4082,-0.092898,0.77939
mock_06122,Few Layers,Green,114.457,169.4619,149.5518,-0.249488,2.219028
mock_06123,Monolayer,Light Blue,189.7363,204.3447,237.4355,-0.053502,0.290181
mock_06124,Monolayer,Light Blue,189.6182,204.249,237.6406,-0.047827,0.244183
mock_06125,Bilayer,Blue,154.3633,179.9238,219.5254,-0.114891,0.573208
mock_06126,Bilayer,Blue,154.375,178.9434,219.3408,-0.110993,0.750864
mock_06127,Monolayer,Light Blue,189.8115,204.6729,237.4678,-0.048274,0.284414
mock_06128,Trilayer,Purple-Blue,127.4502,147.7539,209.7725,-0.153354,1.084437
mock_06129,Trilayer,Purple-Blue,127.665,147.6084,209.4707,-0.137029,0.935692
mock_06130,Bulk,Yellow,187.4326,165.4551,121.8311,-0.331426,5.038493
mock_06131,Few Layers,Green,114.8486,169.6826,149.6133,-0.226841,2.315321
mock_06132,Monolayer,Light Blue,189.3457,204.667,237.3037,-0.034166,0.305843
mock_06133,Few Layers,Green,114.252,169.4941,149.6719,-0.236411,2.210222
mock_06134,Trilayer,Purple-Blue,127.0928,148.0557,209.6387,-0.15201,0.962702
mock_06135,Bilayer,Blue,154.002,179.7295,219.6338,-0.117239,0.563524
mock_06136,Bilayer,Blue,154.5381,179.7783,219.4082,-0.103764,0.527828
mock_06137,Few Layers,Green,114.1484,169.7334,149.3135,-0.273181,2.171862
mock_06138,Monolayer,Light Blue,189.6064,204.7676,237.7568,-0.037466,0.364742
mock_06139,Few Layers,Green,114.5781,169.4873,149.4443,-0.23041,2.28637
mock_06140,Bulk,Yellow,187.4268,165.5801,121.7588,-0.325948,5.042194
mock_06141,Bilayer,Blue,154.6465,179.5215,219.957,-0.12133,0.643545
mock_06142,Bulk,Yellow,187.6357,165.4629,121.3477,-0.336645,4.970499
mock_06143,Trilayer,Purple-Blue,127.9961,147.3496,209.3604,-0.144291,0.977583
mock_06144,Trilayer,Purple-Blue,127.7158,147.6191,209.9141,-0.161156,1.108425
mock_06145,Few Layers,Green,114.7305,169.8027,150.0039,-0.217925,2.329262
mock_06146,Few Layers,Green,114.3271,169.707,149.708,-0.226461,2.157427
mock_06147,Few Layers,Green,114.3945,169.6826,149.8584,-0.22342,2.114765
mock_06148,Bilayer,Blue,154.1318,179.5996,219.7295,-0.101643,0.574889
mock_06149,Monolayer,Light Blue,189.4053,204.8916,237.3115,-0.045482,0.289648
mock_06150,Monolayer,Light Blue,189.7705,204.4814,237.6143,-0.043463,0.393185
mock_06151,Trilayer,Purple-Blue,127.6748,147.6475,209.6523,-0.146465,1.033228
mock_06152,Bilayer,Blue,154.6758,179.7549,219.248,-0.091898,0.66108
mock_06153,Trilayer,Purple-Blue,127.416,147.8115,209.7129,-0.166257,0.966258
mock_06154,Bilayer,Blue,154.543,179.2822,219.3145,-0.127772,0.761865
mock_06155,Bulk,Yellow,187.6387,165.4805,121.3936,-0.298738,4.975524
mock_06156,Monolayer,Light Blue,189.3877,204.2344,237.543,-0.05333,0.206367
mock_06157,Bulk,Yellow,187.6455,165.6816,121.6553,-0.344936,5.113196
mock_06158,Few Layers,Green,114.4609,169.415,149.5508,-0.233447,2.288616
mock_06159,Trilayer,Purple-Blue,127.5283,147.4053,209.2588,-0.159184,0.824471
mock_06160,Bulk,Yellow,187.1504,165.2998,121.5703,-0.293875,5.07358
mock_06161,Trilayer,Purple-Blue,127.4844,147.6143,209.6211,-0.138191,0.927792
mock_06162,Few Layers,Green,114.6543,169.5762,149.4189,-0.253192,2.176449
mock_06163,Bilayer,Blue,154.4023,179.6182,219.4492,-0.106032,0.729784
mock_06164,Monolayer,Light Blue,189.3164,204.3477,237.1553,-0.023535,0.436487
mock_06165,Trilayer,Purple-Blue,127.3779,147.4189,209.5537,-0.188061,1.021588
mock_06166,Few Layers,Green,114.0146,169.1826,149.6748,-0.254179,2.106841
mock_06167,Trilayer,Purple-Blue,127.7256,147.0986,209.0537,-0.16233,0.83195
mock_06168,Bilayer,Blue,154.6758,179.8057,219.5732,-0.091917,0.514621
mock_06169,Bilayer,Blue,154.8369,179.3135,219.5693,-0.072924,0.691025
mock_06170,Few Layers,Green,114.5566,169.4893,149.3818,-0.236344,2.114492
mock_06171,Monolayer,Light Blue,189.291,204.293,237.4873,-0.041169,0.252852
mock_06172,Trilayer,Purple-Blue,127.6318,147.3496,209.4375,-0.156901,0.9511
mock_06173,Bulk,Yellow,187.459,165.501,121.3799,-0.299556,4.952281
mock_06174,Few Layers,Green,114.8359,169.8633,149.3975,-0.22613,2.220368
mock_06175,Trilayer,Purple-Blue,127.8037,147.3477,209.4668,-0.14707,1.074087
mock_06176,Trilayer,Purple-Blue,127.6963,147.3896,209.3008,-0.155256,0.92731
mock_06177,Bilayer,Blue,154.2119,179.0762,219.4395,-0.120472,0.609979
mock_06178,Bilayer,Blue,154.0293,179.5273,219.1787,-0.113018,0.6769
mock_06179,Few Layers,Green,114.458,169.2266,149.623,-0.211494,2.235562
mock_06180,Bilayer,Blue,154.9893,179.6299,219.9375,-0.110175,0.59307
mock_06181,Trilayer,Purple-Blue,127.9844,148.082,209.4775,-0.171405,1.040989
mock_06182,Bulk,Yellow,187.3672,165.7109,121.7178,-0.30418,5.105472
mock_06183,Few Layers,Green,113.9482,169.4307,149.3115,-0.225921,2.097769
mock_06184,Monolayer,Light Blue,189.8203,204.6143,237.4873,-0.056904,0.247235
mock_06185,Bilayer,Blue,154.0771,179.6973,219.6094,-0.089549,0.616656
mock_06186,Bulk,Yellow,187.541,165.29,121.7129,-0.310415,4.967986
mock_06187,Monolayer,Light Blue,189.627,205.1611,237.3643,-0.041586,0.317352
mock_06188,Monolayer,Light Blue,189.6953,204.5723,237.3154,-0.051748,0.268172
mock_06189,Bilayer,Blue,154.4121,179.8867,219.9531,-0.115118,0.610249
mock_06190,Bilayer,Blue,154.2246,179.3203,219.7568,-0.095812,0.741932
mock_06191,Trilayer,Purple-Blue,127.4277,147.7471,209.9111,-0.152876,1.001642
mock_06192,Monolayer,Light Blue,190.0029,204.8896,237.8867,-0.06172,0.28804
mock_06193,Trilayer,Purple-Blue,127.3428,147.5352,209.1143,-0.15206,0.966721
mock_06194,Few Layers,Green,114.4902,169.5527,149.6338,-0.241377,2.21174
mock_06195,Bulk,Yellow,187.4141,165.4775,121.5791,-0.304258,4.990266
mock_06196,Few Layers,Green,114.4834,169.8096,150.3154,-0.242458,2.071069
mock_06197,Bilayer,Blue,154.7559,180.2324,219.5049,-0.097898,0.638199
mock_06198,Trilayer,Purple-Blue,127.2402,147.3652,209.6338,-0.169359,0.892173
mock_06199,Bulk,Yellow,187.04,164.9502,121.3555,-0.308539,5.076681
mock_06200,Bilayer,Blue,154.3633,179.2139,219.5215,-0.093374,0.650852
mock_06201,Monolayer,Light Blue,189.6777,204.2998,237.1885,-0.055226,0.355612
mock_06202,Bilayer,Blue,154.3467,179.4521,219.7529,-0.102865,0.790903
mock_06203,Few Layers,Green,114.377,169.5293,149.6523,-0.238724,2.08638
mock_06204,Few Layers,Green,114.7539,169.6572,149.1963,-0.231567,2.271096
mock_06205,Trilayer,Purple-Blue,127.3525,147.5332,209.1299,-0.182968,1.026012
mock_06206,Bilayer,Blue,154.4541,179.8262,219.749,-0.102573,0.692243
mock_06207,Trilayer,Purple-Blue,127.3262,147.4922,209.5889,-0.162611,0.893364
mock_06208,Few Layers,Green,114.4912,169.4307,149.502,-0.205293,2.152732
mock_06209,Bulk,Yellow,187.5498,165.5869,121.8408,-0.318521,5.032511
mock_06210,Few Layers,Green,114.8008,169.0996,149.4463,-0.243314,2.088329
mock_06211,Bilayer,Blue,154.2178,179.1846,219.4766,-0.088289,0.610764
mock_06212,Monolayer,Light Blue,189.7793,204.2588,237.2559,-0.072475,0.435442
mock_06213,Few Layers,Green,114.6719,169.5889,149.4375,-0.271311,2.079159
mock_06214,Bilayer,Blue,154.3896,179.6201,219.6289,-0.116981,0.71159
mock_06215,Trilayer,Purple-Blue,127.7061,147.4707,209.168,-0.173424,1.06759
mock_06216,Bulk,Yellow,187.749,165.6836,121.6777,-0.320647,4.778427
mock_06217,Bulk,Yellow,187.8027,166.0977,121.8389,-0.323812,4.974225
mock_06218,Bilayer,Blue,154.5586,179.4941,219.8271,-0.118341,0.740308
mock_06219,Bilayer,Blue,154.2539,179.2256,219.7793,-0.081865,0.658293
mock_06220,Bilayer,Blue,154.375,179.2637,219.4502,-0.121664,0.566423
mock_06221,Monolayer,Light Blue,189.5654,204.5137,237.3994,-0.064257,0.300211
mock_06222,Trilayer,Purple-Blue,127.8115,147.4805,209.3086,-0.166858,0.961175
mock_06223,Trilayer,Purple-Blue,127.5459,147.333,209.5342,-0.173826,1.085828
mock_06224,Bilayer,Blue,154.5029,178.9863,219.5664,-0.126798,0.644973
mock_06225,Trilayer,Purple-Blue,127.8643,147.2354,209.666,-0.166938,0.945067
mock_06226,Few Layers,Green,114.1396,169.6377,149.3125,-0.256509,2.223667
mock_06227,Bulk,Yellow,187.6953,165.4277,121.6914,-0.317993,5.030224
mock_06228,Few Layers,Green,114.6533,169.4385,149.5117,-0.251534,2.190084
mock_06229,Bulk,Yellow,187.7383,165.5078,121.0225,-0.326461,5.081343
mock_06230,Monolayer,Light Blue,189.3428,204.9326,237.4033,-0.047044,0.107005
mock_06231,Bilayer,Blue,154.6699,179.2451,219.2822,-0.09346,0.643154
mock_06232,Bilayer,Blue,154.1045,178.8643,219.6289,-0.077453,0.604623
mock_06233,Monolayer,Light Blue,189.5615,204.4561,237.3164,-0.067784,0.604916
mock_06234,Trilayer,Purple-Blue,127.5098,147.374,209.4561,-0.146604,1.032461
mock_06235,Trilayer,Purple-Blue,127.6426,147.7139,210.0996,-0.144668,1.115651
mock_06236,Bilayer,Blue,154.4805,179.3105,219.8281,-0.087154,0.606491
mock_06237,Bulk,Yellow,187.4678,165.8262,121.4102,-0.313065,4.89926
mock_06238,Trilayer,Purple-Blue,127.1562,147.7578,209.5752,-0.194398,1.042515
mock_06239,Trilayer,Purple-Blue,127.8418,147.5908,209.5547,-0.142947,1.007315
mock_06240,Monolayer,Light Blue,189.5371,204.5479,237.6289,-0.051057,0.239394
mock_06241,Trilayer,Purple-Blue,127.3105,147.3574,209.3525,-0.144169,0.814292
mock_06242,Bulk,Yellow,187.5186,165.4727,121.4434,-0.302951,4.977213
mock_06243,Bilayer,Blue,154.1299,179.8867,219.4434,-0.109833,0.603709
mock_06244,Monolayer,Light Blue,189.5986,204.9424,237.501,-0.035795,0.356139
mock_06245,Monolayer,Light Blue,189.8955,204.3779,237.1318,-0.057635,0.258059
mock_06246,Few Layers,Green,114.8184,169.5635,149.7588,-0.220121,2.253833
mock_06247,Few Layers,Green,114.1221,169.6035,150.0605,-0.247541,2.281189
mock_06248,Bilayer,Blue,154.9492,179.1016,219.502,-0.103057,0.588555
mock_06249,Bilayer,Blue,154.4697,179.7783,219.4531,-0.114466,0.702789
mock_06250,Bulk,Yellow,187.2725,165.1299,120.8887,-0.30546,5.11606
mock_06251,Trilayer,Purple-Blue,127.2021,147.2891,210.0576,-0.171858,0.983698
mock_06252,Monolayer,Light Blue,189.0547,204.3867,237.4668,-0.038759,0.23599
mock_06253,Monolayer,Light Blue,189.0713,204.4219,237.6748,-0.03307,0.319015
mock_06254,Monolayer,Light Blue,189.6924,204.7148,237.5312,-0.059225,0.395434
mock_06255,Monolayer,Light Blue,189.3545,204.6406,237.3447,-0.067151,0.415122
mock_06256,Bilayer,Blue,154.209,179.3486,219.0068,-0.100322,0.8219
mock_06257,Bulk,Yellow,187.5254,165.6025,121.5732,-0.333833,4.896443
mock_06258,Bulk,Yellow,188.1758,165.8271,121.1758,-0.328412,4.896736
mock_06259,Trilayer,Purple-Blue,127.2725,147.8574,209.6084,-0.158764,1.040976
mock_06260,Bilayer,Blue,154.5176,179.7061,219.3281,-0.081199,0.624649
mock_06261,Few Layers,Green,114.0732,169.6289,149.2568,-0.246452,2.178403
mock_06262,Bilayer,Blue,154.5176,179.167,219.2686,-0.120157,0.610731
mock_06263,Trilayer,Purple-Blue,127.4092,147.498,209.751,-0.167312,1.091101
mock_06264,Monolayer,Light Blue,189.7617,204.3828,237.251,-0.055929,0.367726
mock_06265,Monolayer,Light Blue,189.8027,204.5342,238.0107,-0.060206,0.332826
mock_06266,Monolayer,Light Blue,189.1035,204.8643,237.2539,-0.061113,0.426642
mock_06267,Trilayer,Purple-Blue,127.3545,147.5742,209.2324,-0.169067,0.977239
mock_06268,Bilayer,Blue,154.6592,179.875,219.6436,-0.082874,0.593485
mock_06269,Few Layers,Green,114.7334,168.9355,149.7773,-0.258112,2.203365
mock_06270,Trilayer,Purple-Blue,127.8027,147.2578,209.9512,-0.158549,0.946559
mock_06271,Trilayer,Purple-Blue,127.6201,147.5586,209.4834,-0.17287,0.920501
mock_06272,Monolayer,Light Blue,189.7129,204.7695,237.1387,-0.039069,0.376547
mock_06273,Bilayer,Blue,154.7041,179.6963,219.8252,-0.102429,0.623858
mock_06274,Trilayer,Purple-Blue,127.5664,147.6562,209.7451,-0.121484,0.877345
mock_06275,Bulk,Yellow,187.4639,165.2197,121.54,-0.313208,5.088294
mock_06276,Few Layers,Green,114.5811,169.4121,149.541,-0.249016,2.185451
mock_06277,Monolayer,Light Blue,189.4316,204.1904,237.8984,-0.050871,0.454991
mock_06278,Trilayer,Purple-Blue,127.8701,147.5635,209.4033,-0.150186,1.094748
mock_06279,Few Layers,Green,114.6465,169.4688,149.1943,-0.239434,2.258562
mock_06280,Monolayer,Light Blue,189.6611,204.375,237.6992,-0.040085,0.423649
mock_06281,Bilayer,Blue,154.7832,180.1299,219.2744,-0.084446,0.629125
mock_06282,Bulk,Yellow,187.8535,165.4443,121.1318,-0.345639,5.069368
mock_06283,Trilayer,Purple-Blue,127.7988,147.126,209.4824,-0.16264,1.066523
mock_06284,Few Layers,Green,114.7451,169.7119,149.6514,-0.243188,2.225461
mock_06285,Few Layers,Green,114.8604,169.0967,149.7832,-0.245716,2.295257
mock_06286,Monolayer,Light Blue,189.1309,204.2383,237.3994,-0.05683,0.162507
mock_06287,Trilayer,Purple-Blue,127.1016,147.459,209.0332,-0.187508,1.022065
mock_06288,Trilayer,Purple-Blue,127.5547,147.7949,209.667,-0.144027,1.004481
mock_06289,Bulk,Yellow,188.0938,165.291,121.1445,-0.332736,5.007776
mock_06290,Monolayer,Light Blue,189.3232,204.7324,237.6855,-0.050846,0.274381
mock_06291,Trilayer,Purple-Blue,127.6328,147.5225,209.7305,-0.164879,1.123527
mock_06292,Trilayer,Purple-Blue,127.5703,147.0947,209.2646,-0.16465,0.992428
mock_06293,Bilayer,Blue,154.4111,179.541,219.3818,-0.095983,0.626825
mock_06294,Few Layers,Green,114.0303,169.4541,149.2959,-0.227822,2.122542
mock_06295,Trilayer,Purple-Blue,127.2178,147.3535,209.6426,-0.166823,0.922601
mock_06296,Trilayer,Purple-Blue,126.9141,147.7578,209.4912,-0.187057,0.950652
mock_06297,Few Layers,Green,114.2764,169.8633,149.2061,-0.251984,2.240399
mock_06298,Trilayer,Purple-Blue,127.1963,147.6963,209.5146,-0.165041,0.970777
mock_06299,Bilayer,Blue,154.3555,179.4922,218.833,-0.112736,0.663394
mock_06300,Bilayer,Blue,154.2891,179.5,219.2686,-0.108372,0.68385
mock_06301,Bilayer,Blue,154.6309,179.4541,219.6162,-0.115942,0.646695
mock_06302,Few Layers,Green,114.3125,169.3613,149.4883,-0.235783,2.188746
mock_06303,Few Layers,Green,114.8447,169.5557,149.2871,-0.243376,2.196065
mock_06304,Few Layers,Green,114.4219,169.1641,149.8682,-0.246888,2.444313
mock_06305,Bulk,Yellow,187.1318,165.0225,121.3535,-0.308921,5.04374
mock_06306,Monolayer,Light Blue,189.0137,204.2285,237.4268,-0.04472,0.338485
mock_06307,Bulk,Yellow,187.3721,165.2158,121.7207,-0.321961,5.145659
mock_06308,Bulk,Yellow,187.6758,165.3643,120.9131,-0.337042,4.959266
mock_06309,Few Layers,Green,114.1504,169.3652,149.5361,-0.246985,2.280296
mock_06310,Trilayer,Purple-Blue,127.249,147.1602,209.8447,-0.180083,1.081014
mock_06311,Few Layers,Green,114.5098,169.7861,149.665,-0.252617,2.157694
mock_06312,Few Layers,Green,114.0742,169.4014,149.499,-0.235619,2.163865
mock_06313,Trilayer,Purple-Blue,127.624,147.4697,209.4463,-0.161221,1.003909
mock_06314,Trilayer,Purple-Blue,127.6064,147.5156,209.5195,-0.165083,0.931323
mock_06315,Monolayer,Light Blue,189.3623,204.7715,237.7217,-0.052038,0.362889
mock_06316,Monolayer,Light Blue,190.1904,204.6191,237.4727,-0.059486,0.341601
mock_06317,Bilayer,Blue,154.6729,179.5137,219.7568,-0.105544,0.566855
mock_06318,Monolayer,Light Blue,190.043,204.4629,237.3545,-0.054581,0.387994
mock_06319,Trilayer,Purple-Blue,127.3047,147.3516,209.6514,-0.156343,0.89324
mock_06320,Monolayer,Light Blue,189.6738,204.1709,237.0342,-0.035075,0.310085
mock_06321,Trilayer,Purple-Blue,127.543,147.6084,209.8672,-0.160052,1.042317
mock_06322,Trilayer,Purple-Blue,127.793,147.9912,209.8564,-0.149334,0.897671
mock_06323,Bulk,Yellow,187.4434,165.5371,120.8867,-0.323741,4.902884
mock_06324,Few Layers,Green,115.0703,169.0352,149.7178,-0.22858,2.2253
mock_06325,Bilayer,Blue,154.7812,179.3701,219.3223,-0.101789,0.825064
mock_06326,Monolayer,Light Blue,189.4541,204.0332,237.2129,-0.06724,0.224297
mock_06327,Trilayer,Purple-Blue,127.6074,147.7578,209.3975,-0.16152,0.943603
mock_06328,Bilayer,Blue,154.7246,179.7119,219.3291,-0.074054,0.727654
mock_06329,Monolayer,Light Blue,189.8281,204.6074,236.8711,-0.066924,0.316567
mock_06330,Bulk,Yellow,187.4551,165.8506,121.668,-0.285873,5.136361
mock_06331,Bulk,Yellow,187.1836,165.7227,121.0537,-0.322314,4.907808
mock_06332,Bilayer,Blue,154.5195,179.2383,219.4746,-0.076953,0.816423
mock_06333,Trilayer,Purple-Blue,127.4453,147.4053,209.4189,-0.144788,1.014856
mock_06334,Trilayer,Purple-Blue,127.0146,147.7324,209.252,-0.156959,1.012708
mock_06335,Bulk,Yellow,187.0918,165.8311,121.5811,-0.320207,5.062684
mock_06336,Monolayer,Light Blue,189.1055,204.3594,237.5908,-0.059161,0.32223
mock_06337,Trilayer,Purple-Blue,128.0518,147.5938,209.6943,-0.139137,0.999275
mock_06338,Bilayer,Blue,154.2783,179.5537,219.3838,-0.09489,0.651065
mock_06339,Few Layers,Green,114.0684,169.0898,149.8994,-0.263355,2.121073
mock_06340,Monolayer,Light Blue,189.9248,204.4131,237.9043,-0.03935,0.318442
mock_06341,Bilayer,Blue,154.2002,179.5488,219.2812,-0.113069,0.688395
mock_06342,Monolayer,Light Blue,189.5654,204.5771,237.3135,-0.042752,0.305511
mock_06343,Trilayer,Purple-Blue,127.5742,147.6152,209.1875,-0.166002,0.946552
mock_06344,Trilayer,Purple-Blue,127.5244,147.0938,209.75,-0.16812,1.009986
mock_06345,Monolayer,Light Blue,189.2764,204.2559,237.8555,-0.051623,0.347627
mock_06346,Bilayer,Blue,154.4287,179.5869,219.2744,-0.091607,0.542311
mock_06347,Bilayer,Blue,154.5557,179.4004,219.3857,-0.094313,0.577362
mock_06348,Monolayer,Light Blue,189.4014,204.5215,237.333,-0.063412,0.365265
mock_06349,Few Layers,Green,114.1855,169.1992,149.2783,-0.226932,2.063088
mock_06350,Bilayer,Blue,154.2598,179.8652,219.7734,-0.08521,0.714753
mock_06351,Bilayer,Blue,154.2275,179.5352,219.4727,-0.104898,0.600485
mock_06352,Monolayer,Light Blue,189.665,204.1387,237.6533,-0.053259,0.446434
mock_06353,Bilayer,Blue,154.8018,179.3076,219.4619,-0.123015,0.635384
mock_06354,Monolayer,Light Blue,189.3701,204.5234,237.4531,-0.041861,0.37019
mock_06355,Few Layers,Green,114.2803,169.2285,149.748,-0.250025,2.249257
mock_06356,Bilayer,Blue,154.5254,179.3467,219.5312,-0.121255,0.679135
mock_06357,Few Layers,Green,114.4355,169.3691,149.2969,-0.242286,2.340163
mock_06358,Bilayer,Blue,154.3877,179.4756,219.3281,-0.099202,0.707721
mock_06359,Bilayer,Blue,154.4092,179.4775,219.5752,-0.105093,0.625349
mock_06360,Bulk,Yellow,187.4639,165.6855,121.3096,-0.329673,5.004514
mock_06361,Bilayer,Blue,154.832,179.4414,220.0459,-0.091745,0.652017
mock_06362,Monolayer,Light Blue,189.7686,204.5527,237.3408,-0.06263,0.321974
mock_06363,Trilayer,Purple-Blue,127.4297,147.3584,209.9805,-0.170292,0.952181
mock_06364,Bulk,Yellow,187.5977,165.4453,121.6045,-0.310416,4.916495
mock_06365,Few Layers,Green,114.4775,169.5264,149.3408,-0.226683,2.262091
mock_06366,Bilayer,Blue,154.7129,179.6689,218.835,-0.108683,0.776323
mock_06367,Bilayer,Blue,154.6045,179.8584,219.3086,-0.084373,0.725729
mock_06368,Monolayer,Light Blue,189.6475,204.4609,237.4463,-0.046661,0.195241
mock_06369,Trilayer,Purple-Blue,127.7002,147.6777,209.6787,-0.169728,1.069264
mock_06370,Monolayer,Light Blue,189.6377,204.7002,237.5059,-0.05083,0.219127
mock_06371,Monolayer,Light Blue,189.2314,204.7002,236.9805,-0.054107,0.314576
mock_06372,Trilayer,Purple-Blue,127.4785,147.7852,209.4473,-0.175231,1.049503
mock_06373,Monolayer,Light Blue,189.4873,205.2148,237.3525,-0.054127,0.313152
mock_06374,Few Layers,Green,114.4316,169.3125,150.0342,-0.231997,2.051743
mock_06375,Monolayer,Light Blue,189.4961,204.3145,237.7637,-0.04542,0.409738
mock_06376,Few Layers,Green,114.4121,169.1016,149.6992,-0.229957,2.238871
mock_06377,Monolayer,Light Blue,189.7637,204.4629,236.9336,-0.052299,0.272918
mock_06378,Few Layers,Green,114.8311,169.2725,150.1396,-0.262339,2.188129
mock_06379,Bilayer,Blue,154.5889,179.6816,219.4492,-0.0878,0.549889
mock_06380,Few Layers,Green,114.5371,169.543,150.0312,-0.248925,2.20714
mock_06381,Monolayer,Light Blue,189.7041,204.2822,237.4932,-0.057773,0.293435
mock_06382,Bulk,Yellow,187.7246,165.791,121.8535,-0.325167,5.077347
mock_06383,Bilayer,Blue,154.8555,179.418,219.6729,-0.098588,0.631523
mock_06384,Trilayer,Purple-Blue,127.1855,147.5342,208.8047,-0.155117,1.037169
mock_06385,Trilayer,Purple-Blue,127.4199,147.9473,209.4463,-0.154199,0.971617
mock_06386,Few Layers,Green,114.3955,169.5684,149.6875,-0.245013,2.152138
mock_06387,Trilayer,Purple-Blue,127.6699,147.2578,209.8027,-0.133441,1.126544
mock_06388,Bilayer,Blue,154.2627,179.5225,219.3203,-0.080442,0.799195
mock_06389,Monolayer,Light Blue,189.3213,204.6719,237.3135,-0.014297,0.234945
mock_06390,Few Layers,Green,114.7285,169.4717,149.6445,-0.254259,2.230962
mock_06391,Bilayer,Blue,154.9424,179.3525,219.7119,-0.106764,0.604782
mock_06392,Trilayer,Purple-Blue,127.7891,147.7578,209.8096,-0.147388,0.992903
mock_06393,Monolayer,Light Blue,189.5352,204.2949,237.4922,-0.066291,0.393747
mock_06394,Monolayer,Light Blue,189.4629,204.6943,237.3916,-0.039446,0.289731
mock_06395,Few Layers,Green,114.5342,169.6738,149.8438,-0.221786,2.269302
mock_06396,Few Layers,Green,114.8359,169.3105,149.2891,-0.271182,2.203234
mock_06397,Few Layers,Green,114.4268,169.6611,149.376,-0.228895,2.323821
mock_06398,Bilayer,Blue,154.7646,179.5625,219.5684,-0.087118,0.806109
mock_06399,Bulk,Yellow,187.2305,165.7148,121.3926,-0.310414,5.183333
mock_06400,Bilayer,Blue,154.5693,179.5098,219.623,-0.112705,0.709451
mock_06401,Bilayer,Blue,154.4004,179.7881,219.874,-0.070121,0.681802
mock_06402,Bulk,Yellow,187.123,165.4229,121.3926,-0.31981,5.102706
mock_06403,Few Layers,Green,114.7764,169.4717,149.7637,-0.26742,2.261232
mock_06404,Bilayer,Blue,154.6934,179.5088,219.2158,-0.081924,0.727759
mock_06405,Trilayer,Purple-Blue,127.3887,147.749,209.4307,-0.150198,0.923488
mock_06406,Bilayer,Blue,154.3496,179.5625,219.3203,-0.09013,0.697087
mock_06407,Bilayer,Blue,154.6904,179.6924,219.7676,-0.094929,0.654443
mock_06408,Few Layers,Green,114.1035,169.6699,149.4922,-0.242426,2.148675
mock_06409,Bilayer,Blue,154.6445,179.2979,219.4238,-0.101621,0.712438
mock_06410,Bulk,Yellow,187.585,165.7549,121.4639,-0.303586,4.89375
mock_06411,Bulk,Yellow,187.6035,165.3887,121.7783,-0.334093,5.042702
mock_06412,Few Layers,Green,114.2529,169.8574,149.8496,-0.25779,2.091774
mock_06413,Bilayer,Blue,154.4121,179.4277,219.1299,-0.094181,0.669431
mock_06414,Few Layers,Green,114.5498,169.4424,149.6611,-0.253079,2.166988
mock_06415,Monolayer,Light Blue,189.5459,204.6055,237.5684,-0.039384,0.257096
mock_06416,Few Layers,Green,114.4336,169.3193,149.5713,-0.238787,2.146787
mock_06417,Trilayer,Purple-Blue,128.0352,147.0713,209.4639,-0.161492,0.987473
mock_06418,Bulk,Yellow,187.3418,165.3457,121.3955,-0.311185,4.906506
mock_06419,Monolayer,Light Blue,189.4297,204.7979,237.3232,-0.078941,0.297147
mock_06420,Monolayer,Light Blue,189.4873,204.8857,237.2773,-0.054992,0.360613
mock_06421,Monolayer,Light Blue,189.8301,204.3428,237.6143,-0.064565,0.297255
mock_06422,Trilayer,Purple-Blue,127.3174,147.4277,209.2715,-0.168849,1.01228
mock_06423,Trilayer,Purple-Blue,127.1738,147.7627,209.3975,-0.147984,1.143239
mock_06424,Monolayer,Light Blue,189.5195,204.8281,237.5645,-0.047616,0.316526
mock_06425,Trilayer,Purple-Blue,127.2295,147.4287,209.5244,-0.172812,1.033611
mock_06426,Trilayer,Purple-Blue,127.4492,147.5107,210.1279,-0.159214,0.954934
mock_06427,Few Layers,Green,114.5361,169.3232,149.3779,-0.274518,2.364112
mock_06428,Few Layers,Green,114.7979,169.2852,149.8789,-0.219753,2.180106
mock_06429,Trilayer,Purple-Blue,127.5,147.5596,209.2783,-0.143997,0.947836
mock_06430,Few Layers,Green,114.6074,169.8027,149.8174,-0.228038,2.215903
mock_06431,Monolayer,Light Blue,189.6631,204.667,237.3652,-0.067827,0.380513
mock_06432,Bilayer,Blue,154.6299,179.2861,219.8232,-0.106893,0.646749
mock_06433,Bulk,Yellow,187.792,165.7852,121.6895,-0.325836,4.984651
mock_06434,Few Layers,Green,114.3232,169.6045,149.3809,-0.247772,2.165568
mock_06435,Few Layers,Green,114.4795,169.3389,149.6943,-0.205416,1.94961
mock_06436,Bulk,Yellow,187.959,165.4316,121.499,-0.323355,5.092012
mock_06437,Monolayer,Light Blue,189.2139,204.4678,237.8809,-0.052631,0.349767
mock_06438,Monolayer,Light Blue,189.3428,204.6826,237.1631,-0.017266,0.161082
mock_06439,Trilayer,Purple-Blue,127.4893,147.7598,209.4648,-0.142703,0.958238
mock_06440,Monolayer,Light Blue,188.6992,204.8408,237.8115,-0.060374,0.248686
mock_06441,Bilayer,Blue,154.2412,180.0508,219.1611,-0.110995,0.697859
mock_06442,Monolayer,Light Blue,189.8613,204.0107,237.3477,-0.058252,0.189398
mock_06443,Bilayer,Blue,154.3223,179.3516,219.626,-0.100781,0.687395
mock_06444,Bulk,Yellow,187.4727,165.6963,121.7705,-0.297308,4.995727
mock_06445,Trilayer,Purple-Blue,127.5723,147.2148,209.1621,-0.137959,1.034182
mock_06446,Bilayer,Blue,154.5869,179.7607,219.79,-0.113356,0.847958
mock_06447,Few Layers,Green,114.3516,168.8096,149.3564,-0.226771,2.095554
mock_06448,Bulk,Yellow,187.752,165.5527,121.1553,-0.344272,5.164451
mock_06449,Bulk,Yellow,187.4141,165.5684,121.709,-0.328443,5.068591
mock_06450,Bilayer,Blue,154.5625,179.4639,219.25,-0.097895,0.699036
mock_06451,Trilayer,Purple-Blue,127.5703,147.6484,208.9258,-0.162449,0.94955
mock_06452,Trilayer,Purple-Blue,127.1982,147.4727,209.2305,-0.126013,1.075431
mock_06453,Trilayer,Purple-Blue,127.2158,147.7168,209.418,-0.15318,0.953616
mock_06454,Bilayer,Blue,154.4414,179.4775,219.7656,-0.087002,0.54517
mock_06455,Monolayer,Light Blue,189.5986,204.1318,237.8848,-0.058289,0.277494
mock_06456,Bilayer,Blue,154.1045,179.2139,219.0557,-0.064229,0.610872
mock_06457,Trilayer,Purple-Blue,127.6299,147.1855,209.7324,-0.174572,1.140482
mock_06458,Bilayer,Blue,155.0107,179.4414,219.168,-0.104895,0.640923
mock_06459,Few Layers,Green,114.5234,169.6406,148.9941,-0.216988,2.18519
mock_06460,Few Layers,Green,114.9141,169.1631,149.1768,-0.22807,2.137053
mock_06461,Bilayer,Blue,154.6709,179.3887,219.5801,-0.089956,0.757205
mock_06462,Few Layers,Green,114.3926,169.3369,149.3867,-0.259531,2.180998
mock_06463,Bulk,Yellow,187.54,165.3477,121.5244,-0.330081,4.896558
mock_06464,Few Layers,Green,114.2666,169.8477,149.7764,-0.220326,2.079181
mock_06465,Monolayer,Light Blue,189.3994,204.8096,237.3281,-0.081806,0.255331
mock_06466,Bilayer,Blue,154.4531,179.5361,219.3633,-0.108367,0.642646
mock_06467,Trilayer,Purple-Blue,127.6074,147.2549,209.2139,-0.154265,1.012347
mock_06468,Bilayer,Blue,154.0967,179.1641,219.4404,-0.090684,0.661794
mock_06469,Monolayer,Light Blue,189.5,204.1396,237.5244,-0.081632,0.353136
mock_06470,Few Layers,Green,114.1787,169.8467,149.6846,-0.250595,2.282224
mock_06471,Few Layers,Green,114.4697,169.4766,149.1377,-0.229818,2.171157
mock_06472,Monolayer,Light Blue,189.4736,205.0664,237.7832,-0.041417,0.36536
mock_06473,Bilayer,Blue,154.4033,179.2969,219.0098,-0.102762,0.90105
mock_06474,Monolayer,Light Blue,189.3691,204.2266,237.709,-0.047073,0.346752
mock_06475,Trilayer,Purple-Blue,127.4971,147.4785,209.3809,-0.156955,1.130972
mock_06476,Bilayer,Blue,154.8076,179.499,219.5361,-0.107224,0.679539
mock_06477,Monolayer,Light Blue,189.6777,204.8955,237.5801,-0.055383,0.206939
mock_06478,Monolayer,Light Blue,188.8955,204.1855,237.126,-0.042202,0.298206
mock_06479,Bilayer,Blue,155.1357,179.4961,219.1543,-0.108703,0.638033
mock_06480,Bulk,Yellow,187.415,165.917,121.5059,-0.311742,5.040252
mock_06481,Bulk,Yellow,187.252,165.5615,121.7695,-0.329387,5.031797
mock_06482,Few Layers,Green,114.0527,169.2881,149.752,-0.263456,2.162885
mock_06483,Bulk,Yellow,187.415,165.751,121.2139,-0.325576,4.923107
mock_06484,Trilayer,Purple-Blue,127.5537,147.75,209.54,-0.171608,0.95613
mock_06485,Trilayer,Purple-Blue,127.5996,147.3955,209.7051,-0.155849,0.842406
mock_06486,Few Layers,Green,114.2939,169.5713,149.3643,-0.23997,2.09245
mock_06487,Bilayer,Blue,154.8506,180.1387,219.7842,-0.083021,0.616988
mock_06488,Trilayer,Purple-Blue,127.3457,147.2725,209.1865,-0.160495,0.857396
mock_06489,Few Layers,Green,114.6934,169.2959,149.1367,-0.244903,2.184732
mock_06490,Few Layers,Green,114.2871,169.4326,149.5049,-0.215858,2.170514
mock_06491,Monolayer,Light Blue,190.1748,204.1367,237.6123,-0.031413,0.266653
mock_06492,Monolayer,Light Blue,189.543,204.3096,237.5898,-0.054014,0.26051
mock_06493,Bilayer,Blue,154.9873,179.5645,219.5264,-0.089199,0.753081
mock_06494,Bulk,Yellow,187.4648,165.5195,121.4453,-0.300598,4.982645
mock_06495,Few Layers,Green,114.543,169.3975,149.4512,-0.225341,2.179694
mock_06496,Bulk,Yellow,187.791,165.7334,121.1914,-0.297945,5.001485
mock_06497,Bilayer,Blue,154.6855,179.3936,219.5117,-0.086277,0.662883
mock_06498,Few Layers,Green,114.5234,169.791,149.6406,-0.22921,2.305709
mock_06499,Bilayer,Blue,154.6768,179.585,219.5957,-0.088475,0.613503
mock_06500,Monolayer,Light Blue,189.1035,204.2832,237.4434,-0.043589,0.450011
mock_06501,Monolayer,Light Blue,189.5361,204.3945,237.6621,-0.064986,0.276036
mock_06502,Trilayer,Purple-Blue,127.3457,147.2285,209.5352,-0.146564,1.044073
mock_06503,Monolayer,Light Blue,189.1113,204.0039,237.1143,-0.042521,0.389266
mock_06504,Few Layers,Green,114.3438,169.9248,149.1895,-0.244635,2.182287
mock_06505,Monolayer,Light Blue,189.4014,204.166,237.1084,-0.052059,0.352204
mock_06506,Trilayer,Purple-Blue,127.7324,147.0322,209.9258,-0.148496,1.011277
mock_06507,Trilayer,Purple-Blue,127.5352,148.1396,209.6299,-0.136671,1.026886
mock_06508,Bilayer,Blue,154.4648,179.6191,219.6982,-0.095281,0.626994
mock_06509,Bilayer,Blue,154.7686,179.4658,219.5078,-0.07291,0.661766
mock_06510,Trilayer,Purple-Blue,127.4365,147.6357,209.1436,-0.179805,1.021578
mock_06511,Bilayer,Blue,154.4873,179.4941,219.5537,-0.099309,0.685015
mock_06512,Monolayer,Light Blue,189.4043,204.4248,237.249,-0.068565,0.429378
mock_06513,Monolayer,Light Blue,189.7266,204.2988,237.7061,-0.07221,0.284826
mock_06514,Bilayer,Blue,154.3926,179.8418,219.5703,-0.090482,0.507219
mock_06515,Bulk,Yellow,187.71,165.3799,121.2891,-0.315498,5.072713
mock_06516,Bilayer,Blue,154.2285,179.2598,219.5635,-0.095897,0.615343
mock_06517,Few Layers,Green,114.8994,169.8291,149.5742,-0.242576,2.176103
mock_06518,Bulk,Yellow,187.4648,165.748,121.5625,-0.341212,5.138878
mock_06519,Monolayer,Light Blue,189.8887,204.4971,238.1562,-0.069316,0.331821
mock_06520,Trilayer,Purple-Blue,126.8018,147.6572,209.4785,-0.151258,1.031545
mock_06521,Trilayer,Purple-Blue,127.4629,147.9287,209.0332,-0.164798,1.084803
mock_06522,Bilayer,Blue,154.6738,179.4316,219.46,-0.112121,0.728325
mock_06523,Bulk,Yellow,187.6357,165.5322,121.417,-0.32585,4.935739
mock_06524,Bilayer,Blue,154.7812,179.0547,219.3496,-0.088153,0.677534
mock_06525,Monolayer,Light Blue,188.7246,204.4287,237.3857,-0.055948,0.329325
mock_06526,Bulk,Yellow,187.6064,165.499,121.46,-0.326415,5.040603
mock_06527,Bulk,Yellow,187.2998,165.5195,121.4814,-0.347374,5.195785
mock_06528,Trilayer,Purple-Blue,127.2871,147.4131,209.2549,-0.129244,0.973096
mock_06529,Bilayer,Blue,154.3252,179.749,219.335,-0.104158,0.720112
mock_06530,Bulk,Yellow,188.0127,165.7207,121.6484,-0.335521,4.883396
mock_06531,Monolayer,Light Blue,189.2969,204.4795,237.4082,-0.039945,0.268766
mock_06532,Trilayer,Purple-Blue,127.5605,147.6494,209.6553,-0.172331,0.960689
mock_06533,Few Layers,Green,114.6172,169.6738,149.4668,-0.234181,2.135942
mock_06534,Trilayer,Purple-Blue,127.248,147.3311,209.2842,-0.146242,0.987899
mock_06535,Trilayer,Purple-Blue,127.6797,147.9219,209.6035,-0.158468,1.139351
mock_06536,Trilayer,Purple-Blue,126.96,147.0762,209.6611,-0.163872,0.999288
mock_06537,Monolayer,Light Blue,189.5693,204.7588,237.3379,-0.069501,0.44042
mock_06538,Bulk,Yellow,187.6064,165.5469,121.9209,-0.332117,4.947954
mock_06539,Trilayer,Purple-Blue,127.6729,147.4463,209.3418,-0.157164,1.089235
mock_06540,Monolayer,Light Blue,189.376,204.2334,236.8496,-0.061977,0.324788
mock_06541,Bulk,Yellow,187.1777,165.4717,121.8398,-0.313566,5.055349
mock_06542,Monolayer,Light Blue,189.6172,204.4521,237.2139,-0.043641,0.267813
mock_06543,Monolayer,Light Blue,189.6729,204.6299,237.5977,-0.039658,0.4096
mock_06544,Monolayer,Light Blue,189.4688,204.5801,237.5459,-0.041112,0.11781
mock_06545,Monolayer,Light Blue,189.3477,204.6562,237.7471,-0.028949,0.431433
mock_06546,Few Layers,Green,114.3418,169.5732,149.1152,-0.205475,2.211821
mock_06547,Monolayer,Light Blue,189.4062,204.0947,237.4111,-0.062337,0.237467
mock_06548,Trilayer,Purple-Blue,127.4941,147.4648,209.6875,-0.130934,0.978422
mock_06549,Few Layers,Green,114.0684,169.4932,149.792,-0.229738,2.110166
mock_06550,Few Layers,Green,114.0205,169.4053,149.3916,-0.257503,2.22346
mock_06551,Monolayer,Light Blue,189.6523,204.3438,237.6641,-0.053608,0.411415
mock_06552,Few Layers,Green,114.4844,169.6719,149.3174,-0.273977,2.228873
mock_06553,Bulk,Yellow,187.2422,165.709,121.4756,-0.302547,5.010217
mock_06554,Bulk,Yellow,187.4561,165.6182,121.5049,-0.304299,5.043914
mock_06555,Monolayer,Light Blue,189.8828,204.4258,237.0898,-0.056705,0.534194
mock_06556,Few Layers,Green,114.4658,169.3936,149.0781,-0.210089,2.194071
mock_06557,Trilayer,Purple-Blue,127.627,147.6592,209.582,-0.168302,1.013974
mock_06558,Few Layers,Green,114.624,169.7998,149.9756,-0.249382,2.157176
mock_06559,Monolayer,Light Blue,189.6963,205.3691,237.7031,-0.028794,0.122432
mock_06560,Few Layers,Green,114.3301,169.459,149.2236,-0.240849,2.139225
mock_06561,Trilayer,Purple-Blue,127.7139,147.7822,209.5186,-0.153735,0.986513
mock_06562,Monolayer,Light Blue,189.3066,204.7432,237.3584,-0.037577,0.240402
mock_06563,Monolayer,Light Blue,189.4863,204.1953,237.0547,-0.054815,0.281825
mock_06564,Monolayer,Light Blue,189.291,204.8369,237.4297,-0.047993,0.191864
mock_06565,Bilayer,Blue,154.8037,179.6094,219.249,-0.097386,0.634544
mock_06566,Bulk,Yellow,187.2832,165.7266,121.5117,-0.361495,4.958208
mock_06567,Trilayer,Purple-Blue,127.8418,147.1885,209.2314,-0.163211,0.974352
mock_06568,Bilayer,Blue,154.3223,179.7412,218.9463,-0.107161,0.628948
mock_06569,Bilayer,Blue,154.1865,179.833,219.5137,-0.082058,0.707554
mock_06570,Monolayer,Light Blue,189.8994,205.1377,237.4248,-0.048482,0.293221
mock_06571,Bilayer,Blue,154.4639,179.2471,219.376,-0.085275,0.716672
mock_06572,Bilayer,Blue,154.334,179.4463,219.5293,-0.116397,0.564742
mock_06573,Few Layers,Green,114.5615,169.2783,149.3809,-0.235473,2.221907
mock_06574,Bilayer,Blue,154.1191,179.5273,219.5762,-0.100348,0.554847
mock_06575,Bilayer,Blue,154.6758,179.1895,219.2891,-0.099066,0.648283
mock_06576,Trilayer,Purple-Blue,127.6982,147.1689,209.8105,-0.142828,1.126546
mock_06577,Monolayer,Light Blue,189.4609,204.6641,237.4971,-0.044723,0.197759
mock_06578,Monolayer,Light Blue,189.2822,203.8555,237.873,-0.098097,0.050875
mock_06579,Bilayer,Blue,154.6582,179.3311,219.3145,-0.122845,0.647709
mock_06580,Monolayer,Light Blue,189.5098,204.3096,237.1133,-0.0748,0.318761
mock_06581,Bulk,Yellow,187.1074,165.6855,121.5684,-0.331765,4.948141
mock_06582,Trilayer,Purple-Blue,127.7021,147.7295,209.5693,-0.155152,0.9251
mock_06583,Bilayer,Blue,154.1025,179.4619,219.6689,-0.116012,0.592683
mock_06584,Monolayer,Light Blue,189.5068,204.3721,237.0664,-0.07035,0.270878
mock_06585,Monolayer,Light Blue,189.7344,204.748,237.8838,-0.038068,0.384168
mock_06586,Few Layers,Green,114.4414,169.1543,149.3066,-0.251914,2.236417
mock_06587,Few Layers,Green,114.4268,169.3428,149.5664,-0.256124,2.212044
mock_06588,Few Layers,Green,114.6045,169.627,149.3623,-0.246714,2.312434
mock_06589,Trilayer,Purple-Blue,127.6064,147.8877,209.6836,-0.134634,0.969009
mock_06590,Monolayer,Light Blue,189.8496,204.3896,237.8799,-0.049205,0.29846
mock_06591,Trilayer,Purple-Blue,127.4941,147.5908,209.4102,-0.211165,0.965188
mock_06592,Bilayer,Blue,154.1943,179.2822,219.7744,-0.109813,0.624743
mock_06593,Bilayer,Blue,154.4307,179.6143,219.7432,-0.082473,0.514924
mock_06594,Bilayer,Blue,154.582,179.1924,219.7314,-0.086591,0.688846
mock_06595,Few Layers,Green,114.4385,169.6006,149.1885,-0.228162,2.132088
mock_06596,Monolayer,Light Blue,189.4531,204.8965,237.3271,-0.059536,0.318511
mock_06597,Monolayer,Light Blue,189.7158,204.3779,237.5205,-0.05987,0.325433
mock_06598,Trilayer,Purple-Blue,127.1904,147.6172,209.9092,-0.136917,0.999761
mock_06599,Bilayer,Blue,154.5,179.9277,219.5039,-0.110223,0.671287
mock_06600,Bulk,Yellow,187.9443,165.8008,121.2705,-0.298716,5.003567
mock_06601,Bulk,Yellow,187.5762,165.2148,121.6602,-0.325612,4.826139
mock_06602,Few Layers,Green,114.4717,169.667,149.5381,-0.241239,2.222334
mock_06603,Few Layers,Green,114.2754,169.9043,149.7705,-0.239441,2.264856
mock_06604,Bulk,Yellow,187.5195,165.3555,121.5957,-0.313019,4.939543
mock_06605,Trilayer,Purple-Blue,127.4609,147.3662,209.4248,-0.151977,0.977975
mock_06606,Bilayer,Blue,154.5146,179.1807,219.6523,-0.108732,0.70833
mock_06607,Few Layers,Green,114.3232,169.6533,149.7021,-0.219519,2.181791
mock_06608,Bulk,Yellow,188.0137,165.8613,122.1113,-0.29214,4.957823
mock_06609,Bilayer,Blue,154.582,179.3965,219.4414,-0.085134,0.660825
mock_06610,Trilayer,Purple-Blue,127.4053,147.3994,209.0049,-0.163294,0.857881
mock_06611,Bilayer,Blue,154.6045,179.291,219.6719,-0.08242,0.613673
mock_06612,Monolayer,Light Blue,189.2256,204.3545,237.2227,-0.027351,0.373928
mock_06613,Monolayer,Light Blue,189.6387,204.625,237.3105,-0.056642,0.311912
mock_06614,Monolayer,Light Blue,189.2852,204.5449,237.5654,-0.020955,0.297075
mock_06615,Monolayer,Light Blue,189.7227,204.082,237.3008,-0.064616,0.419039
mock_06616,Few Layers,Green,114.2646,169.1143,149.7441,-0.257077,2.192685
mock_06617,Trilayer,Purple-Blue,127.707,147.8262,209.8877,-0.157946,0.895415
mock_06618,Bilayer,Blue,154.3428,179.874,219.6123,-0.097977,0.621933
mock_06619,Monolayer,Light Blue,189.4434,204.5088,237.5264,-0.055529,0.300151
mock_06620,Few Layers,Green,114.543,169.9102,149.3574,-0.230038,2.24886
mock_06621,Bilayer,Blue,154.6113,179.4082,219.7012,-0.107735,0.614834
mock_06622,Few Layers,Green,114.6289,169.6045,149.5859,-0.253576,2.235784
mock_06623,Trilayer,Purple-Blue,127.5488,147.2461,209.3418,-0.171352,0.917149
mock_06624,Bulk,Yellow,187.8643,165.6504,121.5127,-0.310449,4.906378
mock_06625,Bulk,Yellow,187.7773,166.0381,121.709,-0.347935,5.160324
mock_06626,Trilayer,Purple-Blue,127.1523,147.6934,209.8701,-0.154381,0.997361
mock_06627,Few Layers,Green,114.708,169.4189,149.7021,-0.261354,2.247239
mock_06628,Bilayer,Blue,154.0732,179.5879,219.4385,-0.106054,0.721234
mock_06629,Bilayer,Blue,154.3838,179.3027,219.0498,-0.097834,0.658846
mock_06630,Bilayer,Blue,154.9668,179.0186,219.3018,-0.103733,0.807455
mock_06631,Bulk,Yellow,187.4395,165.4844,121.3984,-0.304213,5.076838
mock_06632,Bilayer,Blue,154.583,179.4912,219.377,-0.091125,0.678667
mock_06633,Bilayer,Blue,154.1455,179.8301,219.4736,-0.093352,0.730003
mock_06634,Bilayer,Blue,155.0742,179.4873,219.1709,-0.112833,0.594227
mock_06635,Trilayer,Purple-Blue,127.6113,147.4941,209.6074,-0.183599,0.92709
mock_06636,Bulk,Yellow,187.2549,165.6748,121.6172,-0.330259,5.011162
mock_06637,Monolayer,Light Blue,189.5107,204.8193,237.0176,-0.031149,0.234111
mock_06638,Monolayer,Light Blue,190.0684,204.2793,237.4326,-0.048371,0.304425
mock_06639,Trilayer,Purple-Blue,127.2314,146.9795,209.3965,-0.173473,0.943237
mock_06640,Bulk,Yellow,187.208,165.5957,121.2891,-0.30363,5.040759
mock_06641,Bilayer,Blue,154.7949,179.6211,219.7168,-0.05549,0.675197
mock_06642,Few Layers,Green,114.8955,169.3984,149.3184,-0.243037,2.334178
mock_06643,Bilayer,Blue,154.4336,179.7285,219.5664,-0.101505,0.895897
mock_06644,Trilayer,Purple-Blue,127.082,147.4189,209.3906,-0.163323,0.900915
mock_06645,Monolayer,Light Blue,189.1299,204.4609,237.5469,-0.0377,0.305263
mock_06646,Bulk,Yellow,187.8906,165.4648,121.5596,-0.317346,4.895324
mock_06647,Bulk,Yellow,187.6533,165.3242,121.8467,-0.316263,5.047152
mock_06648,Bulk,Yellow,187.4736,165.4111,121.71,-0.33387,5.164172
mock_06649,Bilayer,Blue,154.3633,179.5166,219.6006,-0.099972,0.648658
mock_06650,Trilayer,Purple-Blue,127.7148,147.6348,209.252,-0.156768,0.966462
mock_06651,Monolayer,Light Blue,189.4258,204.5605,237.2559,-0.021543,0.353428
mock_06652,Bulk,Yellow,187.2295,165.8428,121.4326,-0.296299,5.042942
mock_06653,Bilayer,Blue,154.3125,179.3799,219.876,-0.075724,0.635767
mock_06654,Trilayer,Purple-Blue,127.5371,147.25,209.835,-0.148483,0.969947
mock_06655,Monolayer,Light Blue,189.4766,204.9023,237.041,-0.067641,0.302062
mock_06656,Monolayer,Light Blue,189.4922,204.5762,237.8516,-0.045254,0.371558
mock_06657,Monolayer,Light Blue,189.2695,204.71,237.8057,-0.047136,0.326655
mock_06658,Few Layers,Green,113.8936,169.7236,149.6602,-0.23214,2.336336
mock_06659,Trilayer,Purple-Blue,127.6553,147.7744,209.709,-0.14045,0.995349
mock_06660,Bilayer,Blue,154.7676,179.8535,219.4209,-0.108597,0.751868
mock_06661,Trilayer,Purple-Blue,127.2842,147.3271,209.8379,-0.184834,0.859527
mock_06662,Bilayer,Blue,154.7461,179.9277,219.8799,-0.10111,0.753672
mock_06663,Few Layers,Green,114.4561,169.4697,149.3389,-0.239758,2.105479
mock_06664,Few Layers,Green,114.4502,169.8594,149.96,-0.238277,2.093561
mock_06665,Trilayer,Purple-Blue,127.1592,147.5732,209.7451,-0.176134,1.15178
mock_06666,Monolayer,Light Blue,189.5371,204.3145,237.501,-0.060787,0.334307
mock_06667,Monolayer,Light Blue,189.5654,204.6104,237.5586,-0.085573,0.427855
mock_06668,Trilayer,Purple-Blue,127.0566,147.8232,209.332,-0.181834,1.026481
mock_06669,Monolayer,Light Blue,189.3994,204.9678,237.2793,-0.058131,0.28132
mock_06670,Trilayer,Purple-Blue,126.999,147.123,209.2188,-0.150416,0.894545
mock_06671,Trilayer,Purple-Blue,127.0615,147.833,209.6719,-0.156591,0.951331
mock_06672,Monolayer,Light Blue,189.3564,204.1309,237.9072,-0.024611,0.477608
mock_06673,Monolayer,Light Blue,189.5996,204.418,238.0557,-0.032146,0.348901
mock_06674,Monolayer,Light Blue,189.7676,204.7158,237.2793,-0.033392,0.199875
mock_06675,Trilayer,Purple-Blue,127.4219,147.457,209.4531,-0.152944,0.984977
mock_06676,Bilayer,Blue,154.6855,179.2598,219.5625,-0.093118,0.557772
mock_06677,Bulk,Yellow,187.7627,165.3037,121.4795,-0.337639,5.041758
mock_06678,Bilayer,Blue,154.8857,179.9668,219.2803,-0.112034,0.591347
mock_06679,Bulk,Yellow,187.5322,165.4619,121.3486,-0.331412,5.039584
mock_06680,Bilayer,Blue,154.5771,180.1318,219.2979,-0.110087,0.697096
mock_06681,Bilayer,Blue,154.3584,179.333,219.5879,-0.108294,0.518538
mock_06682,Monolayer,Light Blue,189.6025,204.916,237.3574,-0.050589,0.251082
mock_06683,Trilayer,Purple-Blue,127.5039,147.6162,209.8789,-0.172415,0.915972
mock_06684,Few Layers,Green,114.2715,169.332,149.3594,-0.237895,2.369185
mock_06685,Monolayer,Light Blue,189.3311,204.5156,237.1709,-0.042795,0.269982
mock_06686,Monolayer,Light Blue,189.5889,204.4072,237.4629,-0.044438,0.302469
mock_06687,Monolayer,Light Blue,189.3906,204.8018,237.3984,-0.056902,0.330454
mock_06688,Monolayer,Light Blue,189.5371,204.6807,237.668,-0.043968,0.356
mock_06689,Monolayer,Light Blue,189.8467,204.7197,237.5049,-0.03719,0.229317
mock_06690,Trilayer,Purple-Blue,127.3154,147.4463,209.332,-0.155263,1.14189
mock_06691,Trilayer,Purple-Blue,127.5713,147.3623,209.252,-0.179826,1.005768
mock_06692,Few Layers,Green,114.2412,169.2354,149.6846,-0.235821,2.215149
mock_06693,Few Layers,Green,113.9268,169.3164,149.625,-0.22278,2.167484
mock_06694,Trilayer,Purple-Blue,127.1562,147.4619,209.4863,-0.170152,1.029466
mock_06695,Few Layers,Green,114.1348,169.2178,149.668,-0.259679,2.193354
mock_06696,Bilayer,Blue,153.9932,179.4082,219.7061,-0.114486,0.805253
mock_06697,Bilayer,Blue,154.7412,178.9512,219.9209,-0.100811,0.74788
mock_06698,Trilayer,Purple-Blue,127.0645,147.1631,209.6289,-0.18034,1.11778
mock_06699,Few Layers,Green,114.3379,169.3574,149.4346,-0.229172,2.101113
mock_06700,Trilayer,Purple-Blue,127.5645,147.5371,209.7305,-0.146118,0.906525
mock_06701,Few Layers,Green,114.9854,169.3457,149.668,-0.225001,2.152516
mock_06702,Few Layers,Green,114.6865,169.0059,149.4053,-0.251224,2.230288
mock_06703,Bilayer,Blue,154.3613,179.2246,219.4004,-0.104437,0.723021
mock_06704,Bilayer,Blue,154.999,179.2363,219.0234,-0.106008,0.435884
mock_06705,Few Layers,Green,114.6602,169.873,149.5439,-0.234063,2.062464
mock_06706,Monolayer,Light Blue,189.8701,204.2383,237.4141,-0.023378,0.432872
mock_06707,Monolayer,Light Blue,189.5635,204.543,236.8955,-0.062776,0.334462
mock_06708,Monolayer,Light Blue,189.8262,204.7002,237.0645,-0.050004,0.367554
mock_06709,Bilayer,Blue,153.9336,179.3271,219.2051,-0.118333,0.780455
mock_06710,Trilayer,Purple-Blue,127.0371,147.2656,209.9609,-0.147768,1.019016
mock_06711,Bilayer,Blue,154.2441,179.5967,219.6064,-0.115345,0.670743
mock_06712,Monolayer,Light Blue,189.6152,204.4316,237.249,-0.039954,0.352146
mock_06713,Bulk,Yellow,187.4482,165.501,121.9463,-0.313555,4.975742
mock_06714,Bulk,Yellow,187.7412,165.3184,121.4756,-0.31191,5.055357
mock_06715,Trilayer,Purple-Blue,127.5156,147.7852,209.4463,-0.141864,0.944044
mock_06716,Few Layers,Green,114.3193,169.6738,149.8145,-0.241038,2.149744
mock_06717,Few Layers,Green,114.5078,169.3643,149.5342,-0.246151,2.140624
mock_06718,Monolayer,Light Blue,189.5234,204.792,237.6084,-0.036116,0.397533
mock_06719,Trilayer,Purple-Blue,127.2842,147.3174,209.6152,-0.186815,1.026727
mock_06720,Bilayer,Blue,154.458,179.2354,219.6846,-0.104557,0.763423
mock_06721,Trilayer,Purple-Blue,127.8867,147.4287,209.1162,-0.156839,1.026764
mock_06722,Bulk,Yellow,187.0176,165.3506,121.5332,-0.305839,4.955243
mock_06723,Bilayer,Blue,154.7666,179.8096,219.6162,-0.118005,0.817022
mock_06724,Bilayer,Blue,154.5625,179.6758,219.0732,-0.122376,0.631456
mock_06725,Bilayer,Blue,154.249,178.9756,219.1201,-0.074908,0.639679
mock_06726,Bulk,Yellow,187.4072,165.8896,121.0723,-0.279151,4.981372
mock_06727,Trilayer,Purple-Blue,127.4658,147.6826,209.0771,-0.171751,0.97433
mock_06728,Monolayer,Light Blue,189.4717,204.207,237.4883,-0.040231,0.299627
mock_06729,Few Layers,Green,114.6104,169.4609,149.0566,-0.234636,2.187367
mock_06730,Monolayer,Light Blue,189.4023,204.2686,237.5312,-0.054923,0.462479
mock_06731,Bilayer,Blue,154.1689,179.3242,219.6221,-0.100752,0.700426
mock_06732,Monolayer,Light Blue,189.6582,204.748,237.0625,-0.062583,0.295818
mock_06733,Few Layers,Green,114.0488,169.9082,149.4492,-0.262179,2.203774
mock_06734,Bilayer,Blue,154.0986,179.8193,219.582,-0.104875,0.476799
mock_06735,Bulk,Yellow,187.5859,165.8037,121.2031,-0.322121,4.951981
mock_06736,Monolayer,Light Blue,189.5068,204.6426,237.4307,-0.071684,0.383336
mock_06737,Bilayer,Blue,155.0,179.2715,219.4072,-0.099191,0.807377
mock_06738,Few Layers,Green,114.3975,169.5186,149.5498,-0.270045,2.196703
mock_06739,Bilayer,Blue,154.7803,179.3945,219.5205,-0.09345,0.491995
mock_06740,Monolayer,Light Blue,189.6875,204.6826,237.2334,-0.045086,0.37379
mock_06741,Few Layers,Green,114.3906,168.9658,149.5303,-0.236204,2.233027
mock_06742,Monolayer,Light Blue,189.5742,204.3516,237.5508,-0.031932,0.366321
mock_06743,Trilayer,Purple-Blue,127.6699,147.665,210.0381,-0.169485,0.980761
mock_06744,Monolayer,Light Blue,189.3809,205.0234,237.2998,-0.030808,0.246592
mock_06745,Trilayer,Purple-Blue,127.3555,147.4219,209.6025,-0.156411,0.984696
mock_06746,Bulk,Yellow,187.7129,165.5195,121.4609,-0.322503,5.045887
mock_06747,Monolayer,Light Blue,189.0869,204.4951,237.2715,-0.069032,0.362237
mock_06748,Bilayer,Blue,154.7061,179.7295,219.2578,-0.116117,0.551391
mock_06749,Few Layers,Green,114.4219,169.8359,149.6514,-0.220853,2.274551
mock_06750,Few Layers,Green,114.5479,169.5908,149.3232,-0.226905,2.308647
mock_06751,Few Layers,Green,114.4473,169.4707,149.4678,-0.257693,2.269623
mock_06752,Bilayer,Blue,154.2734,179.3789,219.8301,-0.061402,0.674083
mock_06753,Monolayer,Light Blue,189.3047,204.8174,237.7266,-0.04261,0.353605
mock_06754,Monolayer,Light Blue,189.7148,204.5723,237.5098,-0.0631,0.125045
mock_06755,Few Layers,Green,114.8604,169.3271,150.0254,-0.200254,2.201817
mock_06756,Bilayer,Blue,154.5088,179.7734,219.4609,-0.109128,0.581938
mock_06757,Few Layers,Green,114.3223,169.8096,149.4268,-0.267255,2.123058
mock_06758,Few Layers,Green,114.5605,169.2285,149.7715,-0.245446,2.148466
mock_06759,Few Layers,Green,114.6084,169.2988,149.5273,-0.233739,2.229469
mock_06760,Bulk,Yellow,187.4883,165.3691,121.7344,-0.331414,5.016295
mock_06761,Bilayer,Blue,154.4727,179.3691,219.4473,-0.094856,0.733702
mock_06762,Monolayer,Light Blue,189.7314,204.3604,237.207,-0.051941,0.295601
mock_06763,Monolayer,Light Blue,189.75,204.4326,237.3203,-0.06501,0.303936
mock_06764,Monolayer,Light Blue,189.2988,204.5176,237.9541,-0.034838,0.177636
mock_06765,Few Layers,Green,114.3135,169.832,149.8096,-0.227479,2.265455
mock_06766,Monolayer,Light Blue,189.876,204.5801,236.9805,-0.056757,0.438191
mock_06767,Bilayer,Blue,154.6553,179.4492,220.0928,-0.088345,0.593133
mock_06768,Bulk,Yellow,187.7979,165.5273,121.3281,-0.324885,4.957879
mock_06769,Monolayer,Light Blue,189.2637,204.459,237.332,-0.046989,0.317958
mock_06770,Few Layers,Green,114.5654,169.3145,149.4189,-0.236015,2.295337
mock_06771,Monolayer,Light Blue,190.0039,203.8574,237.6611,-0.051816,0.136759
mock_06772,Bulk,Yellow,187.2979,164.9697,121.4912,-0.325375,5.064817
mock_06773,Monolayer,Light Blue,189.7734,204.8184,237.8818,-0.049394,0.437375
mock_06774,Few Layers,Green,114.7549,169.2998,149.2959,-0.234118,2.251145
mock_06775,Monolayer,Light Blue,188.998,204.9668,237.8916,-0.086529,0.130141
mock_06776,Bulk,Yellow,188.0391,165.2676,121.4053,-0.316815,4.94524
mock_06777,Bilayer,Blue,154.3457,179.2676,219.751,-0.095649,0.804867
mock_06778,Trilayer,Purple-Blue,127.6328,147.6084,209.54,-0.155583,0.981316
mock_06779,Monolayer,Light Blue,188.9785,204.6514,237.2822,-0.054412,0.268001
mock_06780,Bilayer,Blue,154.5508,179.1641,219.2158,-0.091723,0.60824
mock_06781,Bilayer,Blue,154.9238,179.4824,219.6221,-0.098145,0.621594
mock_06782,Trilayer,Purple-Blue,127.2471,147.0557,209.8398,-0.156174,0.887142
mock_06783,Monolayer,Light Blue,189.4717,204.3936,237.4824,-0.04969,0.272248
mock_06784,Monolayer,Light Blue,189.293,204.3984,237.4541,-0.057438,0.247183
mock_06785,Trilayer,Purple-Blue,127.4111,147.3584,209.6797,-0.169218,1.057846
mock_06786,Few Layers,Green,114.2812,169.6289,149.7969,-0.23688,2.269498
mock_06787,Bulk,Yellow,187.1826,165.5049,121.7822,-0.295623,4.986786
mock_06788,Few Layers,Green,114.3545,169.8613,149.3359,-0.242752,2.300759
mock_06789,Few Layers,Green,114.9531,169.6475,149.5654,-0.229387,2.167416
mock_06790,Monolayer,Light Blue,189.5547,204.5059,237.5566,-0.055065,0.175413
mock_06791,Few Layers,Green,114.4434,169.7686,149.5312,-0.224605,2.159325
mock_06792,Monolayer,Light Blue,189.7139,204.3193,237.2314,-0.045685,0.405929
mock_06793,Bilayer,Blue,154.3867,179.6084,219.6904,-0.094893,0.769178
mock_06794,Monolayer,Light Blue,189.5742,204.8066,236.9834,-0.064305,0.285382
mock_06795,Bulk,Yellow,187.5127,165.583,121.4639,-0.319765,4.886604
mock_06796,Few Layers,Green,114.5869,169.751,149.3604,-0.246846,2.053174
mock_06797,Bilayer,Blue,154.2607,179.8477,219.3857,-0.099642,0.629895
mock_06798,Few Layers,Green,114.502,169.3916,149.7441,-0.241082,2.249593
mock_06799,Bilayer,Blue,154.5459,179.292,219.498,-0.087242,0.660643
mock_06800,Trilayer,Purple-Blue,128.0234,147.8496,209.5791,-0.158952,0.95669
mock_06801,Monolayer,Light Blue,189.6885,204.4941,237.2822,-0.045529,0.267305
mock_06802,Monolayer,Light Blue,189.3281,204.5332,237.5518,-0.036555,0.168205
mock_06803,Bulk,Yellow,187.7422,165.5547,121.7822,-0.310101,5.022923
mock_06804,Few Layers,Green,114.4072,169.3496,149.4668,-0.231432,2.123021
mock_06805,Monolayer,Light Blue,189.6924,204.4785,237.5566,-0.041158,0.318056
mock_06806,Monolayer,Light Blue,189.4912,204.5518,237.7637,-0.06003,0.249734
mock_06807,Few Layers,Green,114.7549,170.0049,149.3623,-0.237499,2.140363
mock_06808,Trilayer,Purple-Blue,127.4395,147.4189,209.6836,-0.158663,0.968492
mock_06809,Bilayer,Blue,154.2266,179.7314,219.5127,-0.127437,0.687956
mock_06810,Monolayer,Light Blue,189.4648,204.9258,237.7881,-0.054774,0.407296
mock_06811,Bilayer,Blue,154.6553,179.374,219.1611,-0.100108,0.817963
mock_06812,Monolayer,Light Blue,189.666,204.4678,237.5703,-0.043086,0.408258
mock_06813,Monolayer,Light Blue,189.5869,204.7314,237.5791,-0.04882,0.370093
mock_06814,Monolayer,Light Blue,189.2168,204.8896,237.3857,-0.061226,0.460695
mock_06815,Trilayer,Purple-Blue,127.4287,147.458,209.5068,-0.183742,0.956211
mock_06816,Trilayer,Purple-Blue,127.2705,147.0527,209.4668,-0.156777,0.914271
mock_06817,Trilayer,Purple-Blue,127.5625,147.9258,209.334,-0.161741,1.001211
mock_06818,Bilayer,Blue,154.54,179.2715,219.0488,-0.103997,0.601689
mock_06819,Bilayer,Blue,154.4551,179.6533,219.7598,-0.106847,0.660485
mock_06820,Bulk,Yellow,187.3008,166.0156,121.1689,-0.289176,4.935426
mock_06821,Trilayer,Purple-Blue,127.2793,147.2109,209.7158,-0.184798,1.09587
mock_06822,Monolayer,Light Blue,189.1348,204.4648,237.708,-0.036298,0.286281
mock_06823,Bilayer,Blue,154.7773,179.708,219.0762,-0.113495,0.633405
mock_06824,Monolayer,Light Blue,189.3818,204.2539,237.665,-0.052259,0.337569
mock_06825,Bilayer,Blue,154.5195,179.3574,218.9941,-0.086095,0.578324
mock_06826,Trilayer,Purple-Blue,127.5703,147.4834,209.1416,-0.162605,1.080249
mock_06827,Bilayer,Blue,154.6387,179.6924,219.3926,-0.116187,0.566953
mock_06828,Monolayer,Light Blue,189.3223,204.6084,237.4199,-0.048369,0.270802
mock_06829,Trilayer,Purple-Blue,127.5029,147.8281,210.2207,-0.163337,1.027267
mock_06830,Bilayer,Blue,154.5791,179.0732,219.7822,-0.100961,0.637342
mock_06831,Monolayer,Light Blue,189.1699,204.4824,237.3018,-0.04716,0.190458
mock_06832,Monolayer,Light Blue,189.4502,204.6533,237.373,-0.033511,0.171003
mock_06833,Monolayer,Light Blue,189.6631,204.4658,237.4678,-0.076896,0.436293
mock_06834,Bulk,Yellow,187.2041,165.4883,121.9639,-0.320705,5.118826
mock_06835,Trilayer,Purple-Blue,127.7314,147.5488,209.7373,-0.140704,0.917079
mock_06836,Trilayer,Purple-Blue,127.1631,147.2979,209.3105,-0.154259,0.886558
mock_06837,Bilayer,Blue,154.4824,179.585,219.4521,-0.094455,0.68052
mock_06838,Bilayer,Blue,154.0,179.5195,219.4434,-0.08152,0.693029
mock_06839,Trilayer,Purple-Blue,127.2363,147.4648,209.4434,-0.162076,1.10861
mock_06840,Monolayer,Light Blue,189.6221,204.5918,237.5166,-0.021854,0.265959
mock_06841,Bulk,Yellow,187.9121,165.3604,121.4014,-0.338832,5.016181
mock_06842,Trilayer,Purple-Blue,127.3467,147.0576,209.2695,-0.172051,1.118099
mock_06843,Monolayer,Light Blue,189.2393,204.8154,237.5381,-0.03479,0.219276
mock_06844,Monolayer,Light Blue,189.8203,204.3994,236.9961,-0.054727,0.319392
mock_06845,Trilayer,Purple-Blue,127.4824,147.6055,209.3486,-0.155843,0.943634
mock_06846,Trilayer,Purple-Blue,127.6123,147.4902,209.585,-0.155507,1.045048
mock_06847,Bilayer,Blue,154.6104,179.3926,219.6699,-0.096569,0.56128
mock_06848,Bilayer,Blue,154.6045,179.3262,219.251,-0.098071,0.588488
mock_06849,Bulk,Yellow,187.6885,165.1006,121.4775,-0.319807,4.909684
mock_06850,Monolayer,Light Blue,189.7998,205.0674,237.3691,-0.050419,0.353921
mock_06851,Bilayer,Blue,154.543,179.6436,220.0146,-0.11312,0.794668
mock_06852,Bilayer,Blue,154.833,179.9541,219.4912,-0.107419,0.65934
mock_06853,Bilayer,Blue,154.3389,179.7441,219.4092,-0.095917,0.769924
mock_06854,Trilayer,Purple-Blue,127.001,147.5117,210.042,-0.14384,0.995766
mock_06855,Bulk,Yellow,187.4141,165.5469,121.7793,-0.289546,4.912352
mock_06856,Trilayer,Purple-Blue,127.1934,147.416,209.3428,-0.168215,1.101507
mock_06857,Monolayer,Light Blue,189.4248,204.3877,237.3643,-0.072093,0.347097
mock_06858,Trilayer,Purple-Blue,127.3467,147.3096,209.7705,-0.145704,1.12459
mock_06859,Trilayer,Purple-Blue,127.3291,147.8096,209.3105,-0.159456,0.940149
mock_06860,Trilayer,Purple-Blue,127.5332,147.5254,209.5869,-0.154891,1.020022
mock_06861,Trilayer,Purple-Blue,127.6777,147.6387,208.9824,-0.150823,1.034056
mock_06862,Monolayer,Light Blue,189.5508,204.459,237.7715,-0.06088,0.330443
mock_06863,Bilayer,Blue,154.6221,179.252,219.4648,-0.098846,0.60097
mock_06864,Few Layers,Green,114.4746,169.4297,149.5244,-0.244348,2.032527
mock_06865,Trilayer,Purple-Blue,127.5186,147.7227,209.4023,-0.178902,0.966326
mock_06866,Bilayer,Blue,154.3828,179.9502,219.6729,-0.116114,0.719386
mock_06867,Bilayer,Blue,154.8545,179.5557,219.4502,-0.119486,0.673311
mock_06868,Monolayer,Light Blue,189.6367,204.8945,237.5771,-0.045654,0.157434
mock_06869,Bulk,Yellow,187.6006,165.8145,121.2754,-0.325586,5.051829
mock_06870,Monolayer,Light Blue,189.3975,204.3262,237.5479,-0.041966,0.307875
mock_06871,Monolayer,Light Blue,189.6328,204.499,237.1182,-0.034383,0.387594
mock_06872,Bilayer,Blue,154.3184,179.3184,219.1396,-0.09223,0.786389
mock_06873,Trilayer,Purple-Blue,127.5205,147.252,209.2793,-0.139897,1.027495
mock_06874,Bilayer,Blue,154.2686,179.6689,219.4258,-0.089224,0.616112
mock_06875,Bilayer,Blue,154.5127,179.9209,219.3496,-0.083585,0.51275
mock_06876,Monolayer,Light Blue,189.2197,204.3721,237.5322,-0.061428,0.377209
mock_06877,Few Layers,Green,114.293,169.3477,149.3164,-0.26252,2.256994
mock_06878,Monolayer,Light Blue,189.4727,203.6396,237.4219,-0.055919,0.31288
mock_06879,Monolayer,Light Blue,189.6709,204.5811,237.5967,-0.019342,0.316507
mock_06880,Bulk,Yellow,187.1875,165.6172,122.1777,-0.328975,5.035145
mock_06881,Bulk,Yellow,187.4658,165.415,121.1006,-0.294408,4.890171
mock_06882,Monolayer,Light Blue,189.6299,204.9824,237.7354,-0.064326,0.345239
mock_06883,Bulk,Yellow,187.5322,165.5322,120.9873,-0.332364,4.932129
mock_06884,Few Layers,Green,114.0762,169.2002,149.5205,-0.248683,2.152793
mock_06885,Bilayer,Blue,154.5977,179.3281,219.6445,-0.088824,0.587316
mock_06886,Monolayer,Light Blue,189.1807,204.3545,237.1299,-0.038785,0.30287
mock_06887,Bulk,Yellow,187.4141,165.7373,121.7188,-0.321935,4.97268
mock_06888,Trilayer,Purple-Blue,127.8818,147.7441,209.2402,-0.166191,1.028966
mock_06889,Few Layers,Green,114.8271,169.5996,149.4189,-0.222229,2.202907
mock_06890,Trilayer,Purple-Blue,127.5898,147.3301,209.4775,-0.159043,0.865151
mock_06891,Trilayer,Purple-Blue,127.3398,147.3916,209.8477,-0.154333,1.022721
mock_06892,Monolayer,Light Blue,189.7422,204.0049,237.4414,-0.062795,0.286643
mock_06893,Few Layers,Green,114.7275,169.6484,149.5234,-0.218283,2.29497
mock_06894,Monolayer,Light Blue,189.4346,204.4727,237.71,-0.0528,0.256436
mock_06895,Bulk,Yellow,187.5957,165.6406,121.5137,-0.319788,4.850885
mock_06896,Monolayer,Light Blue,189.167,204.7432,237.2617,-0.051538,0.364415
mock_06897,Trilayer,Purple-Blue,127.1992,147.7725,209.8467,-0.15429,0.900094
mock_06898,Bilayer,Blue,154.2666,179.6064,220.1318,-0.098361,0.574702
mock_06899,Trilayer,Purple-Blue,127.7168,147.4414,209.9209,-0.165267,1.026427
mock_06900,Few Layers,Green,114.4443,169.5234,149.4062,-0.234224,2.261087
mock_06901,Bilayer,Blue,154.168,179.3828,220.0059,-0.101346,0.698277
mock_06902,Bilayer,Blue,154.4531,179.8223,219.71,-0.124251,0.604843
mock_06903,Bulk,Yellow,187.6006,165.5928,121.7695,-0.300387,5.034856
mock_06904,Monolayer,Light Blue,189.7041,204.6123,237.6465,-0.09273,0.294008
mock_06905,Monolayer,Light Blue,189.7002,204.9629,237.667,-0.053062,0.352014
mock_06906,Monolayer,Light Blue,189.3838,204.6133,237.4307,-0.071341,0.347943
mock_06907,Monolayer,Light Blue,189.7686,204.5449,237.1445,-0.067289,0.332865
mock_06908,Monolayer,Light Blue,189.293,204.3623,237.6562,-0.052805,0.267175
mock_06909,Trilayer,Purple-Blue,127.4141,147.7451,209.3516,-0.159687,1.029628
mock_06910,Trilayer,Purple-Blue,127.3242,147.6113,209.4834,-0.178395,0.967989
mock_06911,Trilayer,Purple-Blue,127.8623,147.1104,209.5947,-0.152899,0.98729
mock_06912,Bilayer,Blue,154.292,179.2344,219.6582,-0.105394,0.603885
mock_06913,Bilayer,Blue,154.3564,179.3818,219.6602,-0.118683,0.532368
mock_06914,Few Layers,Green,114.2861,169.249,149.4287,-0.251665,2.178662
mock_06915,Monolayer,Light Blue,188.8047,204.8906,237.6045,-0.059917,0.33324
mock_06916,Bulk,Yellow,187.8359,165.7354,121.3262,-0.30675,4.858473
mock_06917,Trilayer,Purple-Blue,127.8291,147.5225,209.6689,-0.190094,0.909648
mock_06918,Bulk,Yellow,187.5684,166.0312,121.0742,-0.329642,5.068261
mock_06919,Monolayer,Light Blue,189.2207,204.2627,237.8672,-0.081734,0.359212
mock_06920,Bilayer,Blue,154.1924,179.3379,219.6484,-0.092447,0.675742
mock_06921,Monolayer,Light Blue,189.2285,203.749,237.5098,-0.028762,0.19068
mock_06922,Monolayer,Light Blue,189.2031,204.2168,237.8076,-0.057346,0.269601
mock_06923,Few Layers,Green,114.2549,169.5986,149.2236,-0.252012,2.242541
mock_06924,Few Layers,Green,114.3887,169.4131,149.623,-0.236918,2.234185
mock_06925,Bulk,Yellow,187.1133,165.4541,121.3311,-0.31497,4.894712
mock_06926,Bilayer,Blue,154.3525,179.4609,219.0605,-0.093707,0.560638
mock_06927,Bilayer,Blue,154.7939,179.1143,219.4082,-0.08656,0.57856
mock_06928,Bilayer,Blue,153.832,179.417,219.8135,-0.095969,0.725974
mock_06929,Bilayer,Blue,154.3291,180.3281,219.543,-0.097212,0.720262
mock_06930,Few Layers,Green,114.1582,169.6807,148.9961,-0.259766,2.220097
mock_06931,Trilayer,Purple-Blue,127.8232,147.2129,209.3438,-0.153051,0.928741
mock_06932,Trilayer,Purple-Blue,127.7988,147.4443,209.3047,-0.147674,0.768434
mock_06933,Bulk,Yellow,187.5771,165.2354,121.585,-0.303503,4.969895
mock_06934,Bilayer,Blue,154.4434,179.8691,219.7998,-0.109353,0.521284
mock_06935,Monolayer,Light Blue,189.7598,205.2139,237.0088,-0.048308,0.254592
mock_06936,Monolayer,Light Blue,189.3789,204.8418,237.5449,-0.028972,0.207765
mock_06937,Few Layers,Green,114.3193,169.083,149.7109,-0.22845,2.117025
mock_06938,Bulk,Yellow,186.9336,165.3242,121.5361,-0.340639,4.982088
mock_06939,Bilayer,Blue,154.9785,179.1016,219.9482,-0.09261,0.601098
mock_06940,Monolayer,Light Blue,189.7207,204.5508,237.6445,-0.049811,0.164461
mock_06941,Few Layers,Green,114.4121,169.6074,149.7568,-0.236246,2.144743
mock_06942,Bulk,Yellow,187.626,165.3857,121.624,-0.306368,5.048674
mock_06943,Trilayer,Purple-Blue,127.3438,147.583,209.3477,-0.173936,0.958082
mock_06944,Monolayer,Light Blue,189.6045,204.4727,237.6826,-0.037153,0.247071
mock_06945,Few Layers,Green,114.8643,169.751,149.6914,-0.244444,2.115353
mock_06946,Bilayer,Blue,154.6777,179.6934,219.6113,-0.119419,0.582752
mock_06947,Bulk,Yellow,187.0332,165.29,121.5488,-0.349099,5.026698
mock_06948,Bulk,Yellow,187.1582,165.6338,121.7959,-0.301791,4.926089
mock_06949,Trilayer,Purple-Blue,127.4092,147.418,209.7188,-0.161862,0.990295
mock_06950,Few Layers,Green,114.6465,169.5859,149.2773,-0.267623,2.066611
mock_06951,Few Layers,Green,114.6504,169.2383,149.4736,-0.214975,2.120144
mock_06952,Monolayer,Light Blue,189.3438,204.5654,237.1641,-0.048086,0.299365
mock_06953,Bilayer,Blue,154.7812,179.1221,219.6182,-0.118127,0.562523
mock_06954,Bulk,Yellow,187.8213,165.4023,121.3311,-0.321891,4.932157
mock_06955,Bilayer,Blue,154.7754,179.3018,219.5244,-0.068947,0.635859
mock_06956,Monolayer,Light Blue,189.7139,204.373,237.2295,-0.03662,0.313707
mock_06957,Trilayer,Purple-Blue,127.0645,147.5771,209.541,-0.174948,0.962129
mock_06958,Monolayer,Light Blue,190.0049,204.5205,237.5508,-0.061394,0.292629
mock_06959,Trilayer,Purple-Blue,127.5518,148.0049,210.1338,-0.16153,0.948925
mock_06960,Bulk,Yellow,187.8701,165.04,121.5488,-0.333041,4.992689
mock_06961,Bilayer,Blue,154.1709,179.0713,219.959,-0.086163,0.574278
mock_06962,Trilayer,Purple-Blue,127.5391,147.8799,209.5693,-0.167938,1.090256
mock_06963,Bilayer,Blue,154.7227,179.1729,219.6377,-0.098529,0.735053
mock_06964,Few Layers,Green,114.2666,169.9863,149.8457,-0.228825,2.118368
mock_06965,Bulk,Yellow,187.4941,165.6123,121.2773,-0.328898,5.016034
mock_06966,Few Layers,Green,114.5635,169.4424,149.2051,-0.230697,2.321647
mock_06967,Monolayer,Light Blue,189.0635,204.2549,237.1396,-0.050956,0.418758
mock_06968,Bilayer,Blue,154.248,179.9023,219.416,-0.098495,0.684168
mock_06969,Bilayer,Blue,153.6309,179.4004,219.5742,-0.11046,0.678454
mock_06970,Few Layers,Green,114.2988,169.4795,149.7168,-0.231972,2.1964
mock_06971,Bulk,Yellow,187.8037,165.6738,121.5459,-0.315226,4.887209
mock_06972,Few Layers,Green,114.1406,169.5703,149.6299,-0.237635,2.30085
mock_06973,Monolayer,Light Blue,189.5674,204.6182,237.625,-0.050391,0.40658
mock_06974,Trilayer,Purple-Blue,127.8008,147.6846,209.709,-0.154745,1.099979
mock_06975,Bulk,Yellow,187.8574,165.3301,120.9854,-0.320902,5.131774
mock_06976,Bilayer,Blue,154.624,179.5449,218.8936,-0.095145,0.74338
mock_06977,Trilayer,Purple-Blue,127.9463,147.5459,209.3066,-0.162034,1.084343
mock_06978,Bilayer,Blue,154.3691,180.1924,219.4697,-0.118972,0.666303
mock_06979,Few Layers,Green,114.7471,169.5273,149.5166,-0.229749,2.299995
mock_06980,Trilayer,Purple-Blue,127.7383,147.1748,209.4688,-0.160705,1.031306
mock_06981,Monolayer,Light Blue,189.3115,204.2529,237.6162,-0.055461,0.328277
mock_06982,Bulk,Yellow,187.625,165.6846,121.8008,-0.326199,5.013729
mock_06983,Bulk,Yellow,187.8193,165.6562,121.8096,-0.328641,5.093637
mock_06984,Bilayer,Blue,154.793,179.8057,219.3799,-0.101131,0.784295
mock_06985,Bilayer,Blue,154.3584,179.3525,219.04,-0.062132,0.845248
mock_06986,Monolayer,Light Blue,189.8584,204.4131,237.4453,-0.039063,0.503978
mock_06987,Few Layers,Green,114.9336,169.7344,149.3984,-0.244499,2.261771
mock_06988,Bilayer,Blue,154.9902,179.3389,219.7725,-0.067557,0.608676
mock_06989,Few Layers,Green,113.9502,169.3477,149.8027,-0.244817,2.231741
mock_06990,Bilayer,Blue,154.5713,179.6221,219.3086,-0.096368,0.766374
mock_06991,Few Layers,Green,114.4365,169.8809,149.6455,-0.238936,2.097976
mock_06992,Monolayer,Light Blue,189.8574,204.7461,237.4551,-0.044041,0.212446
mock_06993,Bulk,Yellow,187.6123,165.4824,121.9707,-0.317606,5.01858
mock_06994,Bilayer,Blue,154.3662,179.5781,220.1738,-0.100633,0.777343
mock_06995,Bulk,Yellow,187.3311,165.4424,121.3018,-0.319399,4.933643
mock_06996,Monolayer,Light Blue,189.3809,204.2881,237.5156,-0.03698,0.366301
mock_06997,Few Layers,Green,114.9082,169.8291,149.8457,-0.22198,2.245487
mock_06998,Monolayer,Light Blue,189.5029,204.3125,237.3916,-0.030104,0.329688
mock_06999,Few Layers,Green,114.3271,169.4434,149.9805,-0.188109,2.267033
mock_07000,Monolayer,Light Blue,189.9248,204.2617,237.248,-0.051609,0.235957
mock_07001,Bilayer,Blue,154.8291,179.2686,219.1348,-0.109498,0.762299
mock_07002,Trilayer,Purple-Blue,127.6035,147.6113,209.8076,-0.17107,1.052035
mock_07003,Bilayer,Blue,154.5078,179.2656,219.834,-0.094935,0.65422
mock_07004,Few Layers,Green,114.708,169.4688,149.6904,-0.262361,2.248804
mock_07005,Monolayer,Light Blue,189.9404,204.8301,237.165,-0.084522,0.383896
mock_07006,Monolayer,Light Blue,189.459,204.0674,237.5547,-0.054425,0.333339
mock_07007,Few Layers,Green,114.7305,169.2676,149.25,-0.238074,2.133104
mock_07008,Trilayer,Purple-Blue,127.4316,147.9922,209.1484,-0.137533,0.780052
mock_07009,Bilayer,Blue,154.6533,179.8389,219.4961,-0.112378,0.946923
mock_07010,Bilayer,Blue,154.2178,179.6475,219.3164,-0.12594,0.522666
mock_07011,Bulk,Yellow,187.625,165.4004,121.6924,-0.321754,4.864897
mock_07012,Monolayer,Light Blue,189.792,204.0947,237.666,-0.037047,0.480134
mock_07013,Trilayer,Purple-Blue,127.9863,147.7158,209.6562,-0.156924,0.969732
mock_07014,Few Layers,Green,114.7754,169.3174,149.3174,-0.230793,2.220806
mock_07015,Trilayer,Purple-Blue,127.4082,147.3252,209.8564,-0.166205,0.954438
mock_07016,Bulk,Yellow,187.8145,165.5469,121.5078,-0.300471,5.007392
mock_07017,Bilayer,Blue,154.5635,179.2646,219.2871,-0.113147,0.744257
mock_07018,Trilayer,Purple-Blue,127.7803,147.1455,209.5674,-0.145953,1.000008
mock_07019,Trilayer,Purple-Blue,127.4199,147.3262,209.6807,-0.179159,1.068465
mock_07020,Trilayer,Purple-Blue,127.2148,147.1621,209.5137,-0.154314,1.069825
mock_07021,Monolayer,Light Blue,189.5986,204.4316,237.2549,-0.032758,0.426746
mock_07022,Bilayer,Blue,154.6582,179.6289,219.7969,-0.092588,0.672193
mock_07023,Bilayer,Blue,154.6006,179.6104,219.7432,-0.083419,0.596602
mock_07024,Few Layers,Green,114.4268,169.3477,149.6904,-0.249533,2.220408
mock_07025,Few Layers,Green,114.6963,169.4385,149.333,-0.246672,2.200569
mock_07026,Few Layers,Green,114.7793,169.96,149.0703,-0.241109,2.320405
mock_07027,Bilayer,Blue,154.1992,178.9902,219.5352,-0.087437,0.600991
mock_07028,Few Layers,Green,114.5352,169.5186,149.9502,-0.227042,2.271242
mock_07029,Monolayer,Light Blue,189.3682,204.2666,237.0039,-0.040045,0.353511
mock_07030,Bulk,Yellow,187.5049,165.5195,121.1211,-0.324326,5.083206
mock_07031,Bilayer,Blue,154.5098,179.1953,219.5889,-0.110767,0.659691
mock_07032,Few Layers,Green,114.3564,169.1885,149.6406,-0.2452,2.301938
mock_07033,Bilayer,Blue,154.8584,179.0723,219.293,-0.093896,0.745596
mock_07034,Monolayer,Light Blue,189.4961,204.6104,237.2861,-0.065166,0.326103
mock_07035,Trilayer,Purple-Blue,127.626,147.7793,209.6543,-0.151369,1.033882
mock_07036,Bulk,Yellow,187.665,165.3877,121.5029,-0.331678,5.054912
mock_07037,Bulk,Yellow,187.1865,165.1807,121.8848,-0.324458,5.023935
mock_07038,Trilayer,Purple-Blue,127.5967,147.4785,209.5381,-0.152077,1.156974
mock_07039,Bilayer,Blue,154.5664,179.5527,219.8252,-0.078044,0.706123
mock_07040,Monolayer,Light Blue,189.4658,204.4648,237.0283,-0.037927,0.510196
mock_07041,Few Layers,Green,114.3389,169.1074,149.6719,-0.23168,2.286825
mock_07042,Trilayer,Purple-Blue,127.5234,147.6318,209.4365,-0.167973,1.104489
mock_07043,Bilayer,Blue,154.5293,179.4629,219.0938,-0.120092,0.672089
mock_07044,Monolayer,Light Blue,189.4395,204.3125,237.7178,-0.045921,0.355346
mock_07045,Few Layers,Green,114.4209,168.9375,149.1865,-0.231512,2.121556
mock_07046,Few Layers,Green,114.0752,169.6484,149.6377,-0.217437,2.236251
mock_07047,Bilayer,Blue,154.4639,179.918,219.793,-0.099735,0.603127
mock_07048,Monolayer,Light Blue,189.4082,204.4551,237.3135,-0.049204,0.199183
mock_07049,Few Layers,Green,114.4307,169.123,149.791,-0.243405,2.240047
mock_07050,Bilayer,Blue,154.6533,179.6738,219.8037,-0.111218,0.632732
mock_07051,Bilayer,Blue,154.7363,179.2861,219.7998,-0.095962,0.625695
mock_07052,Trilayer,Purple-Blue,127.6016,147.4941,209.3154,-0.149671,0.917249
mock_07053,Few Layers,Green,114.3271,169.3545,149.1846,-0.238508,2.141272
mock_07054,Bilayer,Blue,154.4355,179.374,219.4141,-0.115035,0.694135
mock_07055,Few Layers,Green,114.3057,169.6221,149.2344,-0.246338,2.131942
mock_07056,Trilayer,Purple-Blue,126.9238,147.4102,209.6172,-0.168929,1.012619
mock_07057,Few Layers,Green,114.0801,169.71,149.708,-0.226974,2.221708
mock_07058,Bilayer,Blue,154.6045,179.5684,219.3125,-0.124466,0.716117
mock_07059,Bilayer,Blue,154.3193,179.6787,219.6367,-0.113971,0.662113
mock_07060,Trilayer,Purple-Blue,127.3428,147.7607,209.4746,-0.16899,0.944929
mock_07061,Bilayer,Blue,154.2002,179.834,219.585,-0.090538,0.634136
mock_07062,Few Layers,Green,114.6553,169.3555,149.8164,-0.246505,2.213967
mock_07063,Bulk,Yellow,187.3516,165.5879,121.4492,-0.336855,5.112232
mock_07064,Monolayer,Light Blue,189.4678,204.1064,237.1777,-0.05247,0.410827
mock_07065,Monolayer,Light Blue,189.2344,204.5889,237.4824,-0.046847,0.284411
mock_07066,Few Layers,Green,114.6797,169.5264,149.6016,-0.218059,2.171853
mock_07067,Monolayer,Light Blue,189.7051,204.3682,237.5283,-0.039041,0.37228
mock_07068,Monolayer,Light Blue,189.3057,204.3262,237.6064,-0.044184,0.415841
mock_07069,Few Layers,Green,114.2324,169.4189,149.3301,-0.260648,2.067295
mock_07070,Bulk,Yellow,187.293,166.0752,121.5527,-0.335324,4.979375
mock_07071,Trilayer,Purple-Blue,127.4775,147.5283,209.1387,-0.176556,1.034828
mock_07072,Trilayer,Purple-Blue,127.5137,147.5186,209.2227,-0.164301,1.006469
mock_07073,Bulk,Yellow,187.1973,165.1045,121.5293,-0.319123,4.876
mock_07074,Trilayer,Purple-Blue,127.6025,147.1641,209.3359,-0.145052,1.08258
mock_07075,Bilayer,Blue,154.3984,179.374,219.2246,-0.075585,0.658645
mock_07076,Monolayer,Light Blue,189.8662,204.5547,237.1396,-0.043197,0.345348
mock_07077,Monolayer,Light Blue,189.3906,204.1885,237.1768,-0.089889,0.194215
mock_07078,Trilayer,Purple-Blue,127.4111,147.4492,208.8047,-0.157649,0.890731
mock_07079,Bilayer,Blue,154.6992,179.6885,219.1729,-0.113792,0.748995
mock_07080,Bilayer,Blue,154.6367,179.5312,218.9717,-0.116656,0.486136
mock_07081,Bulk,Yellow,187.5078,165.2432,121.0957,-0.33374,5.000108
mock_07082,Bilayer,Blue,154.8604,179.4521,219.749,-0.103213,0.733758
mock_07083,Trilayer,Purple-Blue,127.4463,147.5127,209.5293,-0.180517,0.941381
mock_07084,Bilayer,Blue,154.5957,179.3994,219.1934,-0.089903,0.554367
mock_07085,Bilayer,Blue,154.9375,178.9395,219.3271,-0.07464,0.614863
mock_07086,Few Layers,Green,114.4531,169.5566,149.3926,-0.247464,2.158098
mock_07087,Bulk,Yellow,187.7373,164.9424,121.5527,-0.328663,5.020804
mock_07088,Trilayer,Purple-Blue,127.3398,147.5459,209.1738,-0.15253,1.098749
mock_07089,Bilayer,Blue,154.9561,179.7061,219.4658,-0.106849,0.716273
mock_07090,Bulk,Yellow,187.3516,165.5596,121.8545,-0.337922,4.835909
mock_07091,Bulk,Yellow,187.8008,165.2725,121.6582,-0.308697,5.00922
mock_07092,Bulk,Yellow,187.2139,165.4346,121.4482,-0.353473,5.050397
mock_07093,Trilayer,Purple-Blue,128.123,147.7119,209.2783,-0.153248,1.015763
mock_07094,Monolayer,Light Blue,189.3838,204.4756,237.4893,-0.051012,0.340433
mock_07095,Few Layers,Green,114.415,169.5801,149.2617,-0.224168,2.08421
mock_07096,Few Layers,Green,113.957,169.3916,149.4355,-0.256498,2.134759
mock_07097,Trilayer,Purple-Blue,127.7334,147.293,209.6758,-0.142447,1.077838
mock_07098,Bilayer,Blue,154.6748,179.4805,219.8975,-0.104148,0.60648
mock_07099,Trilayer,Purple-Blue,127.1211,147.6953,209.2129,-0.155327,0.908865
mock_07100,Monolayer,Light Blue,189.5732,204.498,237.0781,-0.058972,0.370832
mock_07101,Few Layers,Green,114.5537,169.3232,149.0781,-0.249381,2.141322
mock_07102,Few Layers,Green,114.582,169.375,149.3535,-0.256997,2.303793
mock_07103,Trilayer,Purple-Blue,127.2354,147.3936,209.6953,-0.171792,0.888095
mock_07104,Bilayer,Blue,154.5898,179.5234,219.4287,-0.097617,0.630106
mock_07105,Trilayer,Purple-Blue,127.4326,147.7256,209.6543,-0.18671,1.002187
mock_07106,Few Layers,Green,114.6094,169.5332,149.4434,-0.22427,2.13764
mock_07107,Bilayer,Blue,154.7344,179.1611,219.2559,-0.114912,0.773926
mock_07108,Trilayer,Purple-Blue,127.415,147.6318,209.877,-0.149859,0.88343
mock_07109,Monolayer,Light Blue,189.6924,204.2939,237.5664,-0.047131,0.237928
mock_07110,Trilayer,Purple-Blue,127.415,147.3135,209.0361,-0.183339,1.052134
mock_07111,Trilayer,Purple-Blue,127.4648,147.4268,209.5156,-0.17238,0.978052
mock_07112,Monolayer,Light Blue,189.5283,204.1807,237.0332,-0.033564,0.392899
mock_07113,Bilayer,Blue,154.1748,179.8916,219.5088,-0.091305,0.696055
mock_07114,Monolayer,Light Blue,189.5371,204.6436,237.6045,-0.057493,0.236894
mock_07115,Monolayer,Light Blue,189.6514,204.7744,237.6318,-0.067081,0.292156
mock_07116,Trilayer,Purple-Blue,127.9355,147.7676,209.3408,-0.15781,1.074045
mock_07117,Monolayer,Light Blue,189.1201,204.2119,237.3057,-0.045731,0.437633
mock_07118,Bilayer,Blue,154.293,179.1699,219.3174,-0.118463,0.613257
mock_07119,Few Layers,Green,114.4541,169.5312,150.2832,-0.234586,2.178687
mock_07120,Few Layers,Green,114.249,169.1377,149.5693,-0.247762,2.289072
mock_07121,Bilayer,Blue,154.3779,179.8008,219.6758,-0.084541,0.818689
mock_07122,Trilayer,Purple-Blue,127.3369,147.3857,209.4229,-0.174662,1.082393
mock_07123,Monolayer,Light Blue,189.3701,204.6436,237.1992,-0.039491,0.38202
mock_07124,Few Layers,Green,114.7285,168.9639,149.6621,-0.221317,2.212169
mock_07125,Monolayer,Light Blue,189.918,204.1055,237.4355,-0.061889,0.329106
mock_07126,Bilayer,Blue,154.7158,179.2412,219.6191,-0.100831,0.767743
mock_07127,Monolayer,Light Blue,189.4375,204.6572,237.3428,-0.06676,0.383213
mock_07128,Bulk,Yellow,187.4785,165.7871,121.2578,-0.319411,5.038159
mock_07129,Monolayer,Light Blue,189.292,204.2949,237.3008,-0.06944,0.371987
mock_07130,Few Layers,Green,114.7949,169.5918,149.5361,-0.246754,2.210016
mock_07131,Bulk,Yellow,187.3984,165.4004,121.5098,-0.327182,5.013523
mock_07132,Bilayer,Blue,154.7979,179.4297,219.3965,-0.091691,0.819861
mock_07133,Few Layers,Green,115.2412,169.4463,149.6777,-0.219386,2.16062
mock_07134,Bilayer,Blue,154.5176,179.4629,219.5742,-0.073701,0.74554
mock_07135,Bulk,Yellow,187.4512,165.4502,121.0176,-0.305595,4.980844
mock_07136,Monolayer,Light Blue,189.3447,204.6094,237.9082,-0.088499,0.361013
mock_07137,Trilayer,Purple-Blue,127.6572,147.7568,209.0312,-0.159244,1.080421
mock_07138,Bilayer,Blue,154.1377,179.3594,219.6689,-0.100244,0.701242
mock_07139,Monolayer,Light Blue,189.5195,204.4033,237.2949,-0.033295,0.406274
mock_07140,Trilayer,Purple-Blue,127.5498,147.2656,209.082,-0.153067,0.845965
mock_07141,Monolayer,Light Blue,189.8711,204.8301,237.502,-0.054796,0.239239
mock_07142,Bilayer,Blue,154.5146,179.5342,219.3818,-0.091171,0.681639
mock_07143,Trilayer,Purple-Blue,127.4336,147.4531,209.6045,-0.147742,0.977191
mock_07144,Monolayer,Light Blue,189.793,204.5381,237.5381,-0.052105,0.341671
mock_07145,Monolayer,Light Blue,189.6436,204.5137,237.4863,-0.042652,0.316598
mock_07146,Bulk,Yellow,187.71,165.5283,121.4512,-0.32148,4.878483
mock_07147,Trilayer,Purple-Blue,127.6123,147.0107,209.5205,-0.15586,0.932252
mock_07148,Trilayer,Purple-Blue,127.627,147.4521,209.8096,-0.183824,1.141427
mock_07149,Trilayer,Purple-Blue,127.6221,147.2129,209.2578,-0.15377,1.151595
mock_07150,Bulk,Yellow,187.2275,165.1299,121.4141,-0.329505,5.147717
mock_07151,Bilayer,Blue,154.6309,179.1201,219.0654,-0.116906,0.634932
mock_07152,Few Layers,Green,114.4648,169.2002,149.165,-0.238123,2.095485
mock_07153,Bulk,Yellow,187.8721,165.5654,121.3691,-0.311184,5.046762
mock_07154,Few Layers,Green,114.0107,169.3564,149.2607,-0.252098,2.335107
mock_07155,Bulk,Yellow,187.6416,165.1592,121.4893,-0.310372,5.108554
mock_07156,Monolayer,Light Blue,189.7402,204.1689,237.1484,-0.050934,0.305178
mock_07157,Bilayer,Blue,154.7725,179.1875,219.3369,-0.102743,0.64349
mock_07158,Bilayer,Blue,154.877,179.0176,219.4541,-0.082476,0.744947
mock_07159,Trilayer,Purple-Blue,127.4336,147.7383,210.0146,-0.183805,1.207339
mock_07160,Bulk,Yellow,187.6299,165.5811,122.2412,-0.305694,5.048454
mock_07161,Trilayer,Purple-Blue,127.8848,147.2109,209.748,-0.141608,1.1073
mock_07162,Few Layers,Green,114.3252,169.6523,149.7334,-0.237672,2.0799
mock_07163,Trilayer,Purple-Blue,127.5928,147.1494,209.5977,-0.153558,0.915063
mock_07164,Few Layers,Green,114.6465,169.7119,149.6182,-0.25258,2.216595
mock_07165,Monolayer,Light Blue,189.2012,204.6494,237.3594,-0.047581,0.289771
mock_07166,Few Layers,Green,114.1797,169.3467,149.4727,-0.232003,2.15291
mock_07167,Monolayer,Light Blue,189.5459,204.4199,237.416,-0.045617,0.420714
mock_07168,Few Layers,Green,114.4424,169.627,149.7217,-0.204378,2.057188
mock_07169,Bilayer,Blue,154.6123,179.7217,219.4609,-0.09877,0.639718
mock_07170,Bilayer,Blue,154.2715,179.5264,219.6211,-0.075482,0.561465
mock_07171,Bilayer,Blue,154.5156,179.9551,219.5293,-0.06502,0.623648
mock_07172,Bilayer,Blue,154.7979,179.46,219.3271,-0.106261,0.590683
mock_07173,Trilayer,Purple-Blue,127.4648,147.4727,209.1797,-0.160141,0.903838
mock_07174,Bilayer,Blue,154.3906,179.623,219.5352,-0.088473,0.727725
mock_07175,Trilayer,Purple-Blue,127.9258,147.7666,209.5137,-0.193585,1.015098
mock_07176,Trilayer,Purple-Blue,127.7695,147.3623,209.5605,-0.18609,0.957581
mock_07177,Bulk,Yellow,187.7734,166.042,121.498,-0.308432,4.827433
mock_07178,Bulk,Yellow,187.6221,165.5479,121.166,-0.322999,4.992306
mock_07179,Monolayer,Light Blue,189.1406,204.4922,237.4834,-0.041528,0.191123
mock_07180,Trilayer,Purple-Blue,127.3389,147.2793,209.5361,-0.144635,1.002926
mock_07181,Monolayer,Light Blue,189.0938,204.5918,237.5537,-0.056116,0.258688
mock_07182,Few Layers,Green,114.3428,169.1064,149.4863,-0.198097,2.137252
mock_07183,Trilayer,Purple-Blue,127.457,147.7021,209.7217,-0.131715,1.048474
mock_07184,Trilayer,Purple-Blue,127.5576,147.2197,209.9131,-0.177389,1.05015
mock_07185,Trilayer,Purple-Blue,127.1875,147.5244,209.5576,-0.153276,0.88167
mock_07186,Trilayer,Purple-Blue,127.6074,147.4512,209.2422,-0.177257,0.978358
mock_07187,Bilayer,Blue,154.4346,179.6455,219.6484,-0.093539,0.820682
mock_07188,Few Layers,Green,114.9375,169.5293,149.96,-0.221548,2.183897
mock_07189,Monolayer,Light Blue,189.1133,204.7139,237.0908,-0.087129,0.30023
mock_07190,Trilayer,Purple-Blue,127.3379,147.4082,209.7939,-0.150846,1.065462
mock_07191,Trilayer,Purple-Blue,127.2256,147.9395,209.0625,-0.117242,1.109694
mock_07192,Bilayer,Blue,154.5586,179.7031,219.3691,-0.093688,0.517945
mock_07193,Monolayer,Light Blue,189.4502,204.2422,237.5908,-0.049088,0.361541
mock_07194,Trilayer,Purple-Blue,127.4883,147.501,209.791,-0.173116,1.086386
mock_07195,Few Layers,Green,114.9854,169.1504,149.7734,-0.239258,2.125459
mock_07196,Bilayer,Blue,154.3486,179.9297,219.7256,-0.123534,0.603135
mock_07197,Monolayer,Light Blue,189.3594,204.5791,237.4697,-0.057243,0.235321
mock_07198,Monolayer,Light Blue,189.4404,204.5264,237.0723,-0.029209,0.328087
mock_07199,Trilayer,Purple-Blue,127.4834,147.7451,209.375,-0.17939,1.023531
mock_07200,Trilayer,Purple-Blue,127.2842,147.876,209.3584,-0.150954,1.073603
mock_07201,Bilayer,Blue,154.4502,179.3037,219.5967,-0.069336,0.611766
mock_07202,Monolayer,Light Blue,189.1143,204.4062,237.7246,-0.037307,0.385439
mock_07203,Trilayer,Purple-Blue,127.5039,147.8135,209.3789,-0.147351,1.020573
mock_07204,Bilayer,Blue,154.5918,179.3408,219.2617,-0.096519,0.771663
mock_07205,Bulk,Yellow,187.4688,165.6963,121.3037,-0.317484,5.005304
mock_07206,Bilayer,Blue,154.5391,179.626,219.7969,-0.123796,0.612576
mock_07207,Trilayer,Purple-Blue,127.332,147.2578,209.501,-0.169068,0.904227
mock_07208,Bulk,Yellow,187.6416,165.4316,121.0381,-0.349915,4.878929
mock_07209,Bilayer,Blue,154.5596,179.1748,219.3389,-0.066985,0.538978
mock_07210,Bilayer,Blue,154.6045,179.5879,219.3867,-0.084314,0.797137
mock_07211,Monolayer,Light Blue,189.418,204.79,237.2607,-0.067775,0.366413
mock_07212,Bilayer,Blue,154.2754,179.6406,219.8496,-0.114048,0.553726
mock_07213,Few Layers,Green,114.332,169.5029,149.4902,-0.239677,2.233284
mock_07214,Bilayer,Blue,154.5049,179.3994,219.5557,-0.094218,0.671213
mock_07215,Few Layers,Green,114.8223,169.1826,149.5889,-0.229781,2.18369
mock_07216,Trilayer,Purple-Blue,127.3936,147.8477,209.3428,-0.135776,1.124431
mock_07217,Trilayer,Purple-Blue,127.5801,147.3525,209.3223,-0.136587,0.974997
mock_07218,Bilayer,Blue,153.9736,179.3496,219.8486,-0.102607,0.782884
mock_07219,Few Layers,Green,114.0576,169.8252,150.3311,-0.233003,2.131884
mock_07220,Bulk,Yellow,187.3262,165.666,121.4502,-0.330281,5.07323
mock_07221,Bilayer,Blue,154.0801,179.6611,219.8867,-0.091072,0.684482
mock_07222,Monolayer,Light Blue,189.9766,204.6289,237.2549,-0.055981,0.336575
mock_07223,Monolayer,Light Blue,189.4531,204.6543,237.5732,-0.038125,0.427823
mock_07224,Few Layers,Green,114.2441,169.459,149.2832,-0.251589,2.138235
mock_07225,Bulk,Yellow,187.2461,164.7354,121.8906,-0.326602,5.107048
mock_07226,Few Layers,Green,114.5332,168.8691,149.9092,-0.250961,2.356845
mock_07227,Bilayer,Blue,154.7764,179.6025,219.3682,-0.09189,0.694544
mock_07228,Bulk,Yellow,187.501,165.3447,121.4834,-0.308652,4.825232
mock_07229,Bilayer,Blue,154.6299,179.1982,219.5986,-0.098518,0.749055
mock_07230,Monolayer,Light Blue,189.2158,204.2744,237.2383,-0.031359,0.256086
mock_07231,Monolayer,Light Blue,189.7959,204.3711,237.751,-0.036579,0.324652
mock_07232,Bilayer,Blue,154.5723,179.7148,219.6514,-0.089542,0.676569
mock_07233,Trilayer,Purple-Blue,127.2842,147.1836,209.2627,-0.161706,0.958779
mock_07234,Bilayer,Blue,154.7432,178.7676,219.0322,-0.091802,0.718178
mock_07235,Trilayer,Purple-Blue,127.4053,147.6143,209.4492,-0.135953,1.077845
mock_07236,Monolayer,Light Blue,189.2803,204.5947,237.3955,-0.042314,0.459113
mock_07237,Monolayer,Light Blue,189.6543,204.3164,237.1172,-0.059566,0.309917
mock_07238,Bilayer,Blue,154.3984,179.5684,219.8438,-0.093042,0.523367
mock_07239,Trilayer,Purple-Blue,127.8203,147.4678,209.4766,-0.167643,0.922303
mock_07240,Monolayer,Light Blue,189.4551,204.1064,237.4893,-0.042805,0.386972
mock_07241,Bilayer,Blue,154.585,179.4521,219.8584,-0.091176,0.662914
mock_07242,Monolayer,Light Blue,189.5781,204.8613,237.5723,-0.077916,0.306275
mock_07243,Few Layers,Green,114.5127,169.4062,149.4805,-0.238692,2.081409
mock_07244,Trilayer,Purple-Blue,127.7861,147.6152,209.3271,-0.157484,1.023371
mock_07245,Monolayer,Light Blue,189.4844,204.457,237.4355,-0.051465,0.205079
mock_07246,Bilayer,Blue,154.0205,179.0166,219.6826,-0.073395,0.662568
mock_07247,Bulk,Yellow,187.8711,164.9922,121.7861,-0.329326,5.15793
mock_07248,Bilayer,Blue,154.8252,179.3691,219.8447,-0.100578,0.662801
mock_07249,Monolayer,Light Blue,189.3525,204.3721,237.5254,-0.06036,0.381456
mock_07250,Bulk,Yellow,187.415,165.5566,121.624,-0.323551,4.898898
mock_07251,Monolayer,Light Blue,189.3359,204.2422,237.4307,-0.075778,0.403139
mock_07252,Few Layers,Green,114.4521,169.8223,149.8594,-0.240241,2.17963
mock_07253,Bilayer,Blue,154.5361,179.6455,219.5986,-0.110484,0.707211
mock_07254,Trilayer,Purple-Blue,127.6973,147.5029,208.999,-0.171669,0.940396
mock_07255,Bilayer,Blue,154.9805,179.7256,219.8203,-0.088136,0.750335
mock_07256,Few Layers,Green,114.6006,169.2979,149.3281,-0.227371,2.243763
mock_07257,Bilayer,Blue,154.7139,179.5918,219.7734,-0.107338,0.775712
mock_07258,Bulk,Yellow,187.6074,165.502,121.7334,-0.315226,5.070212
mock_07259,Bilayer,Blue,154.6113,179.2578,219.3848,-0.100493,0.638781
mock_07260,Monolayer,Light Blue,189.5361,204.835,237.709,-0.060842,0.400828
mock_07261,Trilayer,Purple-Blue,127.6152,147.2529,209.7783,-0.166744,1.01981
mock_07262,Trilayer,Purple-Blue,127.4639,147.418,209.5166,-0.142418,1.055089
mock_07263,Bilayer,Blue,154.6641,179.1699,219.501,-0.1134,0.644541
mock_07264,Bilayer,Blue,154.335,179.5918,219.2891,-0.104136,0.559053
mock_07265,Trilayer,Purple-Blue,127.2354,147.5967,209.0898,-0.198463,1.093235
mock_07266,Bulk,Yellow,187.3506,165.625,121.3936,-0.335518,4.90552
mock_07267,Monolayer,Light Blue,189.2393,203.8945,237.1621,-0.078483,0.228397
mock_07268,Bilayer,Blue,154.041,179.9551,219.6172,-0.09948,0.656351
mock_07269,Trilayer,Purple-Blue,127.4033,147.5,209.3145,-0.170958,0.976991
mock_07270,Trilayer,Purple-Blue,127.6113,147.8643,209.9307,-0.16573,0.893225
mock_07271,Monolayer,Light Blue,189.5654,204.5332,237.1133,-0.050902,0.25615
mock_07272,Trilayer,Purple-Blue,127.9463,147.457,209.3916,-0.165722,0.89482
mock_07273,Trilayer,Purple-Blue,127.4746,147.4453,209.0361,-0.140758,1.020867
mock_07274,Monolayer,Light Blue,189.6289,204.2969,237.4297,-0.041223,0.26994
mock_07275,Bilayer,Blue,154.6016,179.6709,219.7988,-0.111823,0.718321
mock_07276,Few Layers,Green,114.1416,169.8164,149.8545,-0.250922,2.081114
mock_07277,Few Layers,Green,114.8262,169.4414,149.0527,-0.251097,2.189965
mock_07278,Monolayer,Light Blue,189.4404,204.2422,237.0107,-0.054142,0.317755
mock_07279,Few Layers,Green,114.3857,169.2783,149.7734,-0.239654,2.092635
mock_07280,Trilayer,Purple-Blue,127.4424,147.2354,209.4805,-0.173128,0.981305
mock_07281,Bulk,Yellow,187.3018,165.3408,121.4775,-0.333778,4.981779
mock_07282,Bilayer,Blue,154.4102,179.7773,219.4375,-0.09939,0.728985
mock_07283,Bulk,Yellow,187.3809,165.6807,120.9668,-0.317868,5.064873
mock_07284,Monolayer,Light Blue,189.2588,204.8008,237.7207,-0.050105,0.304357
mock_07285,Bilayer,Blue,154.3184,179.4385,219.5469,-0.115231,0.600937
mock_07286,Bulk,Yellow,187.5557,165.1689,120.915,-0.336737,4.977122
mock_07287,Few Layers,Green,114.7812,169.5381,149.0957,-0.23705,2.150255
mock_07288,Monolayer,Light Blue,189.21,203.71,237.2588,-0.063458,0.257621
mock_07289,Bulk,Yellow,187.3613,165.4385,121.5527,-0.35299,4.972888
mock_07290,Bilayer,Blue,154.293,179.4678,219.4385,-0.087492,0.609341
mock_07291,Bulk,Yellow,187.4434,165.8271,121.5811,-0.310591,5.094331
mock_07292,Few Layers,Green,114.5703,169.8887,149.5586,-0.24368,2.244822
mock_07293,Few Layers,Green,114.8174,169.3193,149.4453,-0.217963,2.25298
mock_07294,Bilayer,Blue,154.4941,179.9932,219.5352,-0.098284,0.703303
mock_07295,Monolayer,Light Blue,189.6494,204.3877,237.3633,-0.05209,0.47629
mock_07296,Bulk,Yellow,187.2754,165.6855,121.2842,-0.329096,4.900214
mock_07297,Trilayer,Purple-Blue,127.1963,147.5117,209.3643,-0.175902,1.023158
mock_07298,Trilayer,Purple-Blue,127.7793,147.9736,209.8574,-0.1505,0.963799
mock_07299,Bilayer,Blue,154.3613,179.8154,219.2207,-0.102755,0.484939
mock_07300,Bilayer,Blue,154.6328,179.8438,219.6982,-0.067846,0.661435
mock_07301,Few Layers,Green,114.877,169.4785,149.6787,-0.247546,2.09423
mock_07302,Few Layers,Green,114.21,169.2637,149.3936,-0.222873,2.206195
mock_07303,Bilayer,Blue,154.8008,179.7578,219.5977,-0.064527,0.503629
mock_07304,Bilayer,Blue,154.6094,179.2578,219.3281,-0.122669,0.760988
mock_07305,Few Layers,Green,113.9912,169.5674,149.252,-0.236399,2.197261
mock_07306,Monolayer,Light Blue,189.1348,204.3799,237.4248,-0.038881,0.269352
mock_07307,Bulk,Yellow,187.5811,165.3691,121.3486,-0.329559,4.91188
mock_07308,Few Layers,Green,114.3213,169.3096,149.085,-0.232516,2.289198
mock_07309,Monolayer,Light Blue,189.1836,204.4238,237.3359,-0.047512,0.41463
mock_07310,Monolayer,Light Blue,189.6553,204.1758,237.3438,-0.045326,0.353468
mock_07311,Monolayer,Light Blue,189.1562,204.5791,237.2969,-0.043203,0.381775
mock_07312,Few Layers,Green,114.6309,169.2676,149.5908,-0.213676,2.087637
mock_07313,Bilayer,Blue,154.5059,179.8672,219.791,-0.125033,0.635269
mock_07314,Monolayer,Light Blue,189.7842,204.4785,237.5391,-0.026316,0.327227
mock_07315,Bilayer,Blue,154.4014,179.6914,219.5117,-0.10304,0.630847
mock_07316,Monolayer,Light Blue,189.7393,204.4258,237.9189,-0.042814,0.322241
mock_07317,Trilayer,Purple-Blue,127.7803,147.6406,209.7178,-0.172577,1.016095
mock_07318,Trilayer,Purple-Blue,127.3057,147.8008,209.79,-0.166962,0.945988
mock_07319,Trilayer,Purple-Blue,128.2598,147.251,209.625,-0.152454,1.121377
mock_07320,Bilayer,Blue,155.0166,179.4033,219.6299,-0.142909,0.722283
mock_07321,Trilayer,Purple-Blue,127.5498,147.4492,209.1025,-0.172122,1.006747
mock_07322,Bilayer,Blue,154.5479,179.373,219.4111,-0.105518,0.671909
mock_07323,Bilayer,Blue,154.8662,179.1055,219.6602,-0.09596,0.609786
mock_07324,Bilayer,Blue,154.707,179.5703,219.3574,-0.094656,0.696546
mock_07325,Bulk,Yellow,187.2012,165.542,121.5996,-0.318543,5.028926
mock_07326,Monolayer,Light Blue,189.4727,204.5625,237.7822,-0.056582,0.421339
mock_07327,Few Layers,Green,114.7891,169.1865,149.8369,-0.237954,2.175375
mock_07328,Monolayer,Light Blue,189.7715,204.4053,237.3213,-0.052388,0.425172
mock_07329,Trilayer,Purple-Blue,127.4521,147.626,209.6631,-0.160484,1.106728
mock_07330,Monolayer,Light Blue,189.2422,204.7119,237.4043,-0.051127,0.251986
mock_07331,Few Layers,Green,114.1631,169.1943,149.5713,-0.238902,2.097182
mock_07332,Bilayer,Blue,154.7588,179.5488,219.6436,-0.100746,0.756654
mock_07333,Few Layers,Green,114.3252,169.7012,149.6846,-0.227867,2.145434
mock_07334,Bilayer,Blue,154.4531,179.1748,219.4277,-0.091392,0.57694
mock_07335,Monolayer,Light Blue,189.707,204.6299,237.5996,-0.059871,0.327126
mock_07336,Bilayer,Blue,154.2061,179.3916,219.4854,-0.114451,0.779482
mock_07337,Bilayer,Blue,154.5967,179.5117,219.2012,-0.096445,0.632827
mock_07338,Trilayer,Purple-Blue,127.2324,147.8105,209.1719,-0.15781,0.918587
mock_07339,Trilayer,Purple-Blue,127.4746,147.75,209.6602,-0.176633,1.003906
mock_07340,Bilayer,Blue,154.5947,179.8389,219.3838,-0.06211,0.829345
mock_07341,Trilayer,Purple-Blue,127.4199,147.5625,209.46,-0.181956,1.072891
mock_07342,Trilayer,Purple-Blue,127.1387,146.9717,209.7646,-0.150454,0.90109
mock_07343,Bilayer,Blue,154.8125,179.5566,219.5068,-0.071956,0.631988
mock_07344,Few Layers,Green,114.4629,169.459,149.7979,-0.26602,2.281448
mock_07345,Bulk,Yellow,187.3408,165.2568,121.4541,-0.331451,5.137919
mock_07346,Bilayer,Blue,154.7051,179.7041,219.8281,-0.104836,0.696425
mock_07347,Trilayer,Purple-Blue,127.1885,147.0674,209.2783,-0.179999,1.01115
mock_07348,Bulk,Yellow,187.2764,165.293,120.9385,-0.289521,4.988864
mock_07349,Monolayer,Light Blue,189.2021,204.5957,237.4805,-0.023553,0.404439
mock_07350,Trilayer,Purple-Blue,127.75,147.6943,209.5117,-0.143517,0.907316
mock_07351,Monolayer,Light Blue,189.4502,204.668,237.3848,-0.018629,0.36543
mock_07352,Trilayer,Purple-Blue,127.6279,147.292,209.6133,-0.160915,1.061423
mock_07353,Bulk,Yellow,187.2529,165.3574,121.6055,-0.308447,4.900159
mock_07354,Trilayer,Purple-Blue,127.4512,147.542,209.4795,-0.141778,1.066903
mock_07355,Bulk,Yellow,187.3848,165.8379,121.6396,-0.332612,5.028947
mock_07356,Bilayer,Blue,154.8076,179.0977,219.7295,-0.090184,0.657779
mock_07357,Trilayer,Purple-Blue,127.2891,147.5947,209.21,-0.154401,1.076885
mock_07358,Monolayer,Light Blue,189.0859,204.625,237.5889,-0.049555,0.408102
mock_07359,Bulk,Yellow,187.3672,165.335,121.542,-0.295794,5.099419
mock_07360,Monolayer,Light Blue,189.1621,204.29,237.3838,-0.034898,0.180608
mock_07361,Few Layers,Green,114.3604,169.7773,149.3574,-0.245399,2.227453
mock_07362,Bilayer,Blue,154.541,179.6543,219.4961,-0.100301,0.611316
mock_07363,Monolayer,Light Blue,189.4092,204.5215,237.3623,-0.060407,0.413651
mock_07364,Monolayer,Light Blue,189.2529,204.5557,237.0596,-0.036724,0.2815
mock_07365,Bilayer,Blue,154.3066,179.3467,219.7822,-0.100707,0.625724
mock_07366,Monolayer,Light Blue,189.4023,204.5723,237.1025,-0.062532,0.258799
mock_07367,Trilayer,Purple-Blue,127.3467,147.8809,209.5732,-0.182662,1.044226
mock_07368,Bulk,Yellow,187.6357,165.21,121.4551,-0.302349,5.052519
mock_07369,Bulk,Yellow,187.5439,165.1006,121.3496,-0.339438,5.036872
mock_07370,Monolayer,Light Blue,189.2832,204.6475,237.333,-0.053379,0.344081
mock_07371,Few Layers,Green,114.4766,169.8135,149.7051,-0.22857,2.216182
mock_07372,Few Layers,Green,114.5469,169.6201,149.375,-0.251392,2.250294
mock_07373,Few Layers,Green,114.5215,169.417,149.6543,-0.209683,2.277645
mock_07374,Monolayer,Light Blue,189.6504,204.5713,237.709,-0.017805,0.363353
mock_07375,Bilayer,Blue,154.5078,179.4248,219.5723,-0.081415,0.601145
mock_07376,Monolayer,Light Blue,189.5264,204.1689,237.3291,-0.047918,0.274126
mock_07377,Monolayer,Light Blue,189.2627,204.2441,237.0332,-0.047209,0.470158
mock_07378,Trilayer,Purple-Blue,127.4023,147.7217,209.5713,-0.15967,0.983097
mock_07379,Monolayer,Light Blue,189.3096,204.9609,237.2383,-0.028041,0.404294
mock_07380,Trilayer,Purple-Blue,127.6211,147.6504,209.459,-0.151302,1.079633
mock_07381,Few Layers,Green,114.5762,169.2998,149.3057,-0.227882,2.156453
mock_07382,Trilayer,Purple-Blue,127.7451,147.4785,209.4854,-0.158865,0.88242
mock_07383,Trilayer,Purple-Blue,127.7627,147.5205,209.6934,-0.178307,1.011672
mock_07384,Monolayer,Light Blue,189.7627,204.3857,238.0508,-0.054419,0.260733
mock_07385,Bilayer,Blue,154.0186,179.7207,219.3955,-0.110986,0.686071
mock_07386,Trilayer,Purple-Blue,127.3721,146.957,209.5312,-0.145206,1.039562
mock_07387,Few Layers,Green,114.4199,169.6895,149.9502,-0.24821,2.107288
mock_07388,Bulk,Yellow,187.3877,165.3379,120.9902,-0.320042,5.168766
mock_07389,Monolayer,Light Blue,189.7607,204.2686,237.5078,-0.037925,0.419224
mock_07390,Monolayer,Light Blue,189.1758,204.0596,237.6836,-0.069721,0.290844
mock_07391,Few Layers,Green,114.5586,169.543,149.3223,-0.245156,2.276351
mock_07392,Bilayer,Blue,154.6826,179.9111,219.5996,-0.086481,0.614185
mock_07393,Monolayer,Light Blue,189.1826,204.7314,237.5625,-0.054208,0.248272
mock_07394,Monolayer,Light Blue,188.8984,204.207,237.5059,-0.062518,0.126802
mock_07395,Monolayer,Light Blue,189.4951,204.5918,237.5469,-0.068148,0.47745
mock_07396,Few Layers,Green,114.1924,169.8467,149.4805,-0.25553,2.162124
mock_07397,Monolayer,Light Blue,189.3418,204.3379,237.0791,-0.053382,0.31757
mock_07398,Monolayer,Light Blue,189.6592,204.3369,237.7041,-0.026601,0.387832
mock_07399,Monolayer,Light Blue,189.3838,204.4814,237.4971,-0.053787,0.225867
mock_07400,Few Layers,Green,114.2314,169.4902,149.4609,-0.243746,2.24516
mock_07401,Bulk,Yellow,187.3975,165.2959,121.6504,-0.321733,4.954064
mock_07402,Trilayer,Purple-Blue,127.9521,147.6162,209.29,-0.157912,0.830803
mock_07403,Trilayer,Purple-Blue,127.7529,147.2969,209.5732,-0.16264,0.9702
mock_07404,Few Layers,Green,114.7207,169.6846,149.208,-0.223061,2.105058
mock_07405,Bilayer,Blue,154.2314,179.7666,219.7188,-0.118229,0.63216
mock_07406,Bulk,Yellow,187.5654,165.3701,121.8203,-0.326313,4.98761
mock_07407,Trilayer,Purple-Blue,127.8965,147.7197,209.6797,-0.16686,0.934903
mock_07408,Bulk,Yellow,187.7266,165.3975,121.7959,-0.329507,5.092406
mock_07409,Trilayer,Purple-Blue,127.3301,147.5234,209.4707,-0.165876,1.008587
mock_07410,Bulk,Yellow,187.4746,165.6055,121.6621,-0.319835,5.009119
mock_07411,Monolayer,Light Blue,189.1211,204.9346,237.5195,-0.059691,0.417795
mock_07412,Few Layers,Green,114.5088,169.4316,149.3691,-0.219238,2.193647
mock_07413,Trilayer,Purple-Blue,127.915,147.5117,209.3535,-0.138877,1.018222
mock_07414,Trilayer,Purple-Blue,127.7031,147.2939,209.2227,-0.170121,0.959243
mock_07415,Bilayer,Blue,154.4023,179.8994,219.8027,-0.097786,0.717238
mock_07416,Few Layers,Green,114.709,169.2471,149.3271,-0.252616,2.092388
mock_07417,Few Layers,Green,114.9932,169.3047,149.7471,-0.209856,2.21859
mock_07418,Trilayer,Purple-Blue,127.8672,147.6455,209.6357,-0.131866,1.025491
mock_07419,Monolayer,Light Blue,189.666,204.1572,237.8926,-0.042823,0.316811
mock_07420,Few Layers,Green,114.6377,169.833,150.1191,-0.240076,2.236789
mock_07421,Trilayer,Purple-Blue,127.5205,147.3262,209.2354,-0.162825,1.035553
mock_07422,Bilayer,Blue,154.2979,180.2432,219.1943,-0.091202,0.674958
mock_07423,Bilayer,Blue,154.5908,179.6777,218.8457,-0.080163,0.785221
mock_07424,Trilayer,Purple-Blue,127.3828,147.9951,209.1016,-0.179186,1.12313
mock_07425,Bulk,Yellow,187.1992,165.375,121.9248,-0.328764,5.284425
mock_07426,Few Layers,Green,114.2275,169.6318,149.3584,-0.247218,2.231045
mock_07427,Few Layers,Green,114.5615,169.2285,149.3428,-0.248573,2.234613
mock_07428,Bulk,Yellow,187.3662,165.4795,121.5781,-0.309716,4.908144
mock_07429,Bulk,Yellow,187.5068,165.5068,121.5264,-0.315838,5.077487
mock_07430,Few Layers,Green,114.2158,168.8643,149.3633,-0.20635,2.201952
mock_07431,Monolayer,Light Blue,189.1104,204.5234,238.0752,-0.051358,0.362825
mock_07432,Trilayer,Purple-Blue,127.499,147.4033,209.0498,-0.164,0.965083
mock_07433,Bulk,Yellow,186.9639,165.1162,121.0156,-0.301488,4.886729
mock_07434,Bulk,Yellow,187.543,166.0,121.5449,-0.325221,4.950232
mock_07435,Bulk,Yellow,187.6221,165.3643,120.9961,-0.329326,5.082581
mock_07436,Few Layers,Green,114.2178,169.3525,149.4775,-0.238204,2.162302
mock_07437,Few Layers,Green,114.8125,169.6104,149.6436,-0.253628,2.222192
mock_07438,Trilayer,Purple-Blue,127.4805,147.6611,209.7002,-0.144763,0.897932
mock_07439,Bulk,Yellow,187.6797,165.334,121.5068,-0.34447,5.082174
mock_07440,Bilayer,Blue,154.7422,179.4805,219.6729,-0.108194,0.615485
mock_07441,Bilayer,Blue,154.7012,179.7949,219.8594,-0.115809,0.645125
mock_07442,Few Layers,Green,114.5479,169.5527,148.9668,-0.24815,2.151287
mock_07443,Monolayer,Light Blue,189.8477,204.9004,237.0459,-0.049512,0.430863
mock_07444,Bilayer,Blue,154.6123,179.7988,219.752,-0.107588,0.628932
mock_07445,Few Layers,Green,114.5166,169.6758,149.4961,-0.231802,2.254208
mock_07446,Monolayer,Light Blue,189.5127,204.3555,237.4951,-0.054396,0.424433
mock_07447,Few Layers,Green,114.583,169.6064,149.5137,-0.254867,2.103316
mock_07448,Bulk,Yellow,187.2803,165.5361,121.1221,-0.328527,5.047043
mock_07449,Few Layers,Green,114.7617,169.1025,149.6465,-0.217565,2.106108
mock_07450,Few Layers,Green,114.0938,169.1494,149.584,-0.241714,2.289976
mock_07451,Few Layers,Green,115.0469,169.2305,149.4863,-0.240446,2.287004
mock_07452,Monolayer,Light Blue,189.1328,204.2598,237.5947,-0.07165,0.348004
mock_07453,Few Layers,Green,114.8213,169.7783,149.3164,-0.226591,2.184872
mock_07454,Few Layers,Green,114.6797,169.5908,149.2158,-0.214565,2.199819
mock_07455,Bulk,Yellow,187.5488,165.5713,121.2979,-0.321838,4.957868
mock_07456,Monolayer,Light Blue,189.5439,204.3125,237.3467,-0.063125,0.297847
mock_07457,Monolayer,Light Blue,189.8076,204.873,237.1748,-0.033581,0.222407
mock_07458,Bilayer,Blue,154.374,179.3652,219.8027,-0.117492,0.677411
mock_07459,Bilayer,Blue,154.7607,178.7344,219.6025,-0.101024,0.600299
mock_07460,Few Layers,Green,114.7676,169.3242,149.8975,-0.245386,2.32824
mock_07461,Monolayer,Light Blue,189.2715,204.4209,237.8428,-0.059292,0.306334
mock_07462,Monolayer,Light Blue,189.374,204.3535,237.3525,-0.040001,0.404225
mock_07463,Monolayer,Light Blue,189.1709,204.7656,237.5762,-0.060479,0.449502
mock_07464,Monolayer,Light Blue,189.4883,204.5801,237.3018,-0.046146,0.313068
mock_07465,Trilayer,Purple-Blue,127.5566,147.6406,209.4355,-0.162383,0.939384
mock_07466,Few Layers,Green,114.7461,169.8613,149.2783,-0.236736,2.101361
mock_07467,Bilayer,Blue,154.4355,179.7549,219.5664,-0.081838,0.727248
mock_07468,Few Layers,Green,114.5781,169.5479,149.3066,-0.218798,2.131388
mock_07469,Bulk,Yellow,187.7461,165.4893,121.9141,-0.295478,5.122234
mock_07470,Few Layers,Green,114.2793,169.5342,149.7334,-0.22627,2.216816
mock_07471,Trilayer,Purple-Blue,127.2129,147.2451,209.6572,-0.149052,0.896988
mock_07472,Trilayer,Purple-Blue,127.2637,147.8711,209.3682,-0.132135,0.947381
mock_07473,Monolayer,Light Blue,189.7227,204.752,237.5762,-0.030017,0.450874
mock_07474,Monolayer,Light Blue,189.3076,204.4053,237.8672,-0.043307,0.298808
mock_07475,Bulk,Yellow,187.6172,166.0459,121.207,-0.331138,5.124529
mock_07476,Monolayer,Light Blue,189.3555,204.7988,237.7373,-0.043558,0.336952
mock_07477,Monolayer,Light Blue,189.543,204.251,237.5615,-0.040651,0.407315
mock_07478,Monolayer,Light Blue,189.3652,205.2393,237.6152,-0.045636,0.376648
mock_07479,Few Layers,Green,114.5859,169.5693,149.3945,-0.273956,2.31573
mock_07480,Monolayer,Light Blue,189.292,204.4629,237.3574,-0.057146,0.349365
mock_07481,Bilayer,Blue,154.3779,179.6748,219.8994,-0.100147,0.649999
mock_07482,Bilayer,Blue,154.9834,178.7051,219.1641,-0.075198,0.703486
mock_07483,Trilayer,Purple-Blue,127.5986,147.7842,209.4492,-0.169858,0.954558
mock_07484,Bilayer,Blue,154.4844,179.4043,219.5352,-0.115329,0.641511
mock_07485,Trilayer,Purple-Blue,127.5615,146.9531,209.5898,-0.176789,0.952879
mock_07486,Trilayer,Purple-Blue,127.4541,147.4951,208.9521,-0.151309,0.985285
mock_07487,Bilayer,Blue,154.7666,179.5186,219.2354,-0.089185,0.561862
mock_07488,Few Layers,Green,114.2617,169.4072,149.8936,-0.220458,2.215721
mock_07489,Few Layers,Green,114.4062,169.3584,149.6572,-0.235862,2.271047
mock_07490,Trilayer,Purple-Blue,127.6836,147.3135,209.7061,-0.139101,1.067762
mock_07491,Monolayer,Light Blue,189.5664,204.21,237.5918,-0.044315,0.420755
mock_07492,Bulk,Yellow,187.3008,165.5449,121.7646,-0.329902,5.059442
mock_07493,Trilayer,Purple-Blue,127.752,147.7031,209.3926,-0.16087,0.926187
mock_07494,Few Layers,Green,114.5176,169.3926,149.8311,-0.232018,2.143856
mock_07495,Bulk,Yellow,187.3867,165.9492,121.7188,-0.304655,4.966438
mock_07496,Monolayer,Light Blue,189.3574,204.3291,237.4365,-0.03508,0.241477
mock_07497,Bilayer,Blue,154.4863,179.6006,219.4346,-0.096494,0.569782
mock_07498,Trilayer,Purple-Blue,127.1934,147.6084,209.7041,-0.167842,0.989968
mock_07499,Few Layers,Green,114.5908,169.6992,149.8154,-0.235896,2.130235
mock_07500,Few Layers,Green,114.9229,169.7256,149.6318,-0.248609,2.150469
mock_07501,Monolayer,Light Blue,189.1904,204.5127,237.7051,-0.068444,0.305006
mock_07502,Bilayer,Blue,154.7275,179.3086,219.6348,-0.082256,0.578784
mock_07503,Trilayer,Purple-Blue,127.4209,147.2002,209.6611,-0.149171,0.983896
mock_07504,Monolayer,Light Blue,189.3125,204.751,237.2959,-0.029007,0.270879
mock_07505,Monolayer,Light Blue,189.459,204.2812,237.3652,-0.04697,0.375335
mock_07506,Bilayer,Blue,154.2734,179.6094,219.3525,-0.10221,0.600226
mock_07507,Monolayer,Light Blue,189.6416,204.4668,237.6426,-0.043827,0.139248
mock_07508,Bilayer,Blue,154.8574,180.1309,219.7734,-0.074786,0.665429
mock_07509,Trilayer,Purple-Blue,127.4287,147.7793,209.624,-0.160268,1.149952
mock_07510,Bulk,Yellow,187.5557,165.8984,121.9678,-0.320121,5.044831
mock_07511,Monolayer,Light Blue,189.3096,204.9014,237.2705,-0.046467,0.201407
mock_07512,Monolayer,Light Blue,189.5029,204.0928,237.5215,-0.053598,0.478227
mock_07513,Trilayer,Purple-Blue,127.4766,146.9492,209.8604,-0.130427,0.913114
mock_07514,Bilayer,Blue,154.373,179.333,219.4941,-0.129869,0.776503
mock_07515,Monolayer,Light Blue,189.127,204.5508,237.3613,-0.065364,0.482846
mock_07516,Bilayer,Blue,154.3584,179.4326,219.6885,-0.085146,0.827221
mock_07517,Bilayer,Blue,154.3623,180.1133,219.251,-0.062583,0.669131
mock_07518,Monolayer,Light Blue,189.665,204.5801,237.4766,-0.044478,0.224933
mock_07519,Monolayer,Light Blue,189.207,204.5508,237.5078,-0.040269,0.323453
mock_07520,Few Layers,Green,114.5137,169.2188,149.417,-0.213059,2.136252
mock_07521,Few Layers,Green,114.665,169.3955,149.2734,-0.245624,2.199436
mock_07522,Monolayer,Light Blue,189.2803,204.6748,237.8027,-0.038876,0.244198
mock_07523,Bulk,Yellow,187.6904,165.7158,121.8301,-0.336241,4.82788
mock_07524,Bulk,Yellow,187.5889,165.2773,121.5889,-0.313467,4.97626
mock_07525,Bulk,Yellow,187.9434,165.7422,120.8955,-0.315751,4.902425
mock_07526,Bilayer,Blue,154.7354,179.5527,219.5205,-0.109716,0.635046
mock_07527,Bulk,Yellow,187.6221,165.6895,121.5771,-0.315387,4.948487
mock_07528,Monolayer,Light Blue,190.0342,204.3301,237.1377,-0.045465,0.383983
mock_07529,Bulk,Yellow,187.9854,165.4482,121.5361,-0.304684,5.088814
mock_07530,Bilayer,Blue,154.0146,179.6572,219.5771,-0.106133,0.628895
mock_07531,Bilayer,Blue,154.8486,179.5557,219.6768,-0.111156,0.656936
mock_07532,Few Layers,Green,114.6846,169.5264,149.2461,-0.228339,2.253648
mock_07533,Few Layers,Green,114.6152,169.2031,149.5459,-0.258771,2.146348
mock_07534,Monolayer,Light Blue,190.0322,204.3633,238.0947,-0.064798,0.421186
mock_07535,Bilayer,Blue,154.5439,179.8672,219.4883,-0.087312,0.597966
mock_07536,Monolayer,Light Blue,189.7188,204.8115,237.3115,-0.057767,0.301507
mock_07537,Bulk,Yellow,187.2988,165.3105,121.2412,-0.336889,5.02495
mock_07538,Bulk,Yellow,187.251,165.5605,121.6758,-0.297594,5.007269
mock_07539,Bilayer,Blue,155.0928,179.2529,219.3516,-0.109823,0.713548
mock_07540,Bilayer,Blue,154.5693,179.498,219.374,-0.082458,0.624468
mock_07541,Bilayer,Blue,154.5029,179.3467,219.543,-0.102073,0.829587
mock_07542,Bilayer,Blue,154.5635,179.4844,219.4053,-0.100847,0.611622
mock_07543,Few Layers,Green,114.2158,169.9307,149.2881,-0.217479,2.297257
mock_07544,Few Layers,Green,114.9111,169.1963,149.4385,-0.213965,2.086923
mock_07545,Bulk,Yellow,187.6426,165.0283,121.5869,-0.306307,4.912135
mock_07546,Bilayer,Blue,154.2764,179.6582,219.4092,-0.108138,0.649584
mock_07547,Trilayer,Purple-Blue,127.1006,147.3467,209.6494,-0.175073,0.895734
mock_07548,Monolayer,Light Blue,189.0713,204.4932,237.7764,-0.05718,0.348483
mock_07549,Few Layers,Green,114.5205,169.875,149.0479,-0.223957,2.200462
mock_07550,Bulk,Yellow,187.6289,164.9492,121.3379,-0.328774,4.940008
mock_07551,Monolayer,Light Blue,188.9873,205.0156,237.4492,-0.043612,0.369842
mock_07552,Bulk,Yellow,188.0166,165.7148,121.5986,-0.300283,4.889306
mock_07553,Few Layers,Green,114.1855,169.3604,149.5303,-0.229129,2.109554
mock_07554,Bulk,Yellow,187.1279,165.2725,121.8438,-0.310755,4.806856
mock_07555,Trilayer,Purple-Blue,127.5645,147.2217,209.0898,-0.1733,0.90046
mock_07556,Monolayer,Light Blue,189.2871,204.5898,237.2666,-0.073185,0.424024
mock_07557,Trilayer,Purple-Blue,127.2041,146.9717,209.6963,-0.167277,1.052287
mock_07558,Monolayer,Light Blue,189.7666,204.5469,237.459,-0.061704,0.391133
mock_07559,Trilayer,Purple-Blue,127.2764,147.1992,209.501,-0.152036,1.096262
mock_07560,Few Layers,Green,114.4043,169.4688,149.0674,-0.228176,2.21992
mock_07561,Monolayer,Light Blue,189.7051,204.2949,237.5137,-0.038461,0.259925
mock_07562,Bulk,Yellow,187.5449,165.5576,121.3633,-0.300225,4.922699
mock_07563,Trilayer,Purple-Blue,127.4658,147.7119,209.8145,-0.170119,1.020727
mock_07564,Trilayer,Purple-Blue,127.5342,147.4258,209.332,-0.178391,1.081785
mock_07565,Trilayer,Purple-Blue,127.3672,147.8018,209.7295,-0.178261,0.956423
mock_07566,Bulk,Yellow,187.3516,165.168,121.5156,-0.333242,4.86046
mock_07567,Monolayer,Light Blue,189.6348,204.4883,237.3574,-0.061408,0.374238
mock_07568,Bulk,Yellow,187.4707,165.7305,121.2412,-0.317231,5.000771
mock_07569,Bulk,Yellow,187.9863,166.043,121.6748,-0.31869,4.992976
mock_07570,Bilayer,Blue,154.4814,179.873,219.2588,-0.083568,0.503879
mock_07571,Monolayer,Light Blue,189.4824,204.1025,237.6787,-0.035275,0.267434
mock_07572,Trilayer,Purple-Blue,127.4609,147.54,209.8857,-0.156355,0.835555
mock_07573,Bulk,Yellow,186.9141,165.0547,121.5078,-0.316242,5.10466
mock_07574,Few Layers,Green,114.3213,169.9248,149.1631,-0.248363,2.129718
mock_07575,Monolayer,Light Blue,189.5703,204.5322,236.9766,-0.040022,0.414031
mock_07576,Trilayer,Purple-Blue,127.5752,147.6221,209.1602,-0.176759,1.138319
mock_07577,Bulk,Yellow,187.4854,165.6152,121.7373,-0.30524,5.010298
mock_07578,Monolayer,Light Blue,189.3828,204.1465,237.6631,-0.046832,0.236
mock_07579,Bilayer,Blue,154.4678,179.7236,219.1914,-0.087513,0.761442
mock_07580,Bulk,Yellow,187.4141,165.5186,121.1992,-0.335049,5.094232
mock_07581,Bilayer,Blue,154.1367,179.4287,219.1152,-0.095258,0.617536
mock_07582,Monolayer,Light Blue,189.3252,204.3896,237.2402,-0.043296,0.430568
mock_07583,Few Layers,Green,114.748,169.707,148.9775,-0.236363,2.31033
mock_07584,Bilayer,Blue,154.2852,179.7441,219.3174,-0.112777,0.640089
mock_07585,Bilayer,Blue,154.9648,179.5371,219.3506,-0.100026,0.729115
mock_07586,Few Layers,Green,114.1807,169.8799,149.1895,-0.227979,2.184226
mock_07587,Monolayer,Light Blue,189.7207,204.2461,237.6543,-0.05419,0.306914
mock_07588,Few Layers,Green,114.6758,169.3818,149.1748,-0.235646,2.213663
mock_07589,Few Layers,Green,114.125,169.2959,149.5977,-0.260441,2.163148
mock_07590,Bilayer,Blue,154.54,179.4834,218.9463,-0.108412,0.656052
mock_07591,Bilayer,Blue,154.5215,179.1631,219.543,-0.110181,0.63252
mock_07592,Monolayer,Light Blue,189.5459,204.7705,237.5391,-0.051529,0.283079
mock_07593,Bulk,Yellow,187.5947,165.7441,121.4863,-0.316278,5.004719
mock_07594,Bulk,Yellow,187.335,165.1318,121.8926,-0.31841,4.869471
mock_07595,Trilayer,Purple-Blue,127.3311,147.583,209.3721,-0.14544,0.978579
mock_07596,Bilayer,Blue,154.8145,179.3447,219.5605,-0.098158,0.506682
mock_07597,Monolayer,Light Blue,189.501,204.4141,237.4326,-0.024913,0.295916
mock_07598,Trilayer,Purple-Blue,127.5596,147.668,209.6318,-0.162324,1.151395
mock_07599,Bilayer,Blue,154.5322,179.5439,219.7266,-0.098334,0.599118
mock_07600,Monolayer,Light Blue,189.4561,204.5469,237.0957,-0.068249,0.336352
mock_07601,Trilayer,Purple-Blue,127.5781,147.4727,209.6807,-0.145493,1.041145
mock_07602,Monolayer,Light Blue,189.917,204.3838,237.0439,-0.038473,0.35417
mock_07603,Trilayer,Purple-Blue,127.4697,147.5176,209.5625,-0.174605,0.817488
mock_07604,Few Layers,Green,114.7334,169.4805,149.4297,-0.218455,2.211292
mock_07605,Bulk,Yellow,187.1123,165.8584,121.7266,-0.31667,5.006923
mock_07606,Trilayer,Purple-Blue,127.4111,147.6748,209.5947,-0.178658,0.980763
mock_07607,Trilayer,Purple-Blue,127.7168,147.5156,209.5898,-0.151615,1.104834
mock_07608,Monolayer,Light Blue,189.4141,204.2705,237.7295,-0.074423,0.392073
mock_07609,Few Layers,Green,114.8369,170.0449,149.8564,-0.246826,2.111294
mock_07610,Bilayer,Blue,154.1924,179.2705,219.248,-0.102852,0.735059
mock_07611,Few Layers,Green,114.5859,169.4434,149.6016,-0.229299,2.168577
mock_07612,Trilayer,Purple-Blue,127.2148,147.4258,209.6035,-0.154505,1.074933
mock_07613,Monolayer,Light Blue,189.7168,204.666,237.5205,-0.05518,0.25167
mock_07614,Monolayer,Light Blue,189.3613,204.459,237.6445,-0.041427,0.313469
mock_07615,Monolayer,Light Blue,189.5322,204.4854,238.0146,-0.034373,0.356285
mock_07616,Few Layers,Green,114.2725,169.7227,149.3037,-0.239464,2.313387
mock_07617,Trilayer,Purple-Blue,127.5156,147.5586,209.0518,-0.147368,0.986863
mock_07618,Bulk,Yellow,187.7324,165.5781,121.4004,-0.313088,4.883791
mock_07619,Bulk,Yellow,187.7939,165.6338,121.3164,-0.297531,5.072158
mock_07620,Few Layers,Green,114.8223,169.2109,149.8955,-0.255093,2.214104
mock_07621,Bilayer,Blue,154.5713,179.6533,219.5791,-0.117153,0.753902
mock_07622,Few Layers,Green,114.4932,169.748,149.2207,-0.239155,2.177768
mock_07623,Few Layers,Green,114.6533,169.5938,149.5312,-0.227582,2.238042
mock_07624,Few Layers,Green,114.2949,169.4229,149.8594,-0.253828,2.153132
mock_07625,Monolayer,Light Blue,189.8008,204.4688,237.0488,-0.062742,0.556505
mock_07626,Bulk,Yellow,187.3516,165.6152,121.7695,-0.30495,5.027518
mock_07627,Trilayer,Purple-Blue,127.6797,147.374,209.6934,-0.161206,1.066808
mock_07628,Bilayer,Blue,155.1807,179.7432,219.4062,-0.11232,0.542052
mock_07629,Trilayer,Purple-Blue,127.8057,147.498,209.7461,-0.155114,1.070158
mock_07630,Bulk,Yellow,187.583,165.6123,121.7803,-0.310111,4.979576
mock_07631,Monolayer,Light Blue,189.5879,204.6162,237.4502,-0.023521,0.38146
mock_07632,Trilayer,Purple-Blue,127.793,147.459,209.5303,-0.168922,0.988173
mock_07633,Bulk,Yellow,187.6396,165.6641,121.251,-0.338604,5.048282
mock_07634,Few Layers,Green,113.7607,169.3965,149.9707,-0.25143,2.36261
mock_07635,Trilayer,Purple-Blue,127.1992,147.4053,209.4326,-0.160491,0.931034
mock_07636,Monolayer,Light Blue,189.5234,204.4795,237.5938,-0.054224,0.344813
mock_07637,Monolayer,Light Blue,189.2969,204.3584,237.3887,-0.05244,0.427922
mock_07638,Bulk,Yellow,187.458,165.5215,121.292,-0.293735,5.020258
mock_07639,Bulk,Yellow,187.7725,165.4297,121.7207,-0.311604,5.082106
mock_07640,Monolayer,Light Blue,189.8799,204.4648,237.7783,-0.083617,0.298942
mock_07641,Trilayer,Purple-Blue,127.6738,147.4688,209.4424,-0.150962,0.854511
mock_07642,Bilayer,Blue,154.9062,179.3633,219.3672,-0.094725,0.550928
mock_07643,Trilayer,Purple-Blue,127.3779,147.2168,209.8018,-0.143057,0.989439
mock_07644,Bilayer,Blue,154.2344,179.3965,219.5186,-0.09972,0.656968
mock_07645,Few Layers,Green,114.752,169.6406,149.3838,-0.260885,2.129733
mock_07646,Trilayer,Purple-Blue,127.6426,147.5635,209.4189,-0.15233,1.039036
mock_07647,Few Layers,Green,114.6104,169.5186,149.8691,-0.218088,2.330896
mock_07648,Trilayer,Purple-Blue,127.1074,147.7109,209.4697,-0.143048,1.133313
mock_07649,Few Layers,Green,113.8711,169.2627,149.3193,-0.225617,2.257434
mock_07650,Bulk,Yellow,187.5566,165.8018,121.5312,-0.336554,5.03088
mock_07651,Few Layers,Green,114.209,169.6709,149.418,-0.23457,2.187664
mock_07652,Few Layers,Green,114.2432,169.8682,150.2295,-0.235894,2.27344
mock_07653,Bilayer,Blue,154.7803,179.5625,219.5732,-0.125133,0.549373
mock_07654,Monolayer,Light Blue,188.9668,204.6211,237.4287,-0.040824,0.348818
mock_07655,Monolayer,Light Blue,189.7686,204.8584,237.5371,-0.054367,0.353152
mock_07656,Bilayer,Blue,154.4668,179.5537,219.4209,-0.086913,0.51313
mock_07657,Bilayer,Blue,154.1973,179.3721,219.5654,-0.102774,0.678408
mock_07658,Few Layers,Green,114.5703,169.2178,149.7256,-0.216474,2.148943
mock_07659,Monolayer,Light Blue,189.5742,204.5186,237.6748,-0.036262,0.449714
mock_07660,Bulk,Yellow,187.5049,165.3477,121.2266,-0.354005,4.99434
mock_07661,Bilayer,Blue,154.6123,179.2061,219.6338,-0.097593,0.744777
mock_07662,Bulk,Yellow,187.1357,165.6533,121.2949,-0.337286,5.017491
mock_07663,Trilayer,Purple-Blue,127.5742,147.6055,209.0205,-0.156509,0.885465
mock_07664,Monolayer,Light Blue,189.7773,204.2412,237.3262,-0.048798,0.467347
mock_07665,Bilayer,Blue,154.5146,179.4971,219.3506,-0.072212,0.650439
mock_07666,Monolayer,Light Blue,189.4756,204.3623,237.4512,-0.051543,0.325643
mock_07667,Bilayer,Blue,154.4053,179.5928,219.6211,-0.098749,0.72105
mock_07668,Monolayer,Light Blue,189.2383,204.7793,237.4287,-0.065145,0.250679
mock_07669,Bilayer,Blue,154.4541,179.2773,219.626,-0.092026,0.868687
mock_07670,Bulk,Yellow,187.7305,165.6631,121.2148,-0.312484,4.842261
mock_07671,Trilayer,Purple-Blue,126.9531,147.4521,209.2734,-0.152575,0.920765
mock_07672,Monolayer,Light Blue,189.5684,204.6934,237.498,-0.053512,0.30402
mock_07673,Few Layers,Green,114.5479,169.0781,149.0947,-0.233991,2.30072
mock_07674,Bulk,Yellow,187.4268,165.46,121.4854,-0.314206,5.018225
mock_07675,Trilayer,Purple-Blue,127.5107,147.3691,209.376,-0.180531,1.003776
mock_07676,Few Layers,Green,114.5703,169.8799,149.9268,-0.263927,2.309059
mock_07677,Few Layers,Green,114.5898,169.248,149.6133,-0.252631,2.271673
mock_07678,Bulk,Yellow,188.0039,165.4521,121.2744,-0.323553,4.933767
mock_07679,Trilayer,Purple-Blue,127.3633,147.5068,208.9316,-0.165564,0.877997
mock_07680,Bulk,Yellow,187.5674,165.2559,121.25,-0.310344,4.93986
mock_07681,Trilayer,Purple-Blue,127.3525,147.8193,209.3477,-0.169095,0.943249
mock_07682,Trilayer,Purple-Blue,127.7031,147.5195,209.8271,-0.141467,1.055495
mock_07683,Trilayer,Purple-Blue,127.4141,147.7852,209.6855,-0.171452,1.030612
mock_07684,Bilayer,Blue,154.4121,179.3857,219.3047,-0.127118,0.766358
mock_07685,Monolayer,Light Blue,189.2168,204.3154,237.6299,-0.060755,0.369211
mock_07686,Monolayer,Light Blue,189.5508,204.6221,237.3701,-0.030472,0.358194
mock_07687,Monolayer,Light Blue,189.2061,204.4512,237.1338,-0.034985,0.319433
mock_07688,Bulk,Yellow,187.7637,165.4775,121.1416,-0.31556,5.135254
mock_07689,Trilayer,Purple-Blue,127.4834,147.5684,209.4805,-0.162786,1.111576
mock_07690,Monolayer,Light Blue,189.7158,204.4648,237.6045,-0.068718,0.365263
mock_07691,Bilayer,Blue,153.875,179.6182,219.3223,-0.094875,0.473489
mock_07692,Trilayer,Purple-Blue,127.6738,147.6865,209.3428,-0.163883,1.051926
mock_07693,Bulk,Yellow,187.4434,165.7559,121.793,-0.317868,4.92952
mock_07694,Bilayer,Blue,155.1943,179.6826,219.5518,-0.126531,0.617332
mock_07695,Monolayer,Light Blue,189.6777,205.0273,237.4707,-0.056911,0.342368
mock_07696,Trilayer,Purple-Blue,127.5957,147.5176,209.6016,-0.167267,1.038162
mock_07697,Monolayer,Light Blue,189.3887,204.5928,237.4111,-0.073157,0.344345
mock_07698,Bilayer,Blue,154.4727,179.8945,219.3936,-0.082942,0.641917
mock_07699,Trilayer,Purple-Blue,127.7451,147.4893,208.9639,-0.16416,0.999821
mock_07700,Trilayer,Purple-Blue,127.4473,147.3438,209.4561,-0.158023,0.984816
mock_07701,Trilayer,Purple-Blue,127.2178,147.6914,209.4141,-0.178517,0.964874
mock_07702,Bulk,Yellow,187.2793,165.3945,121.5986,-0.311687,4.981314
mock_07703,Bulk,Yellow,187.8105,165.7061,121.3057,-0.309826,5.059473
mock_07704,Monolayer,Light Blue,189.6104,204.3613,237.626,-0.073286,0.389918
mock_07705,Bulk,Yellow,187.8584,165.3799,121.2832,-0.309187,5.039844
mock_07706,Monolayer,Light Blue,189.0498,204.7705,237.543,-0.043232,0.350871
mock_07707,Bilayer,Blue,154.5977,179.4424,219.4521,-0.088226,0.70446
mock_07708,Bilayer,Blue,154.6719,179.5645,219.6201,-0.066079,0.596232
mock_07709,Monolayer,Light Blue,189.5859,204.8604,237.6367,-0.013159,0.329588
mock_07710,Bilayer,Blue,154.7441,179.5146,220.2158,-0.090243,0.581644
mock_07711,Trilayer,Purple-Blue,127.4688,147.542,209.6494,-0.150186,1.141981
mock_07712,Trilayer,Purple-Blue,127.4248,147.4365,209.2021,-0.156828,1.098142
mock_07713,Trilayer,Purple-Blue,127.7598,147.5225,209.8604,-0.156786,0.82484
mock_07714,Monolayer,Light Blue,189.4443,204.4473,237.5352,-0.034464,0.298151
mock_07715,Few Layers,Green,114.5908,169.7334,149.6484,-0.222127,2.214322
mock_07716,Monolayer,Light Blue,189.5918,204.6846,237.2666,-0.055605,0.316115
mock_07717,Monolayer,Light Blue,189.3975,204.2285,237.5859,-0.056396,0.199116
mock_07718,Bulk,Yellow,187.7383,165.6934,121.583,-0.318839,4.931563
mock_07719,Bilayer,Blue,154.8633,179.6709,219.4316,-0.093869,0.657617
mock_07720,Few Layers,Green,114.2598,169.291,149.2266,-0.262919,2.160564
mock_07721,Bilayer,Blue,154.335,179.5898,219.2461,-0.12152,0.552786
mock_07722,Bulk,Yellow,187.501,165.5615,121.5205,-0.317394,5.077178
mock_07723,Bulk,Yellow,187.7822,165.6377,121.5752,-0.330709,5.005339
mock_07724,Few Layers,Green,114.3369,169.4863,149.0391,-0.26897,2.269205
mock_07725,Trilayer,Purple-Blue,128.0752,147.4365,209.1973,-0.147301,0.987398
mock_07726,Trilayer,Purple-Blue,127.4697,147.9189,209.4941,-0.161325,1.104126
mock_07727,Few Layers,Green,114.502,169.5039,149.5078,-0.254335,1.992404
mock_07728,Trilayer,Purple-Blue,127.7539,147.4756,209.4443,-0.14307,0.841581
mock_07729,Monolayer,Light Blue,189.6396,204.8945,237.7559,-0.053205,0.402838
mock_07730,Few Layers,Green,114.4521,169.4717,149.9082,-0.220348,1.959316
mock_07731,Bilayer,Blue,154.3281,179.3027,219.5625,-0.064109,0.688052
mock_07732,Bilayer,Blue,154.3857,179.7139,219.4707,-0.08675,0.706509
mock_07733,Bilayer,Blue,154.6611,179.4209,219.4795,-0.081987,0.748583
mock_07734,Few Layers,Green,114.585,169.4375,149.249,-0.240908,2.160348
mock_07735,Few Layers,Green,114.5156,169.5469,149.9043,-0.243535,2.333132
mock_07736,Trilayer,Purple-Blue,127.499,147.3691,209.1504,-0.131479,1.104022
mock_07737,Few Layers,Green,114.2236,169.7783,149.7031,-0.225826,2.094396
mock_07738,Bilayer,Blue,154.7607,179.7305,219.0117,-0.093216,0.616634
mock_07739,Bulk,Yellow,188.001,165.5068,121.708,-0.318499,4.978316
mock_07740,Few Layers,Green,114.2568,169.3965,149.6006,-0.230186,2.197279
mock_07741,Few Layers,Green,114.4043,169.7188,149.0703,-0.24861,2.139089
mock_07742,Monolayer,Light Blue,189.4424,204.8271,237.6201,-0.025054,0.219779
mock_07743,Bulk,Yellow,187.1416,165.04,121.6816,-0.336988,4.94514
mock_07744,Few Layers,Green,115.0137,169.2812,149.5771,-0.233026,2.195315
mock_07745,Trilayer,Purple-Blue,127.0264,147.1484,209.166,-0.153879,1.134276
mock_07746,Bilayer,Blue,154.9238,179.8086,219.46,-0.07408,0.560346
mock_07747,Trilayer,Purple-Blue,127.4082,147.5273,209.8506,-0.137021,0.910761
mock_07748,Monolayer,Light Blue,189.417,204.6406,237.4629,-0.031266,0.346712
mock_07749,Monolayer,Light Blue,189.5918,204.3867,237.292,-0.061385,0.301789
mock_07750,Bulk,Yellow,187.8887,165.4033,121.5176,-0.322382,4.973775
mock_07751,Few Layers,Green,113.9932,169.7998,149.5986,-0.236549,2.187748
mock_07752,Monolayer,Light Blue,189.5986,204.2246,237.1885,-0.031209,0.281239
mock_07753,Bulk,Yellow,188.085,165.377,121.0176,-0.318789,5.041019
mock_07754,Few Layers,Green,114.8564,169.3213,149.8125,-0.224132,2.179139
mock_07755,Trilayer,Purple-Blue,127.5449,147.8252,209.7363,-0.149062,1.012515
mock_07756,Trilayer,Purple-Blue,127.6816,148.0586,210.0557,-0.139024,1.011262
mock_07757,Few Layers,Green,114.4795,169.5635,149.4434,-0.241832,2.297138
mock_07758,Few Layers,Green,114.6045,169.3691,149.292,-0.235679,2.19716
mock_07759,Bilayer,Blue,154.4873,180.0088,219.709,-0.122974,0.669729
mock_07760,Trilayer,Purple-Blue,127.8721,147.5488,209.8262,-0.157638,0.956676
mock_07761,Few Layers,Green,114.5312,169.1758,149.2695,-0.242813,2.199179
mock_07762,Monolayer,Light Blue,189.0957,204.2188,237.6143,-0.046851,0.446877
mock_07763,Trilayer,Purple-Blue,127.5537,147.4092,209.5283,-0.169404,0.970464
mock_07764,Few Layers,Green,114.9424,169.543,149.2822,-0.240213,2.165229
mock_07765,Trilayer,Purple-Blue,127.2529,147.4531,209.9482,-0.15129,1.006705
mock_07766,Few Layers,Green,114.5869,169.7861,149.4453,-0.252984,2.10456
mock_07767,Few Layers,Green,115.1035,169.4258,149.2344,-0.222227,2.119529
mock_07768,Bilayer,Blue,154.1162,179.7822,219.5762,-0.110541,0.732351
mock_07769,Few Layers,Green,114.5645,169.2803,149.5596,-0.235144,2.090768
mock_07770,Monolayer,Light Blue,189.8848,204.8848,237.4482,-0.057674,0.148549
mock_07771,Bulk,Yellow,187.6328,165.6426,121.4219,-0.295564,5.124632
mock_07772,Bilayer,Blue,154.1934,179.2188,219.4443,-0.092957,0.873884
mock_07773,Bulk,Yellow,187.4668,165.625,121.7207,-0.34644,5.009238
mock_07774,Monolayer,Light Blue,189.9053,204.8838,237.6387,-0.065619,0.386672
mock_07775,Few Layers,Green,113.9336,169.3604,148.958,-0.251476,2.122401
mock_07776,Trilayer,Purple-Blue,127.6943,147.8408,209.9033,-0.147559,1.025871
mock_07777,Monolayer,Light Blue,189.3535,204.7051,237.5215,-0.03173,0.15882
mock_07778,Monolayer,Light Blue,189.5312,204.7871,237.377,-0.059997,0.432479
mock_07779,Monolayer,Light Blue,189.5791,204.5957,237.6973,-0.045952,0.294043
mock_07780,Bilayer,Blue,154.5059,179.124,219.4736,-0.094653,0.759494
mock_07781,Bilayer,Blue,153.8955,179.2061,219.666,-0.088547,0.667949
mock_07782,Bulk,Yellow,187.416,165.6006,121.6357,-0.313319,4.987178
mock_07783,Trilayer,Purple-Blue,127.1289,147.208,209.4385,-0.138252,1.031162
mock_07784,Monolayer,Light Blue,189.7705,204.3447,237.4795,-0.052469,0.407708
mock_07785,Monolayer,Light Blue,189.4404,204.7402,237.3877,-0.060547,0.435072
mock_07786,Few Layers,Green,114.3486,169.4336,149.418,-0.198091,2.075095
mock_07787,Monolayer,Light Blue,189.5674,204.1113,237.5791,-0.034795,0.204358
mock_07788,Trilayer,Purple-Blue,127.8555,147.5889,209.5322,-0.172813,1.123984
mock_07789,Few Layers,Green,115.0,169.0381,150.0264,-0.253726,2.210063
mock_07790,Bulk,Yellow,187.4639,165.2617,121.3633,-0.322726,4.87799
mock_07791,Few Layers,Green,114.8066,169.3984,148.875,-0.244715,2.259951
mock_07792,Trilayer,Purple-Blue,127.4453,147.2705,209.3311,-0.171613,0.905244
mock_07793,Few Layers,Green,114.3457,169.8691,149.2705,-0.203052,2.028309
mock_07794,Bilayer,Blue,154.6709,179.1777,219.7207,-0.123077,0.543027
mock_07795,Trilayer,Purple-Blue,127.5107,147.1094,209.2139,-0.166767,1.010985
mock_07796,Bilayer,Blue,154.9004,179.5322,219.7998,-0.131675,0.833983
mock_07797,Trilayer,Purple-Blue,127.5996,148.043,209.5293,-0.153769,0.925949
mock_07798,Bilayer,Blue,154.3398,179.3916,219.4268,-0.090025,0.685862
mock_07799,Few Layers,Green,114.542,169.2734,149.7256,-0.246816,2.098065
mock_07800,Few Layers,Green,114.2061,169.1865,149.0811,-0.24816,2.235288
mock_07801,Trilayer,Purple-Blue,127.418,147.4727,209.4775,-0.152146,1.101096
mock_07802,Monolayer,Light Blue,189.2627,204.3516,237.4707,-0.036555,0.393355
mock_07803,Trilayer,Purple-Blue,127.7832,147.4424,209.5762,-0.163149,1.052821
mock_07804,Monolayer,Light Blue,189.7061,204.2188,237.6572,-0.051064,0.425197
mock_07805,Bilayer,Blue,154.71,179.8887,219.9375,-0.093291,0.605694
mock_07806,Few Layers,Green,114.917,169.6357,149.6602,-0.223858,2.150354
mock_07807,Monolayer,Light Blue,189.5762,204.3115,237.3506,-0.025089,0.243928
mock_07808,Monolayer,Light Blue,189.4111,204.3916,237.3809,-0.046759,0.480329
mock_07809,Monolayer,Light Blue,189.5791,204.9902,237.4238,-0.043191,0.338385
mock_07810,Bilayer,Blue,153.8262,179.5908,219.1299,-0.124331,0.590885
mock_07811,Trilayer,Purple-Blue,127.9111,147.7852,209.2578,-0.136142,1.018966
mock_07812,Trilayer,Purple-Blue,127.4883,147.7617,209.291,-0.170248,1.041241
mock_07813,Few Layers,Green,114.6924,169.6328,149.3535,-0.24058,2.101748
mock_07814,Trilayer,Purple-Blue,127.9775,147.5439,209.7949,-0.172938,0.986435
mock_07815,Monolayer,Light Blue,189.5312,204.3574,237.2871,-0.078492,0.297243
mock_07816,Few Layers,Green,114.4062,169.668,149.3906,-0.245194,2.172588
mock_07817,Trilayer,Purple-Blue,127.585,147.1416,209.3486,-0.145502,0.981568
mock_07818,Bulk,Yellow,187.6836,165.1162,121.1953,-0.326354,5.018099
mock_07819,Bilayer,Blue,154.6074,179.4453,219.4531,-0.113711,0.578576
mock_07820,Monolayer,Light Blue,189.2129,204.1455,237.3838,-0.066912,0.0981
mock_07821,Bilayer,Blue,154.2021,179.3525,219.5078,-0.128872,0.545319
mock_07822,Bilayer,Blue,154.791,178.9658,219.5537,-0.107747,0.841807
mock_07823,Trilayer,Purple-Blue,127.6797,148.1572,209.3047,-0.160654,0.966477
mock_07824,Bulk,Yellow,187.7451,165.5791,121.7344,-0.330768,4.938037
mock_07825,Bilayer,Blue,154.7871,179.4775,219.7627,-0.113369,0.611681
mock_07826,Trilayer,Purple-Blue,127.249,148.3154,209.7432,-0.14733,0.97774
mock_07827,Bilayer,Blue,154.917,179.4795,219.6592,-0.10217,0.636831
mock_07828,Monolayer,Light Blue,189.4209,204.1465,237.8877,-0.080692,0.439419
mock_07829,Bulk,Yellow,187.5879,165.7031,121.4102,-0.316422,4.8949
mock_07830,Bilayer,Blue,154.1846,179.6074,219.4834,-0.107608,0.671374
mock_07831,Few Layers,Green,114.7168,169.833,148.8184,-0.231981,2.241081
mock_07832,Bulk,Yellow,187.1436,165.7178,121.7275,-0.322892,4.906574
mock_07833,Few Layers,Green,114.5928,169.4639,149.3555,-0.227518,2.182737
mock_07834,Bulk,Yellow,187.75,165.0244,121.3027,-0.336416,4.999219
mock_07835,Monolayer,Light Blue,189.5039,204.7822,237.6924,-0.056907,0.433825
mock_07836,Bulk,Yellow,187.4238,165.4746,121.4775,-0.308462,4.948606
mock_07837,Few Layers,Green,114.4707,169.3574,149.7715,-0.243117,2.101003
mock_07838,Monolayer,Light Blue,189.6758,204.4033,236.9512,-0.053507,0.308072
mock_07839,Monolayer,Light Blue,189.626,204.335,237.3154,-0.029562,0.368287
mock_07840,Trilayer,Purple-Blue,127.7285,147.3477,209.2539,-0.170086,0.93233
mock_07841,Few Layers,Green,114.623,169.2256,149.5508,-0.24216,2.230757
mock_07842,Bilayer,Blue,154.5781,179.3887,219.6885,-0.105792,0.693283
mock_07843,Trilayer,Purple-Blue,127.5439,147.1963,209.4121,-0.165139,0.960559
mock_07844,Few Layers,Green,114.5303,169.4775,149.5693,-0.242171,2.152863
mock_07845,Few Layers,Green,114.2041,169.6328,149.6826,-0.269883,2.183559
mock_07846,Bulk,Yellow,187.792,165.5693,121.8418,-0.319359,5.119267
mock_07847,Trilayer,Purple-Blue,127.6484,147.5244,209.5615,-0.158576,1.068413
mock_07848,Trilayer,Purple-Blue,127.5449,147.5146,209.583,-0.14182,1.011802
mock_07849,Trilayer,Purple-Blue,127.46,147.4639,209.2236,-0.155884,1.055425
mock_07850,Monolayer,Light Blue,189.3896,204.6104,237.1318,-0.053758,0.434033
mock_07851,Trilayer,Purple-Blue,127.7627,147.4678,209.4824,-0.148212,1.03124
mock_07852,Few Layers,Green,114.6924,169.5957,149.1982,-0.258956,2.258643
mock_07853,Trilayer,Purple-Blue,127.5264,147.1709,209.6074,-0.167376,1.020107
mock_07854,Monolayer,Light Blue,189.1504,204.1953,237.166,-0.043761,0.166637
mock_07855,Few Layers,Green,114.3916,168.582,149.3721,-0.236737,2.288714
mock_07856,Monolayer,Light Blue,189.7344,204.7578,237.082,-0.068683,0.196321
mock_07857,Trilayer,Purple-Blue,127.4121,147.5059,209.8877,-0.139057,0.949641
mock_07858,Bulk,Yellow,187.8691,165.2363,121.8438,-0.310089,4.981998
mock_07859,Bilayer,Blue,154.1582,179.4531,219.6592,-0.137316,0.561583
mock_07860,Few Layers,Green,114.8984,169.459,149.6035,-0.246714,2.17661
mock_07861,Bilayer,Blue,154.958,179.6035,219.4424,-0.097931,0.704649
mock_07862,Few Layers,Green,114.8105,169.7754,149.9736,-0.21012,2.174308
mock_07863,Few Layers,Green,114.5947,169.3301,149.4199,-0.240936,2.15456
mock_07864,Monolayer,Light Blue,189.0723,204.707,237.4219,-0.072764,0.441641
mock_07865,Bilayer,Blue,154.4336,179.4658,218.9609,-0.121618,0.824162
mock_07866,Trilayer,Purple-Blue,127.459,147.2832,209.9238,-0.161036,1.031045
mock_07867,Few Layers,Green,114.3359,169.4053,149.9492,-0.22161,2.263384
mock_07868,Monolayer,Light Blue,189.3496,204.3574,237.7588,-0.037027,0.316185
mock_07869,Trilayer,Purple-Blue,127.4102,147.1895,209.6445,-0.154846,0.980697
mock_07870,Bilayer,Blue,154.1094,179.5244,219.4678,-0.090544,0.664843
mock_07871,Few Layers,Green,114.9209,169.6504,149.7588,-0.258584,2.186774
mock_07872,Bilayer,Blue,154.5137,179.709,219.6201,-0.11094,0.797845
mock_07873,Trilayer,Purple-Blue,127.3135,147.3896,209.2891,-0.15637,0.980422
mock_07874,Few Layers,Green,114.0898,169.4365,149.4375,-0.254587,2.221423
mock_07875,Monolayer,Light Blue,189.7432,204.9014,237.4717,-0.021209,0.206353
mock_07876,Few Layers,Green,113.917,169.5908,148.7998,-0.234459,2.234763
mock_07877,Monolayer,Light Blue,189.5449,204.2686,237.3896,-0.040046,0.471241
mock_07878,Monolayer,Light Blue,189.1426,204.5186,237.2061,-0.057236,0.26085
mock_07879,Few Layers,Green,114.4355,169.6406,149.5879,-0.23648,2.115159
mock_07880,Bilayer,Blue,154.6133,179.8262,219.8789,-0.094612,0.730473
mock_07881,Few Layers,Green,114.7402,169.6514,149.3516,-0.224744,2.036407
mock_07882,Few Layers,Green,114.3506,169.7217,149.6055,-0.229349,2.116047
mock_07883,Few Layers,Green,114.4297,169.7871,149.5605,-0.253723,2.049941
mock_07884,Monolayer,Light Blue,189.6318,204.5908,237.6689,-0.080197,0.297913
mock_07885,Bulk,Yellow,187.7051,165.2627,121.5605,-0.315825,5.039238
mock_07886,Bilayer,Blue,154.1855,179.7227,219.1406,-0.112697,0.695542
mock_07887,Monolayer,Light Blue,189.4131,204.4395,237.2666,-0.070767,0.247429
mock_07888,Bilayer,Blue,154.3545,179.4609,219.2754,-0.100504,0.605946
mock_07889,Trilayer,Purple-Blue,127.6719,147.7021,209.7559,-0.19214,0.908033
mock_07890,Trilayer,Purple-Blue,127.4668,147.2744,209.7744,-0.154357,1.04798
mock_07891,Trilayer,Purple-Blue,127.04,147.1445,209.625,-0.149991,0.912595
mock_07892,Bilayer,Blue,154.4971,180.2129,219.9395,-0.096141,0.671217
mock_07893,Trilayer,Purple-Blue,127.0039,147.4863,209.6953,-0.153803,0.881772
mock_07894,Few Layers,Green,114.4033,169.2852,149.5566,-0.226899,2.189434
mock_07895,Few Layers,Green,114.4355,169.7588,149.4092,-0.256256,2.176011
mock_07896,Trilayer,Purple-Blue,128.0293,147.9834,209.418,-0.166115,0.860833
mock_07897,Bulk,Yellow,187.4902,165.8486,122.1162,-0.310832,4.954502
mock_07898,Bilayer,Blue,154.6318,179.8672,219.1699,-0.146292,0.402957
mock_07899,Trilayer,Purple-Blue,127.4893,147.7402,210.0547,-0.159579,1.133662
mock_07900,Few Layers,Green,114.293,169.5254,149.3857,-0.238099,2.113042
mock_07901,Bilayer,Blue,154.0898,179.7266,219.0713,-0.093968,0.66365
mock_07902,Bilayer,Blue,154.2246,179.5,219.5146,-0.105853,0.629562
mock_07903,Monolayer,Light Blue,189.6201,204.4375,237.6475,-0.0377,0.309853
mock_07904,Bilayer,Blue,154.5332,179.752,219.0098,-0.117195,0.730612
mock_07905,Trilayer,Purple-Blue,127.5303,147.041,209.3525,-0.161106,0.970468
mock_07906,Few Layers,Green,114.584,170.0127,149.2295,-0.227438,2.168638
mock_07907,Bilayer,Blue,154.2314,179.3271,219.7852,-0.105907,0.558116
mock_07908,Trilayer,Purple-Blue,127.2373,147.6045,209.5518,-0.167644,1.058614
mock_07909,Bulk,Yellow,187.2119,165.5186,121.5977,-0.333671,4.866963
mock_07910,Trilayer,Purple-Blue,127.2871,147.3984,209.3262,-0.148522,0.901171
mock_07911,Bulk,Yellow,187.3379,165.8613,121.3682,-0.335965,5.025583
mock_07912,Bilayer,Blue,154.7031,179.7529,219.7969,-0.08494,0.770318
mock_07913,Bulk,Yellow,187.4062,165.2832,121.3936,-0.288069,5.061825
mock_07914,Few Layers,Green,114.3379,169.2705,148.7568,-0.224792,2.270858
mock_07915,Few Layers,Green,115.0684,169.207,149.4248,-0.232675,2.434266
mock_07916,Bulk,Yellow,187.4805,166.0059,121.3877,-0.312551,4.969574
mock_07917,Bilayer,Blue,154.248,179.2842,219.7578,-0.107066,0.752121
mock_07918,Few Layers,Green,114.4678,169.3857,149.3105,-0.220171,2.233891
mock_07919,Few Layers,Green,114.1514,169.4922,149.2354,-0.244667,2.283213
mock_07920,Few Layers,Green,114.6025,169.3535,149.3896,-0.23852,2.186185
mock_07921,Few Layers,Green,114.6875,169.4775,149.4561,-0.257449,2.227604
mock_07922,Trilayer,Purple-Blue,127.3682,147.3115,209.6172,-0.1464,0.934835
mock_07923,Monolayer,Light Blue,190.0771,204.0498,237.5879,-0.043729,0.363319
mock_07924,Trilayer,Purple-Blue,127.54,147.3428,209.5039,-0.165486,1.03136
mock_07925,Bilayer,Blue,154.0654,179.542,219.7656,-0.072408,0.497797
mock_07926,Bulk,Yellow,187.5938,165.5557,121.75,-0.305614,5.029931
mock_07927,Bilayer,Blue,154.0996,179.6826,219.3408,-0.114243,0.634175
mock_07928,Few Layers,Green,114.626,169.4541,149.4844,-0.254931,2.246582
mock_07929,Bilayer,Blue,154.1338,179.5859,219.7373,-0.106404,0.597805
mock_07930,Bilayer,Blue,154.1982,179.5889,219.4268,-0.094954,0.648525
mock_07931,Bulk,Yellow,187.9414,165.2695,121.1553,-0.32261,5.204887
mock_07932,Few Layers,Green,114.5713,169.5938,149.416,-0.24684,2.198943
mock_07933,Bulk,Yellow,187.3623,165.5088,121.5918,-0.314623,5.072964
mock_07934,Monolayer,Light Blue,189.1523,203.8135,237.752,-0.059445,0.325853
mock_07935,Few Layers,Green,114.5586,169.4385,149.7773,-0.221232,2.217311
mock_07936,Few Layers,Green,114.7256,169.8584,149.1914,-0.260541,2.209968
mock_07937,Few Layers,Green,114.3809,169.9033,149.5625,-0.236132,2.271158
mock_07938,Bilayer,Blue,154.4717,179.3672,219.5635,-0.108479,0.72666
mock_07939,Bulk,Yellow,187.7324,165.5713,121.3877,-0.325153,4.982104
mock_07940,Trilayer,Purple-Blue,127.3584,148.3633,209.4365,-0.153634,0.957393
mock_07941,Few Layers,Green,114.1895,169.4102,149.1963,-0.240501,2.126215
mock_07942,Bilayer,Blue,154.6494,179.6084,219.3613,-0.098007,0.634776
mock_07943,Trilayer,Purple-Blue,127.0703,147.7637,209.6445,-0.167438,0.938839
mock_07944,Bilayer,Blue,154.0059,179.7607,219.6895,-0.091211,0.816617
mock_07945,Trilayer,Purple-Blue,127.3213,147.6279,209.0957,-0.17396,1.043348
mock_07946,Monolayer,Light Blue,189.1553,204.1162,237.7637,-0.051909,0.272712
mock_07947,Monolayer,Light Blue,189.5479,204.9736,236.9883,-0.058735,0.308848
mock_07948,Bulk,Yellow,187.4336,165.6182,121.5283,-0.301488,5.078495
mock_07949,Bulk,Yellow,187.2832,165.1514,121.5449,-0.323159,5.017769
mock_07950,Monolayer,Light Blue,189.4248,204.4609,237.4287,-0.063604,0.441859
mock_07951,Bilayer,Blue,154.2695,179.7881,219.8906,-0.102533,0.604485
mock_07952,Trilayer,Purple-Blue,127.375,147.3154,209.3086,-0.186507,1.081133
mock_07953,Bulk,Yellow,187.5381,165.957,121.6934,-0.344922,4.969072
mock_07954,Monolayer,Light Blue,189.458,204.1855,237.1924,-0.051758,0.422196
mock_07955,Bilayer,Blue,154.2178,179.3984,219.3701,-0.104457,0.586835
mock_07956,Bulk,Yellow,187.3232,165.5352,121.252,-0.336089,4.864886
mock_07957,Bilayer,Blue,154.4424,179.4014,219.1963,-0.115947,0.601474
mock_07958,Monolayer,Light Blue,189.5537,204.4492,237.5264,-0.047467,0.19901
mock_07959,Bulk,Yellow,187.2783,165.6318,121.6348,-0.293703,4.912791
mock_07960,Trilayer,Purple-Blue,127.7148,147.5,209.8223,-0.128056,0.860655
mock_07961,Few Layers,Green,114.1865,169.625,149.6865,-0.26644,2.070899
mock_07962,Trilayer,Purple-Blue,127.2686,147.8604,209.4521,-0.173197,1.127535
mock_07963,Monolayer,Light Blue,189.5684,204.5361,237.5693,-0.032986,0.352571
mock_07964,Monolayer,Light Blue,189.54,204.3682,237.21,-0.069765,0.336733
mock_07965,Trilayer,Purple-Blue,127.0244,147.6221,209.2549,-0.158879,1.037308
mock_07966,Monolayer,Light Blue,189.6377,204.5039,237.2725,-0.051315,0.275923
mock_07967,Trilayer,Purple-Blue,127.501,147.248,209.9072,-0.1794,1.048445
mock_07968,Bulk,Yellow,187.3145,165.5928,121.1084,-0.319701,4.930837
mock_07969,Monolayer,Light Blue,189.6904,204.6445,237.5117,-0.059091,0.364228
mock_07970,Few Layers,Green,114.5596,169.5381,149.5508,-0.228828,2.171906
mock_07971,Bilayer,Blue,154.5166,179.627,219.0889,-0.097918,0.649434
mock_07972,Bilayer,Blue,154.7148,179.3535,219.6709,-0.108006,0.503865
mock_07973,Few Layers,Green,114.3828,169.7227,149.1826,-0.234251,2.212873
mock_07974,Trilayer,Purple-Blue,127.9141,147.5273,209.3857,-0.149818,1.106978
mock_07975,Bulk,Yellow,186.915,165.2139,121.374,-0.305873,5.081222
mock_07976,Bulk,Yellow,187.2188,165.4033,121.582,-0.286541,5.148275
mock_07977,Bulk,Yellow,187.1914,165.3096,121.2227,-0.321379,5.011682
mock_07978,Bulk,Yellow,187.5459,165.4375,121.2041,-0.321939,5.062033
mock_07979,Bilayer,Blue,154.8584,179.6426,218.9736,-0.097271,0.681007
mock_07980,Bulk,Yellow,187.6123,165.5967,120.7822,-0.308307,5.060373
mock_07981,Bilayer,Blue,154.6943,179.5293,219.4512,-0.101877,0.736567
mock_07982,Bulk,Yellow,188.0391,165.2725,121.7832,-0.3112,4.960656
mock_07983,Bilayer,Blue,154.1582,179.8047,220.0312,-0.086093,0.677816
mock_07984,Few Layers,Green,114.6133,169.2354,149.624,-0.278944,2.268351
mock_07985,Trilayer,Purple-Blue,127.4619,147.5596,209.8838,-0.175813,0.958947
mock_07986,Trilayer,Purple-Blue,127.6836,147.585,208.9795,-0.15157,0.866993
mock_07987,Bilayer,Blue,154.6064,179.6846,219.4092,-0.121517,0.741862
mock_07988,Bilayer,Blue,154.8506,179.3359,219.2529,-0.104019,0.656583
mock_07989,Monolayer,Light Blue,189.8867,204.5166,237.0498,-0.066494,0.439471
mock_07990,Few Layers,Green,114.376,169.5254,149.7422,-0.221385,2.292565
mock_07991,Bilayer,Blue,154.4346,179.3613,219.7383,-0.088817,0.656197
mock_07992,Bulk,Yellow,187.0635,165.8291,121.9473,-0.346914,5.066507
mock_07993,Monolayer,Light Blue,189.6455,204.2803,237.4785,-0.072582,0.39769
mock_07994,Bilayer,Blue,154.5664,179.5068,220.0918,-0.10836,0.781614
mock_07995,Bilayer,Blue,154.5459,179.4072,219.3252,-0.094053,0.640228
mock_07996,Monolayer,Light Blue,189.3984,204.1836,237.3955,-0.05554,0.306818
mock_07997,Monolayer,Light Blue,189.5928,204.2607,237.6279,-0.040016,0.251924
mock_07998,Few Layers,Green,114.1992,169.4746,149.3223,-0.219898,2.116034
mock_07999,Trilayer,Purple-Blue,127.2793,147.3721,209.6113,-0.172041,1.042025
mock_08000,Monolayer,Light Blue,189.1738,204.376,237.5781,-0.05137,0.201393
mock_08001,Bilayer,Blue,154.6201,179.5576,219.418,-0.101553,0.748181
mock_08002,Bulk,Yellow,187.4121,165.4102,121.4736,-0.313334,4.947638
mock_08003,Monolayer,Light Blue,189.5957,204.2402,237.499,-0.065997,0.435336
mock_08004,Few Layers,Green,114.915,169.2822,149.5049,-0.265129,2.216001
mock_08005,Few Layers,Green,114.5303,169.5791,149.665,-0.21636,2.113421
mock_08006,Trilayer,Purple-Blue,127.5947,147.7383,209.2656,-0.180601,0.889543
mock_08007,Trilayer,Purple-Blue,126.9795,147.4268,209.4873,-0.1671,0.886028
mock_08008,Bilayer,Blue,154.8213,179.7363,219.4404,-0.075671,0.658746
mock_08009,Few Layers,Green,114.7637,169.7773,149.5996,-0.243484,2.095838
mock_08010,Few Layers,Green,114.7891,169.707,149.1543,-0.255496,2.089009
mock_08011,Trilayer,Purple-Blue,127.5117,147.6328,209.4102,-0.165061,0.869962
mock_08012,Bulk,Yellow,187.3301,165.5068,121.9297,-0.353016,4.976532
mock_08013,Trilayer,Purple-Blue,126.9873,147.2305,209.3037,-0.139358,0.874987
mock_08014,Monolayer,Light Blue,188.8135,204.7559,237.2793,-0.056403,0.34942
mock_08015,Trilayer,Purple-Blue,127.7217,147.3418,209.8486,-0.172414,1.057585
mock_08016,Bilayer,Blue,154.4453,179.9697,219.7559,-0.106378,0.647028
mock_08017,Monolayer,Light Blue,189.3262,204.1885,237.3467,-0.053805,0.310633
mock_08018,Trilayer,Purple-Blue,127.5586,147.2666,209.2051,-0.170512,1.052802
mock_08019,Bilayer,Blue,154.5322,179.2207,219.5801,-0.102371,0.735957
mock_08020,Bulk,Yellow,187.7637,165.5137,121.4863,-0.316272,5.002588
mock_08021,Bulk,Yellow,187.6797,165.6094,121.4727,-0.319476,5.060785
mock_08022,Few Layers,Green,114.3516,169.584,149.5195,-0.237444,2.159466
mock_08023,Bilayer,Blue,154.707,179.7373,219.3623,-0.096385,0.593349
mock_08024,Trilayer,Purple-Blue,127.5791,147.5312,209.5615,-0.18136,0.780403
mock_08025,Bulk,Yellow,187.9326,164.9199,121.9814,-0.331459,4.875889
mock_08026,Few Layers,Green,114.7148,169.3232,149.7988,-0.246988,2.063169
mock_08027,Monolayer,Light Blue,189.3838,204.5537,237.3086,-0.040674,0.233635
mock_08028,Monolayer,Light Blue,189.46,204.6484,237.6143,-0.039682,0.399201
mock_08029,Trilayer,Purple-Blue,127.5244,147.5293,209.7734,-0.137902,1.027594
mock_08030,Few Layers,Green,114.9609,169.8174,149.6904,-0.241709,2.155414
mock_08031,Trilayer,Purple-Blue,127.5586,147.1846,209.3145,-0.194701,1.019677
mock_08032,Bilayer,Blue,154.3203,179.2402,219.4795,-0.086404,0.592333
mock_08033,Few Layers,Green,114.2754,169.2705,149.8203,-0.220772,2.255012
mock_08034,Monolayer,Light Blue,189.2793,204.541,236.9688,-0.05696,0.436309
mock_08035,Bulk,Yellow,187.5938,165.5059,121.4434,-0.29066,4.879625
mock_08036,Bilayer,Blue,154.6152,179.3779,219.2891,-0.102267,0.632752
mock_08037,Few Layers,Green,114.8574,169.7607,149.2051,-0.245436,2.254308
mock_08038,Bilayer,Blue,154.8936,179.5537,219.2822,-0.080776,0.636187
mock_08039,Bulk,Yellow,187.9072,165.416,121.8428,-0.328607,4.913504
mock_08040,Few Layers,Green,114.5137,169.6709,149.5459,-0.239931,2.169137
mock_08041,Trilayer,Purple-Blue,127.4453,147.4111,209.375,-0.166404,0.975975
mock_08042,Monolayer,Light Blue,189.251,204.4824,237.6094,-0.067999,0.222272
mock_08043,Trilayer,Purple-Blue,127.624,147.623,209.7314,-0.164745,0.874321
mock_08044,Bulk,Yellow,187.3867,165.7158,121.6562,-0.343101,5.095294
mock_08045,Trilayer,Purple-Blue,127.6689,147.3486,209.835,-0.153874,1.059376
mock_08046,Trilayer,Purple-Blue,127.6465,147.5605,209.75,-0.155586,0.867762
mock_08047,Monolayer,Light Blue,189.5977,204.2744,237.3281,-0.054749,0.510624
mock_08048,Few Layers,Green,114.3926,169.2842,149.5283,-0.221201,2.183155
mock_08049,Trilayer,Purple-Blue,127.6172,147.2852,209.5732,-0.177321,1.115375
mock_08050,Monolayer,Light Blue,189.6992,204.3135,237.3477,-0.015017,0.31729
mock_08051,Bilayer,Blue,154.5781,179.5928,219.4561,-0.097161,0.60409
mock_08052,Few Layers,Green,114.7051,169.6299,149.5527,-0.260758,2.24776
mock_08053,Monolayer,Light Blue,189.1777,204.7383,237.1816,-0.055345,0.403848
mock_08054,Trilayer,Purple-Blue,127.4932,146.9092,209.6826,-0.147601,0.917232
mock_08055,Bilayer,Blue,154.7119,179.3672,219.2188,-0.069723,0.701465
mock_08056,Few Layers,Green,114.6455,169.5723,149.4277,-0.243858,2.209961
mock_08057,Monolayer,Light Blue,189.1631,204.6836,237.5303,-0.065934,0.289396
mock_08058,Bulk,Yellow,187.9248,165.125,121.4131,-0.314065,4.990156
mock_08059,Few Layers,Green,114.8438,169.8154,150.1592,-0.21944,2.145365
mock_08060,Bilayer,Blue,154.0889,179.5078,219.3105,-0.109802,0.638977
mock_08061,Trilayer,Purple-Blue,127.5986,147.5752,209.374,-0.140893,1.000021
mock_08062,Monolayer,Light Blue,189.2549,204.4746,237.7529,-0.02149,0.237906
mock_08063,Monolayer,Light Blue,189.6221,204.1865,237.4346,-0.049104,0.239275
mock_08064,Trilayer,Purple-Blue,127.8516,147.1416,209.3477,-0.152385,1.068916
mock_08065,Bilayer,Blue,154.4248,179.6006,219.2969,-0.12389,0.750331
mock_08066,Bilayer,Blue,154.6094,179.5879,219.7334,-0.097441,0.835752
mock_08067,Trilayer,Purple-Blue,127.2949,147.3809,209.4678,-0.154096,0.970764
mock_08068,Trilayer,Purple-Blue,127.916,147.1582,209.7148,-0.165267,1.11478
mock_08069,Bilayer,Blue,154.8135,179.2842,219.2676,-0.096651,0.57606
mock_08070,Bilayer,Blue,154.6338,179.2832,219.543,-0.081598,0.502431
mock_08071,Trilayer,Purple-Blue,127.3242,147.4521,209.7891,-0.19244,1.023715
mock_08072,Trilayer,Purple-Blue,127.4697,147.7207,209.3789,-0.161755,0.936208
mock_08073,Bulk,Yellow,187.9131,165.2861,121.2236,-0.320272,4.863717
mock_08074,Bilayer,Blue,154.2402,179.0518,220.0439,-0.112925,0.554318
mock_08075,Bilayer,Blue,154.8906,180.1074,219.7256,-0.095518,0.817891
mock_08076,Monolayer,Light Blue,189.5283,204.8994,237.2314,-0.042356,0.409501
mock_08077,Bulk,Yellow,187.2441,165.4248,121.5537,-0.321605,5.004788
mock_08078,Monolayer,Light Blue,189.5625,204.6709,237.4062,-0.05047,0.235135
mock_08079,Few Layers,Green,114.6426,169.4746,149.4951,-0.212075,2.180703
mock_08080,Few Layers,Green,114.585,169.0938,149.8291,-0.231661,2.24983
mock_08081,Bilayer,Blue,154.4414,179.5703,219.0986,-0.092309,0.704855
mock_08082,Monolayer,Light Blue,189.0869,204.0898,237.8643,-0.031396,0.349312
mock_08083,Bulk,Yellow,187.3037,165.3799,121.5996,-0.332703,5.018055
mock_08084,Bulk,Yellow,187.3887,165.5039,121.584,-0.310518,4.950446
mock_08085,Bilayer,Blue,154.8721,179.6025,219.0703,-0.11259,0.5945
mock_08086,Bulk,Yellow,187.6904,165.9482,121.7871,-0.305303,5.191916
mock_08087,Few Layers,Green,114.3936,169.3926,149.3926,-0.248864,2.294528
mock_08088,Monolayer,Light Blue,189.1035,204.5029,237.1113,-0.06355,0.295759
mock_08089,Bilayer,Blue,154.7451,179.3613,219.4072,-0.097835,0.688385
mock_08090,Few Layers,Green,114.3926,169.6172,149.1055,-0.235694,2.196821
mock_08091,Monolayer,Light Blue,189.3018,204.1553,237.7236,-0.052309,0.231705
mock_08092,Bulk,Yellow,187.5205,165.3408,121.1113,-0.327362,5.129371
mock_08093,Bilayer,Blue,154.4053,179.2119,219.9102,-0.122521,0.693108
mock_08094,Bilayer,Blue,154.6396,179.374,219.1182,-0.100286,0.55134
mock_08095,Bulk,Yellow,187.4082,165.584,121.3076,-0.346815,4.987049
mock_08096,Few Layers,Green,114.293,169.1826,149.6035,-0.214455,2.256324
mock_08097,Trilayer,Purple-Blue,127.5801,147.2783,209.6885,-0.1724,0.948376
mock_08098,Few Layers,Green,114.4707,168.8379,149.1885,-0.242436,2.341185
mock_08099,Monolayer,Light Blue,189.6348,204.2998,237.5449,-0.04069,0.277888
mock_08100,Trilayer,Purple-Blue,127.4141,147.8184,209.5342,-0.154771,1.091001
mock_08101,Few Layers,Green,114.3389,169.4541,149.2354,-0.221158,2.234338
mock_08102,Monolayer,Light Blue,189.668,204.6211,237.7568,-0.043468,0.27068
mock_08103,Bilayer,Blue,154.2979,179.6748,219.123,-0.116776,0.631707
mock_08104,Trilayer,Purple-Blue,126.9404,147.542,209.7715,-0.170811,1.10858
mock_08105,Few Layers,Green,115.0254,169.5107,149.5781,-0.23637,2.295001
mock_08106,Few Layers,Green,114.3105,169.4482,149.3291,-0.277311,2.168933
mock_08107,Monolayer,Light Blue,189.8408,204.3887,237.5732,-0.055202,0.290945
mock_08108,Monolayer,Light Blue,189.4336,204.3604,237.7568,-0.053139,0.201588
mock_08109,Trilayer,Purple-Blue,127.5557,147.6631,209.1777,-0.154389,0.984194
mock_08110,Monolayer,Light Blue,189.3701,204.1348,237.7051,-0.021323,0.318223
mock_08111,Bilayer,Blue,154.3438,179.6748,219.7217,-0.107577,0.56639
mock_08112,Few Layers,Green,114.1621,169.2393,149.502,-0.216637,2.033205
mock_08113,Few Layers,Green,114.8643,169.6406,149.3662,-0.240153,2.086721
mock_08114,Bilayer,Blue,154.5645,179.3965,219.7773,-0.111612,0.612225
mock_08115,Trilayer,Purple-Blue,127.8086,147.0869,209.6338,-0.155675,0.828463
mock_08116,Monolayer,Light Blue,190.0469,204.6807,237.4482,-0.087756,0.42846
mock_08117,Bilayer,Blue,154.3965,179.1777,218.9014,-0.104023,0.74638
mock_08118,Few Layers,Green,114.4902,169.6309,149.1982,-0.246418,2.228653
mock_08119,Bulk,Yellow,187.8389,165.7295,121.3711,-0.328267,4.981426
mock_08120,Bilayer,Blue,154.4043,179.1943,219.042,-0.108755,0.796326
mock_08121,Monolayer,Light Blue,189.3828,204.416,237.5156,-0.066079,0.270323
mock_08122,Few Layers,Green,114.6055,169.4229,149.457,-0.232818,2.274211
mock_08123,Few Layers,Green,114.9258,169.3389,149.377,-0.206444,2.16727
mock_08124,Trilayer,Purple-Blue,127.6777,147.2451,209.6885,-0.177147,0.863313
mock_08125,Bilayer,Blue,154.457,178.9736,219.3525,-0.110984,0.736153
mock_08126,Trilayer,Purple-Blue,127.4414,147.582,209.3828,-0.148879,1.093172
mock_08127,Few Layers,Green,114.7617,169.7979,149.6689,-0.248125,2.218535
mock_08128,Monolayer,Light Blue,189.9609,204.3574,236.9336,-0.053742,0.323795
mock_08129,Bulk,Yellow,187.7451,165.7119,121.6377,-0.307497,4.804229
mock_08130,Few Layers,Green,114.3799,169.4307,149.5098,-0.218544,2.307462
mock_08131,Few Layers,Green,114.6357,169.8857,149.6787,-0.200218,2.052895
mock_08132,Few Layers,Green,114.2939,169.1807,149.2656,-0.237564,2.111776
mock_08133,Monolayer,Light Blue,189.6133,204.4111,237.1562,-0.054509,0.263225
mock_08134,Monolayer,Light Blue,189.3877,204.501,237.3027,-0.066424,0.284724
mock_08135,Bulk,Yellow,187.7803,165.2109,121.6533,-0.322354,5.042041
mock_08136,Bilayer,Blue,154.2393,179.4219,219.126,-0.12875,0.656541
mock_08137,Bulk,Yellow,187.3027,165.3662,121.7393,-0.316149,4.92874
mock_08138,Trilayer,Purple-Blue,127.2256,147.7168,209.6787,-0.171689,1.225372
mock_08139,Trilayer,Purple-Blue,127.7207,147.3438,209.4971,-0.144041,1.017648
mock_08140,Bulk,Yellow,187.3545,165.417,121.9238,-0.329619,5.038426
mock_08141,Bilayer,Blue,154.6543,179.5889,218.9551,-0.093011,0.808893
mock_08142,Bilayer,Blue,154.2471,179.8525,219.7158,-0.097203,0.613495
mock_08143,Monolayer,Light Blue,190.1631,204.5869,237.3936,-0.04964,0.393566
mock_08144,Monolayer,Light Blue,189.6807,204.6748,237.5967,-0.057611,0.412523
mock_08145,Bilayer,Blue,154.4658,179.2529,219.5439,-0.104623,0.577552
mock_08146,Few Layers,Green,114.3535,169.2637,149.3311,-0.248442,2.333826
mock_08147,Monolayer,Light Blue,189.6621,204.6719,238.0146,-0.053477,0.257509
mock_08148,Bilayer,Blue,154.8682,179.6367,219.8506,-0.082005,0.571517
mock_08149,Few Layers,Green,114.0771,169.9443,149.7207,-0.248645,2.203084
mock_08150,Trilayer,Purple-Blue,127.4189,147.5615,209.709,-0.168514,1.163812
mock_08151,Trilayer,Purple-Blue,127.7148,147.4238,209.2529,-0.15433,1.06073
mock_08152,Few Layers,Green,114.5518,169.5137,149.3184,-0.222766,2.080072
mock_08153,Monolayer,Light Blue,189.4072,204.7842,237.5479,-0.044688,0.2662
mock_08154,Few Layers,Green,115.0547,170.0186,149.6787,-0.217782,2.223001
mock_08155,Few Layers,Green,114.8516,169.1357,149.4883,-0.207921,2.349124
mock_08156,Bulk,Yellow,187.082,165.3115,121.4727,-0.336718,4.949457
mock_08157,Trilayer,Purple-Blue,127.6572,148.0557,209.2373,-0.158685,0.950026
mock_08158,Trilayer,Purple-Blue,127.2734,147.6719,209.4795,-0.142177,1.125103
mock_08159,Monolayer,Light Blue,189.6953,204.5938,237.4697,-0.045453,0.441128
mock_08160,Trilayer,Purple-Blue,127.708,147.4873,209.2578,-0.180868,1.005911
mock_08161,Few Layers,Green,114.1533,169.5391,149.6406,-0.240257,2.135472
mock_08162,Bilayer,Blue,154.5381,179.0352,220.1777,-0.111603,0.692349
mock_08163,Monolayer,Light Blue,189.4971,204.3721,237.083,-0.060799,0.484308
mock_08164,Bulk,Yellow,187.4424,164.9883,121.4805,-0.322074,5.015836
mock_08165,Monolayer,Light Blue,189.4346,204.4971,237.7344,-0.068104,0.2605
mock_08166,Few Layers,Green,115.0303,169.3721,149.7051,-0.217221,2.245795
mock_08167,Trilayer,Purple-Blue,127.5791,147.3301,209.3438,-0.148635,1.072307
mock_08168,Bulk,Yellow,187.3418,165.3896,121.4814,-0.315962,4.908303
mock_08169,Bilayer,Blue,154.7197,179.3066,219.6758,-0.0898,0.594899
mock_08170,Trilayer,Purple-Blue,127.4023,147.2119,209.4131,-0.153703,1.065
mock_08171,Bulk,Yellow,187.3027,165.459,121.4678,-0.308468,4.938861
mock_08172,Monolayer,Light Blue,189.1064,204.1592,237.5107,-0.051839,0.393991
mock_08173,Monolayer,Light Blue,189.5664,204.6611,237.5996,-0.060642,0.434236
mock_08174,Few Layers,Green,114.2236,169.3828,149.6475,-0.224935,2.277579
mock_08175,Monolayer,Light Blue,189.418,204.1318,237.9307,-0.045265,0.323379
mock_08176,Trilayer,Purple-Blue,127.4609,147.6934,209.752,-0.165922,1.086669
mock_08177,Bilayer,Blue,154.6094,179.5459,219.4111,-0.125481,0.566401
mock_08178,Few Layers,Green,114.6045,169.4062,149.123,-0.251373,2.270468
mock_08179,Bulk,Yellow,187.3477,165.6973,121.2949,-0.292694,5.060487
mock_08180,Bilayer,Blue,154.0547,179.8525,219.6201,-0.106345,0.675171
mock_08181,Bilayer,Blue,154.1699,178.8848,219.7158,-0.131455,0.729699
mock_08182,Monolayer,Light Blue,189.2012,204.6348,237.3682,-0.065632,0.350456
mock_08183,Bilayer,Blue,154.8037,179.5996,219.6592,-0.112915,0.708718
mock_08184,Bilayer,Blue,154.4248,179.3711,219.3525,-0.114719,0.727066
mock_08185,Bilayer,Blue,154.7158,179.8105,219.0713,-0.078532,0.708441
mock_08186,Bulk,Yellow,187.7607,165.6709,121.6309,-0.33501,5.01818
mock_08187,Trilayer,Purple-Blue,127.8135,147.2568,209.417,-0.167845,1.059963
mock_08188,Trilayer,Purple-Blue,127.7539,147.7637,209.5723,-0.169946,1.024477
mock_08189,Few Layers,Green,114.2471,169.9424,149.7852,-0.22116,2.17925
mock_08190,Trilayer,Purple-Blue,127.165,147.4053,209.7217,-0.171268,1.057001
mock_08191,Few Layers,Green,114.7178,169.2344,149.4355,-0.219543,2.135183
mock_08192,Bilayer,Blue,154.3164,179.54,219.1572,-0.095037,0.781555
mock_08193,Bilayer,Blue,154.6777,179.7471,219.8135,-0.122518,0.744363
mock_08194,Trilayer,Purple-Blue,127.6514,147.833,209.7959,-0.156635,1.124623
mock_08195,Trilayer,Purple-Blue,127.4395,147.7041,209.9287,-0.159673,0.983052
mock_08196,Monolayer,Light Blue,189.4873,204.46,237.457,-0.018211,0.542927
mock_08197,Monolayer,Light Blue,189.4746,204.3877,237.7646,-0.067104,0.298268
mock_08198,Few Layers,Green,114.333,169.2764,149.4678,-0.254472,2.178399
mock_08199,Few Layers,Green,114.8535,169.5361,149.4199,-0.250958,2.22705
mock_08200,Bulk,Yellow,187.5234,165.2441,121.9502,-0.299356,5.027512
mock_08201,Monolayer,Light Blue,189.2178,204.1787,237.4082,-0.039864,0.369549
mock_08202,Few Layers,Green,115.0713,169.3418,149.4473,-0.216856,2.197175
mock_08203,Few Layers,Green,114.5771,169.7217,149.8164,-0.259941,2.019485
mock_08204,Few Layers,Green,114.2109,169.6777,149.375,-0.252758,2.343301
mock_08205,Bulk,Yellow,187.6719,165.6318,121.375,-0.325297,5.101673
mock_08206,Bilayer,Blue,154.0986,179.4541,219.5967,-0.111571,0.578958
mock_08207,Monolayer,Light Blue,189.5566,204.6943,237.3359,-0.066406,0.393103
mock_08208,Trilayer,Purple-Blue,127.1348,147.4473,209.292,-0.155159,1.017257
mock_08209,Monolayer,Light Blue,189.6807,203.9854,237.6045,-0.06839,0.184751
mock_08210,Bilayer,Blue,154.9395,178.9824,220.1455,-0.086116,0.8452
mock_08211,Bulk,Yellow,187.2627,165.373,121.5586,-0.329001,5.100582
mock_08212,Trilayer,Purple-Blue,127.3105,147.5459,209.2607,-0.142514,1.077687
mock_08213,Bilayer,Blue,154.8643,179.9014,219.4717,-0.096828,0.558886
mock_08214,Bilayer,Blue,154.3164,179.209,219.3379,-0.084059,0.727625
mock_08215,Bulk,Yellow,187.8164,166.3594,122.0596,-0.337888,5.044335
mock_08216,Bulk,Yellow,187.5977,165.8135,121.1113,-0.330171,4.914838
mock_08217,Monolayer,Light Blue,189.6074,204.5928,237.6182,-0.048185,0.333378
mock_08218,Monolayer,Light Blue,189.3623,204.374,237.5654,-0.028683,0.23897
mock_08219,Bilayer,Blue,154.4824,179.7217,219.7549,-0.105149,0.879861
mock_08220,Trilayer,Purple-Blue,127.0332,147.8154,209.8154,-0.176056,0.923881
mock_08221,Bilayer,Blue,153.8857,179.9268,219.1064,-0.089049,0.782455
mock_08222,Trilayer,Purple-Blue,127.6934,147.4805,209.2881,-0.173854,0.919948
mock_08223,Monolayer,Light Blue,189.6553,204.8428,237.3652,-0.050695,0.518713
mock_08224,Bulk,Yellow,187.6904,165.2129,121.4834,-0.31486,4.977596
mock_08225,Monolayer,Light Blue,189.3467,204.8418,237.4492,-0.064693,0.179432
mock_08226,Monolayer,Light Blue,189.4834,204.8301,237.3555,-0.08619,0.304423
mock_08227,Trilayer,Purple-Blue,127.2598,147.1357,209.3154,-0.157831,0.982146
mock_08228,Few Layers,Green,114.6182,169.5156,149.5977,-0.214439,2.13073
mock_08229,Trilayer,Purple-Blue,127.5303,147.458,209.7021,-0.17744,1.026576
mock_08230,Few Layers,Green,114.416,169.8555,149.9883,-0.22481,2.297128
mock_08231,Trilayer,Purple-Blue,127.3867,147.3135,209.2012,-0.156843,1.15293
mock_08232,Monolayer,Light Blue,189.4033,204.1895,237.1914,-0.073099,0.441187
mock_08233,Bilayer,Blue,154.418,179.7402,219.3447,-0.104543,0.58716
mock_08234,Trilayer,Purple-Blue,127.3467,147.7295,209.3994,-0.135832,1.111546
mock_08235,Bilayer,Blue,154.7705,179.8301,219.1436,-0.123576,0.545961
mock_08236,Trilayer,Purple-Blue,127.8799,147.7031,209.3633,-0.177914,0.941448
mock_08237,Few Layers,Green,114.7559,169.2734,149.3447,-0.24257,2.085625
mock_08238,Monolayer,Light Blue,189.5527,204.6758,237.7402,-0.045065,0.385099
mock_08239,Monolayer,Light Blue,189.5771,204.4219,237.542,-0.031881,0.405918
mock_08240,Monolayer,Light Blue,189.6211,204.4023,237.5234,-0.042705,0.42199
mock_08241,Few Layers,Green,114.5166,169.6338,149.3896,-0.234331,2.226643
mock_08242,Trilayer,Purple-Blue,127.5225,147.3477,209.2686,-0.160766,0.973201
mock_08243,Bilayer,Blue,154.334,179.3242,219.4375,-0.093449,0.767617
mock_08244,Monolayer,Light Blue,189.6367,204.6709,237.6113,-0.053739,0.450438
mock_08245,Bulk,Yellow,187.4736,165.3545,121.1162,-0.310564,4.939113
mock_08246,Monolayer,Light Blue,189.7979,205.1279,237.4346,-0.044813,0.369041
mock_08247,Bilayer,Blue,154.5098,179.5469,219.4316,-0.106698,0.70425
mock_08248,Bulk,Yellow,187.9053,165.4277,121.3906,-0.321313,4.883055
mock_08249,Bilayer,Blue,154.5039,179.1807,219.4785,-0.109943,0.63694
mock_08250,Few Layers,Green,114.5283,169.5459,149.4707,-0.261974,2.361978
mock_08251,Bulk,Yellow,187.6543,165.3955,121.7744,-0.323346,4.993009
mock_08252,Few Layers,Green,114.5078,169.4648,149.5889,-0.224699,2.261596
mock_08253,Trilayer,Purple-Blue,128.1816,147.2109,209.0078,-0.152323,1.097943
mock_08254,Trilayer,Purple-Blue,127.7168,147.6416,208.8145,-0.178285,1.11463
mock_08255,Bilayer,Blue,154.2246,179.6211,219.498,-0.102954,0.599466
mock_08256,Trilayer,Purple-Blue,127.3232,147.7715,209.5195,-0.159594,1.047791
mock_08257,Monolayer,Light Blue,189.5371,204.1611,237.4883,-0.017334,0.378991
mock_08258,Bilayer,Blue,155.0273,179.5879,218.9961,-0.116249,0.663867
mock_08259,Few Layers,Green,114.6191,169.3789,149.708,-0.215014,2.166541
mock_08260,Trilayer,Purple-Blue,127.0625,147.373,209.5801,-0.156323,1.100714
mock_08261,Bilayer,Blue,154.624,179.6523,219.5283,-0.102367,0.528653
mock_08262,Bulk,Yellow,188.0967,165.1455,121.5,-0.333895,5.060889
mock_08263,Monolayer,Light Blue,189.4111,204.6182,237.6143,-0.052531,0.393227
mock_08264,Monolayer,Light Blue,189.0488,204.3418,237.7793,-0.080156,0.297114
mock_08265,Monolayer,Light Blue,189.4307,204.5615,237.4561,-0.034551,0.303717
mock_08266,Monolayer,Light Blue,189.1992,204.5654,237.707,-0.05743,0.441802
mock_08267,Monolayer,Light Blue,189.6074,204.748,237.5283,-0.062886,0.270753
mock_08268,Few Layers,Green,114.4199,169.6621,149.252,-0.219886,2.132284
mock_08269,Bulk,Yellow,187.3447,165.0527,121.5596,-0.304966,4.991588
mock_08270,Few Layers,Green,114.4844,169.2334,149.9531,-0.234702,2.177216
mock_08271,Trilayer,Purple-Blue,127.6768,147.3848,209.7109,-0.170199,0.891646
mock_08272,Trilayer,Purple-Blue,127.4873,147.082,209.4287,-0.145023,1.057206
mock_08273,Bulk,Yellow,187.3955,165.584,121.6348,-0.334304,4.939857
mock_08274,Bulk,Yellow,187.8379,165.6123,121.3486,-0.320368,4.874399
mock_08275,Bilayer,Blue,154.7295,179.6777,219.5156,-0.078372,0.681741
mock_08276,Monolayer,Light Blue,189.416,204.374,237.3545,-0.063717,0.273566
mock_08277,Trilayer,Purple-Blue,127.8916,147.3643,209.7568,-0.168876,0.942906
mock_08278,Bilayer,Blue,153.876,179.9805,219.8174,-0.098273,0.653272
mock_08279,Monolayer,Light Blue,189.3867,204.4492,237.2217,-0.032419,0.328591
mock_08280,Few Layers,Green,114.6055,169.3145,149.4902,-0.232401,2.304083
mock_08281,Monolayer,Light Blue,189.6299,204.3984,237.5166,-0.030807,0.356824
mock_08282,Few Layers,Green,114.7129,168.9512,149.4707,-0.254951,2.121118
mock_08283,Few Layers,Green,114.6982,169.9463,149.6553,-0.248533,2.203712
mock_08284,Monolayer,Light Blue,189.8809,205.0557,237.6289,-0.028212,0.228362
mock_08285,Bilayer,Blue,154.6611,179.335,218.9893,-0.122505,0.621672
mock_08286,Bilayer,Blue,154.7158,179.4326,219.7666,-0.100889,0.673216
mock_08287,Bilayer,Blue,154.3955,179.2627,219.6328,-0.070165,0.703512
mock_08288,Trilayer,Purple-Blue,127.8955,147.623,209.1309,-0.160256,1.06838
mock_08289,Monolayer,Light Blue,189.5273,204.5605,237.7939,-0.048285,0.373771
mock_08290,Monolayer,Light Blue,189.4707,204.2549,237.5342,-0.048057,0.321036
mock_08291,Bilayer,Blue,154.8662,179.7764,219.4932,-0.073927,0.900312
mock_08292,Trilayer,Purple-Blue,127.5479,147.3096,209.4678,-0.143383,1.112478
mock_08293,Bulk,Yellow,187.666,165.3076,121.4307,-0.317041,5.080971
mock_08294,Monolayer,Light Blue,189.7148,204.2109,237.0752,-0.028828,0.441037
mock_08295,Few Layers,Green,114.5156,169.5039,149.3574,-0.222612,2.162122
mock_08296,Few Layers,Green,114.5449,169.9053,149.3936,-0.211976,2.174891
mock_08297,Bilayer,Blue,154.6729,179.5039,219.4658,-0.110639,0.575508
mock_08298,Bulk,Yellow,187.3086,165.5732,121.6611,-0.310842,5.048266
mock_08299,Bulk,Yellow,187.0752,166.3057,121.0967,-0.292512,5.136159
mock_08300,Monolayer,Light Blue,189.3447,204.4229,237.4141,-0.021723,0.323559
mock_08301,Bulk,Yellow,187.748,165.7236,121.2275,-0.33069,5.00594
mock_08302,Monolayer,Light Blue,189.7412,204.2324,237.4326,-0.059138,0.291841
mock_08303,Monolayer,Light Blue,189.1719,204.3486,237.5469,-0.052045,0.307373
mock_08304,Bulk,Yellow,187.3438,165.2744,121.5723,-0.312886,5.033051
mock_08305,Monolayer,Light Blue,189.9902,204.2988,237.1396,-0.053387,0.192957
mock_08306,Trilayer,Purple-Blue,127.3252,147.7188,209.3525,-0.159167,1.035861
mock_08307,Bulk,Yellow,187.8057,165.8076,121.1396,-0.303747,4.899053
mock_08308,Bulk,Yellow,187.2891,165.6787,121.4785,-0.299719,5.00017
mock_08309,Monolayer,Light Blue,189.6172,204.2578,237.4736,-0.053946,0.344979
mock_08310,Bilayer,Blue,154.2734,179.3018,219.9854,-0.125671,0.533764
mock_08311,Trilayer,Purple-Blue,127.5117,147.5371,209.3633,-0.170754,1.017387
mock_08312,Bilayer,Blue,154.4639,179.3643,219.375,-0.108044,0.79586
mock_08313,Few Layers,Green,114.2666,169.5,149.917,-0.2482,2.310019
mock_08314,Trilayer,Purple-Blue,126.9004,147.7324,209.3623,-0.165806,1.110357
mock_08315,Trilayer,Purple-Blue,127.5762,147.585,209.5205,-0.175221,1.090873
mock_08316,Few Layers,Green,114.5625,169.1572,149.4375,-0.255348,2.151407
mock_08317,Bilayer,Blue,155.0156,179.5518,219.5684,-0.113624,0.696071
mock_08318,Bulk,Yellow,187.4727,165.6504,122.0859,-0.334254,5.022839
mock_08319,Bulk,Yellow,187.3594,165.1377,121.5645,-0.315808,5.019307
mock_08320,Few Layers,Green,114.4785,169.584,149.4023,-0.279146,2.247633
mock_08321,Few Layers,Green,114.4443,170.1719,149.377,-0.2554,2.248152
mock_08322,Trilayer,Purple-Blue,127.6221,147.832,209.6045,-0.150377,0.969587
mock_08323,Monolayer,Light Blue,189.4111,204.3232,237.1162,-0.040803,0.227456
mock_08324,Bulk,Yellow,187.8447,165.2002,121.3086,-0.322804,4.864633
mock_08325,Few Layers,Green,114.8076,169.3525,149.7842,-0.246624,2.098322
mock_08326,Few Layers,Green,114.7461,169.6211,149.6357,-0.229115,2.256244
mock_08327,Trilayer,Purple-Blue,127.6699,147.3936,209.7969,-0.146776,1.058651
mock_08328,Trilayer,Purple-Blue,127.29,147.9688,209.1592,-0.173046,1.004246
mock_08329,Bilayer,Blue,154.6475,179.1895,219.7451,-0.123883,0.767
mock_08330,Monolayer,Light Blue,189.6182,204.5439,237.5977,-0.05726,0.319054
mock_08331,Monolayer,Light Blue,189.5078,204.4805,237.7344,-0.038381,0.231501
mock_08332,Few Layers,Green,114.6582,169.2148,149.7578,-0.255676,2.153083
mock_08333,Trilayer,Purple-Blue,127.4414,147.7373,209.7998,-0.168324,0.975488
mock_08334,Bilayer,Blue,154.3623,179.8867,219.4229,-0.084575,0.653294
mock_08335,Monolayer,Light Blue,189.4502,204.7793,237.2832,-0.059,0.333487
mock_08336,Bulk,Yellow,187.5479,165.6533,121.9141,-0.320969,5.048877
mock_08337,Trilayer,Purple-Blue,127.5713,147.5508,209.335,-0.157273,0.916661
mock_08338,Bulk,Yellow,187.834,165.2715,121.2432,-0.343231,4.999141
mock_08339,Monolayer,Light Blue,189.8115,204.376,237.6494,-0.052974,0.33068
mock_08340,Monolayer,Light Blue,189.6953,204.3887,237.4932,-0.063002,0.416325
mock_08341,Monolayer,Light Blue,189.8652,204.3623,237.6074,-0.075947,0.605866
mock_08342,Monolayer,Light Blue,189.4814,204.7061,237.0088,-0.042177,0.372102
mock_08343,Trilayer,Purple-Blue,127.4033,148.083,209.3301,-0.164545,0.941104
mock_08344,Few Layers,Green,114.3857,169.2764,149.459,-0.252217,2.326996
mock_08345,Bulk,Yellow,187.2412,165.4326,121.1777,-0.298852,4.858594
mock_08346,Bilayer,Blue,154.6377,179.5615,219.0977,-0.099043,0.685642
mock_08347,Few Layers,Green,114.1338,169.5713,149.5576,-0.247936,2.20422
mock_08348,Trilayer,Purple-Blue,127.6904,147.6738,209.2852,-0.144217,1.006378
mock_08349,Few Layers,Green,114.5293,169.5,149.4707,-0.26857,2.322032
mock_08350,Monolayer,Light Blue,189.1689,204.5,237.5029,-0.039817,0.403601
mock_08351,Few Layers,Green,114.3779,169.5732,150.0029,-0.258712,2.345008
mock_08352,Monolayer,Light Blue,189.6787,204.1699,237.2402,-0.038437,0.098718
mock_08353,Trilayer,Purple-Blue,127.0312,147.4199,208.9785,-0.192006,0.926998
mock_08354,Few Layers,Green,114.6025,169.6289,149.4502,-0.224776,2.312763
mock_08355,Bilayer,Blue,154.9883,179.248,219.5176,-0.102445,0.617667
mock_08356,Bulk,Yellow,187.6572,165.3408,121.6055,-0.321217,4.849695
mock_08357,Few Layers,Green,114.6436,169.0186,149.4189,-0.263576,2.193808
mock_08358,Bilayer,Blue,154.0879,179.6504,219.5518,-0.082797,0.72397
mock_08359,Bilayer,Blue,154.3984,179.7549,219.2852,-0.114892,0.54099
mock_08360,Bulk,Yellow,187.5996,165.5361,121.6025,-0.350339,4.860897
mock_08361,Bilayer,Blue,154.4121,179.792,219.5625,-0.115409,0.632247
mock_08362,Trilayer,Purple-Blue,127.4424,147.5244,209.5215,-0.148751,0.897224
mock_08363,Trilayer,Purple-Blue,127.4277,147.5791,209.6016,-0.163472,0.985211
mock_08364,Bilayer,Blue,154.5283,179.4756,219.3867,-0.08889,0.646702
mock_08365,Monolayer,Light Blue,189.3887,204.8877,237.6826,-0.017003,0.33447
mock_08366,Monolayer,Light Blue,189.4932,204.8721,237.6191,-0.037968,0.310388
mock_08367,Bulk,Yellow,187.5771,165.4336,121.4258,-0.328425,5.090378
mock_08368,Trilayer,Purple-Blue,127.6465,147.4463,209.7793,-0.165159,1.02646
mock_08369,Monolayer,Light Blue,189.4453,204.8213,237.3584,-0.039041,0.391273
mock_08370,Few Layers,Green,114.6387,169.3711,148.8916,-0.244791,2.193037
mock_08371,Monolayer,Light Blue,189.1221,204.6279,237.2588,-0.050506,0.276957
mock_08372,Few Layers,Green,114.7344,169.29,149.4473,-0.25195,2.125508
mock_08373,Few Layers,Green,114.6455,169.6172,149.5615,-0.231516,2.098809
mock_08374,Bilayer,Blue,154.0625,179.5381,219.5752,-0.102434,0.715486
mock_08375,Monolayer,Light Blue,189.0947,204.3506,237.3613,-0.071147,0.35785
mock_08376,Bulk,Yellow,187.6846,165.6172,121.5195,-0.313645,5.045609
mock_08377,Trilayer,Purple-Blue,127.7051,147.833,209.8486,-0.152496,1.034024
mock_08378,Few Layers,Green,114.2266,169.5273,149.3623,-0.253792,2.302204
mock_08379,Monolayer,Light Blue,189.5664,204.3145,237.1787,-0.042955,0.358646
mock_08380,Bilayer,Blue,154.4258,179.6211,219.2109,-0.109469,0.584308
mock_08381,Few Layers,Green,114.4346,169.3945,149.4004,-0.23173,2.146837
mock_08382,Bulk,Yellow,187.4307,165.4893,121.7012,-0.34631,5.037819
mock_08383,Bulk,Yellow,187.8135,165.3281,121.5576,-0.324175,5.028628
mock_08384,Bulk,Yellow,187.5254,165.5371,121.6289,-0.315464,5.011669
mock_08385,Few Layers,Green,114.5977,169.1689,149.5557,-0.227099,2.13573
mock_08386,Monolayer,Light Blue,189.5068,204.7754,237.207,-0.033303,0.291401
mock_08387,Bulk,Yellow,187.125,165.6221,121.2676,-0.341959,4.790763
mock_08388,Bilayer,Blue,154.251,179.8506,219.8193,-0.086467,0.63506
mock_08389,Monolayer,Light Blue,189.5029,204.3838,237.5811,-0.024407,0.412035
mock_08390,Monolayer,Light Blue,189.6035,204.6602,237.5312,-0.042032,0.309683
mock_08391,Trilayer,Purple-Blue,127.6348,147.6943,209.2812,-0.16697,1.02126
mock_08392,Few Layers,Green,114.1875,169.3682,149.5049,-0.237538,2.145127
mock_08393,Bilayer,Blue,154.3877,179.2461,219.4111,-0.093309,0.731881
mock_08394,Trilayer,Purple-Blue,127.6025,147.6797,209.6689,-0.18007,1.032093
mock_08395,Monolayer,Light Blue,189.5078,204.7441,237.4736,-0.051757,0.296519
mock_08396,Bulk,Yellow,187.417,165.3984,121.6055,-0.299581,4.901381
mock_08397,Few Layers,Green,114.6172,169.7598,149.4443,-0.243478,2.282066
mock_08398,Monolayer,Light Blue,189.3799,204.6045,237.8066,-0.058989,0.316521
mock_08399,Bilayer,Blue,154.1592,179.667,219.4219,-0.120589,0.685257
mock_08400,Monolayer,Light Blue,189.0986,204.2539,237.5645,-0.09954,0.349137
mock_08401,Few Layers,Green,114.4199,169.793,149.9062,-0.22276,2.166856
mock_08402,Monolayer,Light Blue,189.6768,204.7783,237.5244,-0.062561,0.295642
mock_08403,Bilayer,Blue,154.7158,179.2471,219.4834,-0.070547,0.619331
mock_08404,Trilayer,Purple-Blue,127.5332,147.9121,209.6143,-0.161697,1.079446
mock_08405,Trilayer,Purple-Blue,126.9561,147.8418,209.2129,-0.161837,1.183318
mock_08406,Monolayer,Light Blue,189.7715,204.7764,237.2422,-0.048712,0.344041
mock_08407,Bilayer,Blue,155.0703,179.7764,219.2744,-0.101843,0.708995
mock_08408,Few Layers,Green,114.2969,169.3164,149.1143,-0.23687,2.185493
mock_08409,Monolayer,Light Blue,189.7734,204.3574,237.2812,-0.030282,0.394633
mock_08410,Bulk,Yellow,187.3701,165.5762,121.0176,-0.297371,5.094277
mock_08411,Trilayer,Purple-Blue,127.6904,147.4102,209.6162,-0.150421,0.925402
mock_08412,Few Layers,Green,114.6309,169.7861,149.8936,-0.239421,2.173253
mock_08413,Monolayer,Light Blue,189.1895,204.4619,237.4863,-0.032929,0.156472
mock_08414,Bulk,Yellow,187.5547,165.0039,121.46,-0.309836,4.994037
mock_08415,Bilayer,Blue,154.5752,178.8086,219.3145,-0.10323,0.676265
mock_08416,Few Layers,Green,114.665,169.5635,148.9814,-0.256141,2.149223
mock_08417,Few Layers,Green,114.6768,169.8408,149.2695,-0.254747,2.119849
mock_08418,Few Layers,Green,114.5723,169.373,149.7578,-0.268251,2.275864
mock_08419,Bulk,Yellow,187.2578,165.1533,121.1455,-0.333624,5.034415
mock_08420,Few Layers,Green,115.0469,169.7998,149.7959,-0.249359,2.217914
mock_08421,Monolayer,Light Blue,189.3799,204.0879,237.4727,-0.05209,0.452659
mock_08422,Bilayer,Blue,154.458,179.2227,219.6113,-0.104629,0.648595
mock_08423,Monolayer,Light Blue,189.3623,203.9717,237.4873,-0.013445,0.227933
mock_08424,Trilayer,Purple-Blue,127.2295,147.3955,209.7695,-0.163274,1.07215
mock_08425,Trilayer,Purple-Blue,127.7432,147.7803,209.6426,-0.121535,0.979648
mock_08426,Monolayer,Light Blue,189.7871,204.3799,237.2441,-0.043343,0.289173
mock_08427,Few Layers,Green,114.7588,169.7188,149.6084,-0.232956,2.234202
mock_08428,Trilayer,Purple-Blue,127.5176,147.623,209.4824,-0.186886,0.992666
mock_08429,Bilayer,Blue,154.7178,179.5088,219.458,-0.124152,0.625595
mock_08430,Bilayer,Blue,154.333,179.2041,219.4336,-0.089847,0.642242
mock_08431,Few Layers,Green,114.6543,169.3789,149.3838,-0.243753,2.300955
mock_08432,Monolayer,Light Blue,189.5537,204.4971,237.4941,-0.041105,0.35761
mock_08433,Bilayer,Blue,154.4922,179.2471,219.5664,-0.065426,0.701323
mock_08434,Bilayer,Blue,154.9355,179.2432,219.6016,-0.092488,0.656526
mock_08435,Few Layers,Green,114.6611,169.624,149.5332,-0.274543,2.049323
mock_08436,Trilayer,Purple-Blue,127.46,147.248,209.3613,-0.131201,1.014489
mock_08437,Monolayer,Light Blue,189.6729,204.5732,237.3389,-0.035144,0.457466
mock_08438,Few Layers,Green,114.6045,169.085,149.3965,-0.237943,2.129238
mock_08439,Trilayer,Purple-Blue,127.5312,147.5469,210.0283,-0.158464,0.916894
mock_08440,Trilayer,Purple-Blue,127.8389,147.5449,209.2969,-0.156067,1.001331
mock_08441,Few Layers,Green,114.2559,169.5107,149.6553,-0.229826,2.282004
mock_08442,Bilayer,Blue,154.3545,179.7334,219.7637,-0.104279,0.685774
mock_08443,Monolayer,Light Blue,189.1855,204.7676,237.8125,-0.05301,0.480885
mock_08444,Monolayer,Light Blue,189.5303,203.9014,236.8945,-0.034447,0.235339
mock_08445,Bulk,Yellow,187.6035,165.4258,121.5752,-0.301259,5.005287
mock_08446,Monolayer,Light Blue,189.8691,204.1719,237.5996,-0.055429,0.323982
mock_08447,Bilayer,Blue,154.2402,179.7451,219.2246,-0.082231,0.661599
mock_08448,Bilayer,Blue,154.6104,180.0078,220.041,-0.143606,0.507239
mock_08449,Few Layers,Green,114.5176,169.5498,149.4971,-0.237222,2.19461
mock_08450,Bulk,Yellow,187.6709,165.2275,121.5244,-0.310912,4.979877
mock_08451,Trilayer,Purple-Blue,127.4326,147.1885,209.6934,-0.162439,1.041454
mock_08452,Bulk,Yellow,187.2842,165.7549,121.7852,-0.32781,4.989087
mock_08453,Bilayer,Blue,154.7549,179.499,219.4111,-0.075923,0.783749
mock_08454,Monolayer,Light Blue,190.5195,204.1865,237.624,-0.055685,0.282001
mock_08455,Monolayer,Light Blue,189.5518,204.2891,237.8262,-0.053643,0.330966
mock_08456,Bilayer,Blue,154.4521,179.5215,218.874,-0.102732,0.604161
mock_08457,Monolayer,Light Blue,189.7158,204.9355,237.7988,-0.047171,0.472181
mock_08458,Trilayer,Purple-Blue,126.8818,147.6455,209.2207,-0.173276,0.897001
mock_08459,Bilayer,Blue,154.4697,179.2705,219.3047,-0.088054,0.677091
mock_08460,Few Layers,Green,114.3516,169.5615,149.4834,-0.252424,2.169894
mock_08461,Trilayer,Purple-Blue,127.5449,147.5635,209.6689,-0.175081,1.061545
mock_08462,Monolayer,Light Blue,189.5566,204.2871,237.5371,-0.061903,0.188689
mock_08463,Bilayer,Blue,154.5996,179.5547,219.4521,-0.120992,0.455182
mock_08464,Trilayer,Purple-Blue,127.2158,147.2041,209.6016,-0.198987,0.994764
mock_08465,Bulk,Yellow,187.1973,165.5088,121.3994,-0.31363,5.094797
mock_08466,Few Layers,Green,114.0703,169.5059,149.4863,-0.243861,2.205557
mock_08467,Bilayer,Blue,154.6699,179.5566,219.0869,-0.111134,0.767366
mock_08468,Few Layers,Green,115.0059,169.3828,149.6748,-0.263609,2.211974
mock_08469,Monolayer,Light Blue,189.3594,204.252,237.4453,-0.046008,0.41049
mock_08470,Bilayer,Blue,154.2119,179.4287,219.2715,-0.089215,0.603419
mock_08471,Bilayer,Blue,154.2715,179.7021,219.5674,-0.09173,0.730014
mock_08472,Few Layers,Green,114.5723,169.3672,149.708,-0.226487,2.279783
mock_08473,Bilayer,Blue,154.6133,179.584,219.4648,-0.086581,0.702577
mock_08474,Monolayer,Light Blue,189.6396,204.7979,236.9902,-0.050544,0.351257
mock_08475,Few Layers,Green,114.5459,169.5898,149.3125,-0.254022,2.327197
mock_08476,Few Layers,Green,114.5195,169.873,149.4033,-0.20679,2.210015
mock_08477,Monolayer,Light Blue,189.208,204.4072,237.251,-0.071368,0.225322
mock_08478,Trilayer,Purple-Blue,127.5684,147.584,210.0918,-0.143955,1.168453
mock_08479,Monolayer,Light Blue,189.8076,204.4688,237.915,-0.047778,0.28563
mock_08480,Bilayer,Blue,154.0576,179.2666,219.8301,-0.087007,0.644496
mock_08481,Trilayer,Purple-Blue,127.6514,147.4424,209.3945,-0.166565,1.006185
mock_08482,Bilayer,Blue,154.6309,179.5,219.7949,-0.093659,0.629772
mock_08483,Bilayer,Blue,154.8037,179.3604,219.2891,-0.105872,0.517833
mock_08484,Bilayer,Blue,154.583,179.5254,219.7227,-0.073488,0.626088
mock_08485,Few Layers,Green,114.4717,169.3984,149.5127,-0.226659,2.079295
mock_08486,Monolayer,Light Blue,189.6963,204.1572,237.6582,-0.025025,0.278707
mock_08487,Trilayer,Purple-Blue,127.0059,147.7422,209.958,-0.175556,0.89573
mock_08488,Few Layers,Green,114.7656,169.7383,149.5762,-0.236111,2.221424
mock_08489,Bulk,Yellow,187.6309,165.6152,121.4834,-0.304195,5.012147
mock_08490,Monolayer,Light Blue,189.2529,204.6123,237.543,-0.047016,0.374255
mock_08491,Monolayer,Light Blue,189.3936,204.8711,237.3369,-0.054578,0.180148
mock_08492,Bulk,Yellow,187.625,165.5459,121.2842,-0.311008,4.918475
mock_08493,Trilayer,Purple-Blue,126.8877,147.127,209.4053,-0.163265,1.034251
mock_08494,Trilayer,Purple-Blue,127.3398,147.5439,209.3857,-0.166586,1.080727
mock_08495,Bilayer,Blue,154.5547,179.8145,219.3496,-0.085176,0.728852
mock_08496,Monolayer,Light Blue,189.793,204.5859,237.4746,-0.021543,0.285254
mock_08497,Monolayer,Light Blue,190.0059,204.4502,237.2959,-0.055819,0.278837
mock_08498,Few Layers,Green,114.291,169.4658,149.5918,-0.232558,2.226893
mock_08499,Few Layers,Green,114.4619,169.5225,149.4375,-0.241077,2.199819
mock_08500,Monolayer,Light Blue,189.6182,204.5176,237.4883,-0.069627,0.416547
mock_08501,Bulk,Yellow,187.2227,164.7617,121.3125,-0.323877,5.152733
mock_08502,Bilayer,Blue,154.4434,179.2314,219.0977,-0.106298,0.688224
mock_08503,Few Layers,Green,114.5098,169.3574,149.3193,-0.224073,2.335096
mock_08504,Bilayer,Blue,155.0078,179.79,219.7256,-0.104422,0.795419
mock_08505,Few Layers,Green,114.2002,169.0156,149.1309,-0.245824,2.26418
mock_08506,Monolayer,Light Blue,189.2988,204.5967,236.874,-0.033662,0.349436
mock_08507,Few Layers,Green,114.0508,169.1816,149.7314,-0.191668,2.023794
mock_08508,Bulk,Yellow,187.4707,165.4854,121.4824,-0.336657,4.93075
mock_08509,Monolayer,Light Blue,189.0098,204.0449,237.6787,-0.04606,0.18401
mock_08510,Bulk,Yellow,187.7021,165.4023,121.3594,-0.329437,4.954693
mock_08511,Bilayer,Blue,154.5332,179.2646,219.9561,-0.087272,0.59382
mock_08512,Monolayer,Light Blue,189.6094,204.2129,237.5107,-0.089366,0.340457
mock_08513,Few Layers,Green,114.2119,169.3613,149.4609,-0.251855,2.185833
mock_08514,Bulk,Yellow,187.4277,165.5684,121.3096,-0.340072,4.905912
mock_08515,Monolayer,Light Blue,189.5146,204.5371,237.8184,-0.023715,0.413332
mock_08516,Bulk,Yellow,187.876,165.2129,121.4189,-0.305502,4.929773
mock_08517,Bulk,Yellow,187.5654,165.5098,121.9346,-0.302216,5.020672
mock_08518,Trilayer,Purple-Blue,127.623,147.5166,209.0791,-0.150614,1.093255
mock_08519,Few Layers,Green,114.2129,169.2812,149.0742,-0.200139,2.277283
mock_08520,Monolayer,Light Blue,189.1982,204.0996,237.5742,-0.039367,0.29754
mock_08521,Few Layers,Green,114.7178,169.7305,149.2471,-0.211301,2.163096
mock_08522,Few Layers,Green,114.6113,170.1455,149.6572,-0.250003,2.27646
mock_08523,Few Layers,Green,115.0557,169.6484,149.7568,-0.225374,2.135787
mock_08524,Bilayer,Blue,154.3115,179.7715,219.7773,-0.09955,0.583583
mock_08525,Bilayer,Blue,154.1719,179.5674,220.0039,-0.097901,0.545732
mock_08526,Bulk,Yellow,187.2168,165.4717,121.248,-0.313527,4.906144
mock_08527,Bulk,Yellow,187.5332,166.0078,121.5039,-0.331787,5.030085
mock_08528,Bulk,Yellow,187.8721,165.958,121.541,-0.316696,4.856286
mock_08529,Bilayer,Blue,154.6914,179.6133,219.8838,-0.104425,0.707833
mock_08530,Trilayer,Purple-Blue,127.3213,147.7002,209.2969,-0.150383,0.945297
mock_08531,Monolayer,Light Blue,189.7109,204.6982,237.0918,-0.014183,0.417372
mock_08532,Few Layers,Green,114.4229,169.9629,149.5527,-0.244452,2.175484
mock_08533,Trilayer,Purple-Blue,127.5303,147.4238,209.2852,-0.184299,0.945058
mock_08534,Trilayer,Purple-Blue,127.6982,147.5898,209.3584,-0.157962,0.985992
mock_08535,Few Layers,Green,114.4639,169.6807,149.667,-0.23845,2.181051
mock_08536,Few Layers,Green,114.5859,169.3799,149.3662,-0.226735,2.207575
mock_08537,Few Layers,Green,114.7832,169.3652,149.4902,-0.239608,2.193747
mock_08538,Bilayer,Blue,154.7549,179.5156,218.6504,-0.096589,0.767364
mock_08539,Bilayer,Blue,154.8359,179.4834,219.1201,-0.1034,0.781019
mock_08540,Few Layers,Green,113.9775,169.5547,150.0625,-0.230326,2.20364
mock_08541,Few Layers,Green,114.7295,169.4521,149.708,-0.211834,2.241351
mock_08542,Trilayer,Purple-Blue,127.5273,147.3975,209.3447,-0.156861,1.007793
mock_08543,Bulk,Yellow,187.4629,165.332,121.6748,-0.315995,5.04024
mock_08544,Monolayer,Light Blue,189.5908,204.582,237.2158,-0.034395,0.193835
mock_08545,Monolayer,Light Blue,189.416,204.2988,237.626,-0.058941,0.304731
mock_08546,Monolayer,Light Blue,189.6992,204.8828,237.2197,-0.056638,0.196074
mock_08547,Monolayer,Light Blue,189.2686,204.5039,237.5078,-0.066741,0.344842
mock_08548,Bilayer,Blue,154.4023,179.6143,219.3691,-0.117118,0.584191
mock_08549,Monolayer,Light Blue,189.7666,204.7178,237.416,-0.041707,0.411228
mock_08550,Bilayer,Blue,154.3047,179.127,219.1592,-0.105643,0.691276
mock_08551,Bilayer,Blue,154.4658,179.8496,219.6045,-0.110122,0.627498
mock_08552,Trilayer,Purple-Blue,127.5488,147.5625,209.2598,-0.157671,0.96505
mock_08553,Bilayer,Blue,154.5137,179.5244,219.8584,-0.091033,0.654549
mock_08554,Trilayer,Purple-Blue,127.2451,147.5996,209.833,-0.144283,1.034109
mock_08555,Monolayer,Light Blue,189.3408,204.6807,237.4014,-0.061794,0.415674
mock_08556,Trilayer,Purple-Blue,127.7285,147.8906,209.124,-0.16454,0.930213
mock_08557,Bilayer,Blue,154.2891,179.2676,219.5088,-0.138108,0.528809
mock_08558,Few Layers,Green,114.542,169.4463,149.8242,-0.265723,2.064661
mock_08559,Bilayer,Blue,154.2725,179.2256,219.415,-0.096235,0.713846
mock_08560,Few Layers,Green,114.4727,169.7236,149.7031,-0.250212,2.034214
mock_08561,Trilayer,Purple-Blue,127.4111,147.4453,209.6816,-0.14639,1.090247
mock_08562,Monolayer,Light Blue,189.5352,204.1797,237.5967,-0.054854,0.315994
mock_08563,Trilayer,Purple-Blue,127.4336,147.6055,209.4248,-0.139022,1.081588
mock_08564,Trilayer,Purple-Blue,127.5352,147.5264,209.7334,-0.165326,1.116277
mock_08565,Few Layers,Green,114.7725,169.5029,149.3037,-0.245449,2.084865
mock_08566,Bulk,Yellow,187.2861,165.4795,121.2041,-0.321641,5.058178
mock_08567,Trilayer,Purple-Blue,127.6943,148.0107,209.7178,-0.148414,0.997783
mock_08568,Monolayer,Light Blue,189.0898,204.125,237.4463,-0.055475,0.370629
mock_08569,Bulk,Yellow,187.7314,165.2988,121.4648,-0.29814,5.033601
mock_08570,Few Layers,Green,114.6504,169.5996,149.3701,-0.264463,2.160864
mock_08571,Monolayer,Light Blue,189.7695,204.6494,237.5889,-0.037687,0.328749
mock_08572,Monolayer,Light Blue,189.7891,204.3701,237.3008,-0.040713,0.392782
mock_08573,Few Layers,Green,114.3271,169.415,149.3271,-0.226322,2.311837
mock_08574,Bilayer,Blue,154.6016,179.5635,219.2031,-0.099406,0.836222
mock_08575,Monolayer,Light Blue,189.9658,204.4297,237.1602,-0.042158,0.48703
mock_08576,Bulk,Yellow,187.2627,165.0811,121.0381,-0.330696,5.047922
mock_08577,Bilayer,Blue,154.4971,179.7539,219.5566,-0.12148,0.706827
mock_08578,Monolayer,Light Blue,189.5605,204.8477,237.2119,-0.048779,0.312488
mock_08579,Trilayer,Purple-Blue,127.7939,147.2549,209.2617,-0.164995,0.972403
mock_08580,Monolayer,Light Blue,189.9365,204.502,238.0537,-0.056007,0.454781
mock_08581,Few Layers,Green,114.3066,169.7783,150.1465,-0.241999,2.238835
mock_08582,Few Layers,Green,114.5938,169.2959,149.3408,-0.222437,2.156187
mock_08583,Monolayer,Light Blue,189.3047,204.7646,237.2852,-0.037402,0.551845
mock_08584,Few Layers,Green,114.6621,169.5049,149.3809,-0.250993,2.195012
mock_08585,Bilayer,Blue,154.7295,179.5889,219.4971,-0.121255,0.664306
mock_08586,Few Layers,Green,114.3398,169.6523,149.5723,-0.228579,2.22806
mock_08587,Monolayer,Light Blue,189.335,204.8164,237.1484,-0.064884,0.501438
mock_08588,Bilayer,Blue,154.6025,179.4004,219.0723,-0.094631,0.668663
mock_08589,Monolayer,Light Blue,189.877,204.4287,237.2207,-0.047268,0.470652
mock_08590,Trilayer,Purple-Blue,127.5547,147.5693,209.2607,-0.151068,0.965721
mock_08591,Monolayer,Light Blue,189.9482,204.252,237.3096,-0.031929,0.378207
mock_08592,Trilayer,Purple-Blue,127.4043,147.7236,208.9268,-0.135326,0.981042
mock_08593,Bilayer,Blue,154.7158,179.9395,219.4414,-0.087209,0.788956
mock_08594,Monolayer,Light Blue,189.627,204.5244,237.6426,-0.07311,0.185335
mock_08595,Bulk,Yellow,187.7061,166.0088,121.3018,-0.335845,4.934104
mock_08596,Bilayer,Blue,154.4619,179.6162,219.543,-0.089295,0.655751
mock_08597,Bilayer,Blue,154.4619,179.7041,219.1621,-0.114223,0.583111
mock_08598,Trilayer,Purple-Blue,127.7168,147.3535,209.7158,-0.189478,1.002636
mock_08599,Monolayer,Light Blue,189.2783,204.334,237.918,-0.037812,0.461463
mock_08600,Monolayer,Light Blue,189.4619,205.3662,237.5029,-0.062911,0.280315
mock_08601,Trilayer,Purple-Blue,127.4482,147.7686,209.5,-0.201772,0.949712
mock_08602,Few Layers,Green,114.8096,169.1514,149.1846,-0.246142,2.286536
mock_08603,Bulk,Yellow,187.2168,165.1875,121.5186,-0.326554,4.935603
mock_08604,Bulk,Yellow,187.6699,165.2393,120.9707,-0.315607,5.004742
mock_08605,Bulk,Yellow,187.2939,165.3506,121.4658,-0.30984,4.972977
mock_08606,Monolayer,Light Blue,189.7148,204.2969,237.6094,-0.066813,0.236928
mock_08607,Monolayer,Light Blue,189.9229,204.6338,237.8311,-0.073782,0.301794
mock_08608,Bulk,Yellow,187.0137,165.2119,121.2559,-0.331126,4.843897
mock_08609,Few Layers,Green,114.627,168.917,149.624,-0.246365,2.174145
mock_08610,Few Layers,Green,114.498,169.4004,149.2607,-0.25451,2.198405
mock_08611,Bilayer,Blue,154.959,179.3604,219.8389,-0.100962,0.609228
mock_08612,Bulk,Yellow,187.4658,165.9307,121.8506,-0.291412,4.916069
mock_08613,Bilayer,Blue,154.6113,179.3535,219.877,-0.103015,0.676371
mock_08614,Monolayer,Light Blue,189.2031,204.9375,237.418,-0.037667,0.277475
mock_08615,Bilayer,Blue,154.6641,179.71,219.4229,-0.114104,0.620397
mock_08616,Bilayer,Blue,154.291,179.5537,219.1074,-0.092366,0.664416
mock_08617,Trilayer,Purple-Blue,127.2803,147.4404,209.3633,-0.184818,1.080494
mock_08618,Trilayer,Purple-Blue,127.627,147.3555,209.2773,-0.16132,1.059033
mock_08619,Bilayer,Blue,153.9844,179.3877,219.6631,-0.089866,0.532674
mock_08620,Bulk,Yellow,187.666,165.5371,121.8857,-0.330772,4.898984
mock_08621,Monolayer,Light Blue,189.8613,204.2617,237.5117,-0.057189,0.471584
mock_08622,Trilayer,Purple-Blue,127.7852,147.4785,209.4785,-0.183919,0.896732
mock_08623,Trilayer,Purple-Blue,127.5498,147.2949,209.5459,-0.163395,1.106577
mock_08624,Bulk,Yellow,187.9941,165.5674,121.665,-0.306069,5.094625
mock_08625,Few Layers,Green,114.2832,169.2607,149.2549,-0.254834,2.258468
mock_08626,Monolayer,Light Blue,189.4238,204.4238,237.252,-0.037701,0.383766
mock_08627,Few Layers,Green,114.5537,169.3691,149.3838,-0.238929,2.215257
mock_08628,Monolayer,Light Blue,189.2988,204.3613,237.1914,-0.039108,0.291565
mock_08629,Bilayer,Blue,154.5693,179.3623,219.25,-0.12552,0.79539
mock_08630,Monolayer,Light Blue,189.6055,204.9727,237.0918,-0.04325,0.214252
mock_08631,Trilayer,Purple-Blue,127.0273,147.915,209.5342,-0.186706,0.847923
mock_08632,Bilayer,Blue,154.585,179.4619,219.5029,-0.117601,0.584439
mock_08633,Bilayer,Blue,154.6562,179.6816,219.7363,-0.080313,0.668156
mock_08634,Monolayer,Light Blue,189.7578,204.541,237.4941,-0.070876,0.249266
mock_08635,Few Layers,Green,114.7383,169.9941,149.1885,-0.195048,2.291839
mock_08636,Bilayer,Blue,154.6836,178.9336,219.7979,-0.082941,0.617713
mock_08637,Few Layers,Green,114.3018,169.7549,149.3594,-0.250824,2.211135
mock_08638,Few Layers,Green,114.8027,169.707,149.4463,-0.252192,2.207953
mock_08639,Few Layers,Green,114.5967,169.5459,149.2129,-0.203206,2.155138
mock_08640,Trilayer,Purple-Blue,127.292,147.9434,209.373,-0.153579,0.988714
mock_08641,Bilayer,Blue,154.5723,178.8027,219.3975,-0.104762,0.718711
mock_08642,Bulk,Yellow,187.335,165.2832,121.6406,-0.317001,5.039363
mock_08643,Trilayer,Purple-Blue,127.1592,147.5449,209.6543,-0.185391,1.047937
mock_08644,Trilayer,Purple-Blue,127.5146,147.7852,209.8809,-0.162524,0.933647
mock_08645,Bulk,Yellow,187.1455,165.4824,121.2246,-0.306002,5.013678
mock_08646,Monolayer,Light Blue,189.6709,204.5273,236.998,-0.030567,0.29782
mock_08647,Monolayer,Light Blue,189.7246,204.4707,237.6494,-0.077617,0.136631
mock_08648,Few Layers,Green,114.4268,169.8789,148.9912,-0.248379,2.123104
mock_08649,Bulk,Yellow,187.1729,165.5332,121.7256,-0.331192,4.920789
mock_08650,Bulk,Yellow,187.8379,165.3223,121.2051,-0.315942,4.96048
mock_08651,Bulk,Yellow,187.5459,165.5205,121.5146,-0.342349,5.065926
mock_08652,Few Layers,Green,114.4658,169.3682,149.416,-0.25501,2.201003
mock_08653,Bilayer,Blue,154.4824,179.5967,219.2822,-0.071512,0.614427
mock_08654,Trilayer,Purple-Blue,127.4639,147.0479,209.2178,-0.147129,0.98385
mock_08655,Bulk,Yellow,187.4795,165.958,121.4043,-0.331345,4.869018
mock_08656,Bilayer,Blue,154.3936,179.4365,219.5566,-0.089839,0.747227
mock_08657,Monolayer,Light Blue,189.3271,204.4551,237.6895,-0.0541,0.391918
mock_08658,Bilayer,Blue,154.5771,179.6963,219.0684,-0.114984,0.691556
mock_08659,Monolayer,Light Blue,189.3271,204.498,237.1621,-0.067809,0.418241
mock_08660,Few Layers,Green,114.2373,169.4238,149.6914,-0.228504,2.117183
mock_08661,Bilayer,Blue,154.5762,179.5869,219.2207,-0.115091,0.612726
mock_08662,Bilayer,Blue,154.3574,179.4668,219.5811,-0.122097,0.616103
mock_08663,Few Layers,Green,114.6582,169.6367,149.4893,-0.251751,2.205602
mock_08664,Trilayer,Purple-Blue,127.3574,146.6934,208.9893,-0.160295,0.932731
mock_08665,Monolayer,Light Blue,189.7852,204.3896,236.9248,-0.0444,0.301754
mock_08666,Trilayer,Purple-Blue,127.6279,147.541,209.1787,-0.165712,1.206727
mock_08667,Few Layers,Green,114.2373,169.4375,149.4473,-0.234391,2.143908
mock_08668,Few Layers,Green,114.6367,169.5547,149.5156,-0.231266,2.352922
mock_08669,Few Layers,Green,114.4043,169.8379,149.7529,-0.228695,2.161381
mock_08670,Few Layers,Green,114.9648,169.3574,149.1914,-0.247259,2.09624
mock_08671,Few Layers,Green,114.5859,169.6426,149.4697,-0.260507,2.322517
mock_08672,Bilayer,Blue,154.793,179.9492,219.6758,-0.080239,0.702493
mock_08673,Bilayer,Blue,154.165,179.4707,220.0029,-0.101293,0.662826
mock_08674,Bulk,Yellow,187.332,165.7012,121.5986,-0.302528,4.907282
mock_08675,Monolayer,Light Blue,189.2764,204.4072,236.9805,-0.017663,0.376469
mock_08676,Bulk,Yellow,187.1797,165.1914,121.2822,-0.307659,5.025322
mock_08677,Few Layers,Green,114.2969,169.5039,149.4844,-0.26439,2.196911
mock_08678,Bilayer,Blue,154.2881,179.5166,219.3447,-0.103189,0.754231
mock_08679,Monolayer,Light Blue,189.749,204.5752,237.4941,-0.067372,0.332823
mock_08680,Bulk,Yellow,187.4619,165.2246,122.0391,-0.343258,5.048794
mock_08681,Few Layers,Green,114.3916,169.5137,149.8877,-0.260693,2.26762
mock_08682,Bulk,Yellow,188.0527,165.5654,121.5957,-0.343301,4.979592
mock_08683,Few Layers,Green,114.2559,169.3486,149.9297,-0.222027,2.322142
mock_08684,Monolayer,Light Blue,189.6025,204.9766,237.5098,-0.041902,0.237519
mock_08685,Monolayer,Light Blue,189.3691,204.6641,237.668,-0.067063,0.346365
mock_08686,Monolayer,Light Blue,189.9561,204.457,237.4023,-0.055142,0.399696
mock_08687,Monolayer,Light Blue,189.5566,204.2295,237.6299,-0.038411,0.428783
mock_08688,Trilayer,Purple-Blue,127.5938,147.5566,209.3887,-0.15555,0.99469
mock_08689,Bilayer,Blue,154.3516,179.502,219.792,-0.088438,0.535739
mock_08690,Monolayer,Light Blue,189.4844,204.0967,237.2314,-0.051409,0.331998
mock_08691,Trilayer,Purple-Blue,127.6162,147.7432,209.4707,-0.170446,0.99621
mock_08692,Bulk,Yellow,187.541,165.4346,121.3818,-0.30273,4.908767
mock_08693,Bilayer,Blue,154.832,179.3438,219.5996,-0.111399,0.756648
mock_08694,Bilayer,Blue,154.6396,179.3926,219.6514,-0.110021,0.753138
mock_08695,Monolayer,Light Blue,189.8672,204.7939,237.5586,-0.060078,0.354693
mock_08696,Trilayer,Purple-Blue,127.5762,147.6309,209.498,-0.169342,0.875739
mock_08697,Trilayer,Purple-Blue,127.4707,147.2842,209.2256,-0.155177,1.094678
mock_08698,Bilayer,Blue,154.5205,179.7725,219.3877,-0.100004,0.69268
mock_08699,Bilayer,Blue,154.5732,179.6406,219.6904,-0.123336,0.696896
mock_08700,Monolayer,Light Blue,189.8066,204.4307,237.165,-0.067927,0.432536
mock_08701,Monolayer,Light Blue,189.5029,204.7754,237.6055,-0.047687,0.373647
mock_08702,Few Layers,Green,114.7744,169.5605,149.5566,-0.236357,2.15779
mock_08703,Monolayer,Light Blue,189.5146,204.4404,237.2266,-0.046133,0.292712
mock_08704,Few Layers,Green,114.5166,169.3076,149.5928,-0.237957,2.264262
mock_08705,Bilayer,Blue,154.6025,179.6309,219.4346,-0.085324,0.556476
mock_08706,Trilayer,Purple-Blue,127.7002,147.665,209.4229,-0.146971,0.90335
mock_08707,Monolayer,Light Blue,189.5156,204.3252,238.1191,-0.048865,0.299794
mock_08708,Few Layers,Green,114.4326,169.5479,149.7061,-0.208084,2.216912
mock_08709,Bulk,Yellow,187.6123,165.7051,121.4756,-0.325675,4.957538
mock_08710,Bilayer,Blue,154.457,179.3564,219.7275,-0.088584,0.694071
mock_08711,Monolayer,Light Blue,189.5127,204.7295,237.335,-0.053677,0.261467
mock_08712,Few Layers,Green,114.9307,169.4521,149.0469,-0.230689,2.144187
mock_08713,Bilayer,Blue,154.7041,179.7305,219.4482,-0.080626,0.573621
mock_08714,Few Layers,Green,114.7275,169.4434,149.2451,-0.217807,2.228476
mock_08715,Monolayer,Light Blue,190.0928,204.5723,237.3926,-0.065449,0.410582
mock_08716,Few Layers,Green,114.6777,169.1426,148.9355,-0.23079,2.157108
mock_08717,Bilayer,Blue,154.0674,179.5771,219.6338,-0.104689,0.882158
mock_08718,Bulk,Yellow,187.2646,165.4141,121.3867,-0.329359,4.867939
mock_08719,Monolayer,Light Blue,189.2275,204.5098,237.3877,-0.057976,0.413554
mock_08720,Trilayer,Purple-Blue,127.5049,147.6826,209.1953,-0.165781,1.009084
mock_08721,Bulk,Yellow,187.1768,165.54,121.54,-0.367882,5.024552
mock_08722,Monolayer,Light Blue,189.5908,204.5996,237.6357,-0.045426,0.4126
mock_08723,Monolayer,Light Blue,189.541,204.1279,237.6016,-0.028984,0.280569
mock_08724,Trilayer,Purple-Blue,127.25,147.9102,209.5156,-0.143094,1.059176
mock_08725,Monolayer,Light Blue,189.5303,204.5625,237.3789,-0.057304,0.295082
mock_08726,Bilayer,Blue,154.7861,179.5176,219.7861,-0.107325,0.671887
mock_08727,Bilayer,Blue,154.3486,179.6484,219.5791,-0.094474,0.738112
mock_08728,Monolayer,Light Blue,189.4551,204.4404,237.4551,-0.033795,0.411955
mock_08729,Bulk,Yellow,187.8672,165.6221,121.2725,-0.33435,4.998434
mock_08730,Bilayer,Blue,154.1504,179.2812,219.8779,-0.093081,0.567144
mock_08731,Monolayer,Light Blue,189.2471,204.6641,237.5742,-0.067006,0.281736
mock_08732,Bilayer,Blue,154.7607,179.5039,219.4482,-0.103779,0.709549
mock_08733,Bulk,Yellow,187.6309,165.335,121.623,-0.310972,5.056768
mock_08734,Trilayer,Purple-Blue,127.5449,147.7607,209.7783,-0.169397,0.857369
mock_08735,Monolayer,Light Blue,189.5596,204.8369,237.3682,-0.048219,0.418918
mock_08736,Bilayer,Blue,153.959,178.8086,219.6953,-0.087541,0.705731
mock_08737,Few Layers,Green,114.6465,169.5137,149.4092,-0.228762,2.260921
mock_08738,Trilayer,Purple-Blue,127.6133,147.6943,209.1963,-0.147213,1.020588
mock_08739,Few Layers,Green,113.9463,169.3623,149.3613,-0.276888,2.383834
mock_08740,Bulk,Yellow,187.4023,165.3809,121.5635,-0.312612,5.056103
mock_08741,Few Layers,Green,114.4121,169.5117,149.7646,-0.221627,2.20156
mock_08742,Monolayer,Light Blue,189.415,204.0947,236.9834,-0.07942,0.354136
mock_08743,Bulk,Yellow,187.5508,165.5156,121.416,-0.34738,4.979155
mock_08744,Few Layers,Green,114.4492,169.375,149.124,-0.256808,2.234148
mock_08745,Bilayer,Blue,154.4873,179.7471,219.4795,-0.106742,0.7245
mock_08746,Bilayer,Blue,153.7666,179.3232,219.6689,-0.108571,0.640005
mock_08747,Monolayer,Light Blue,189.334,204.5088,237.5938,-0.027295,0.356241
mock_08748,Bulk,Yellow,187.5967,165.4092,121.3457,-0.298412,4.966383
mock_08749,Few Layers,Green,114.7334,169.9111,148.918,-0.230279,2.276069
mock_08750,Few Layers,Green,114.2402,169.2012,150.2295,-0.2437,2.155943
mock_08751,Bilayer,Blue,154.4707,179.5479,219.3857,-0.111898,0.588255
mock_08752,Monolayer,Light Blue,189.7031,204.5068,237.4209,-0.046312,0.329657
mock_08753,Bulk,Yellow,187.5068,165.5488,121.4043,-0.33457,5.047663
mock_08754,Bilayer,Blue,154.165,179.3135,219.499,-0.098613,0.722442
mock_08755,Few Layers,Green,114.4395,169.9082,149.2227,-0.228784,1.97594
mock_08756,Monolayer,Light Blue,189.5898,204.752,237.626,-0.058219,0.201765
mock_08757,Trilayer,Purple-Blue,127.2041,147.376,209.5986,-0.153882,0.921707
mock_08758,Bilayer,Blue,154.4648,179.3916,219.2705,-0.118895,0.744227
mock_08759,Bulk,Yellow,188.001,165.3447,121.7148,-0.323644,4.95568
mock_08760,Bilayer,Blue,154.6299,179.5283,220.0127,-0.114202,0.714402
mock_08761,Monolayer,Light Blue,189.1621,204.9775,237.5947,-0.065333,0.397898
mock_08762,Bilayer,Blue,154.7129,180.3438,219.0908,-0.079844,0.68105
mock_08763,Trilayer,Purple-Blue,127.2725,147.4023,208.957,-0.178058,1.075115
mock_08764,Trilayer,Purple-Blue,127.4141,147.25,209.833,-0.168301,0.889843
mock_08765,Monolayer,Light Blue,189.3926,204.458,237.6113,-0.039805,0.447825
mock_08766,Trilayer,Purple-Blue,128.209,147.4727,209.3008,-0.148893,0.949741
mock_08767,Bilayer,Blue,154.499,179.7861,219.1094,-0.097619,0.536242
mock_08768,Trilayer,Purple-Blue,127.2402,147.626,209.3701,-0.166354,0.751039
mock_08769,Monolayer,Light Blue,189.6123,204.5527,237.3721,-0.029944,0.437484
mock_08770,Bilayer,Blue,153.9473,179.2256,219.2461,-0.097134,0.690526
mock_08771,Few Layers,Green,114.9277,169.4961,149.1621,-0.223086,2.254884
mock_08772,Bilayer,Blue,155.2705,179.6592,219.6719,-0.117106,0.58955
mock_08773,Bilayer,Blue,154.5273,179.376,219.4688,-0.103987,0.689537
mock_08774,Trilayer,Purple-Blue,127.9883,147.5938,209.582,-0.156405,0.811601
mock_08775,Bilayer,Blue,154.3975,179.7188,219.6055,-0.088235,0.856193
mock_08776,Few Layers,Green,114.623,169.6699,149.9678,-0.218441,2.298237
mock_08777,Monolayer,Light Blue,189.6963,204.4326,237.4111,-0.046691,0.52309
mock_08778,Monolayer,Light Blue,189.2773,204.4307,237.6494,-0.069938,0.403819
mock_08779,Bilayer,Blue,154.1191,179.7363,220.1709,-0.113777,0.694498
mock_08780,Bulk,Yellow,187.458,165.7275,121.666,-0.319312,4.965058
mock_08781,Monolayer,Light Blue,189.7979,204.5635,237.458,-0.042445,0.490472
mock_08782,Bulk,Yellow,187.3428,165.4521,121.4619,-0.324767,4.854799
mock_08783,Few Layers,Green,114.6768,169.4902,149.6758,-0.236807,2.215653
mock_08784,Trilayer,Purple-Blue,127.0684,147.2656,209.2734,-0.17017,1.019349
mock_08785,Few Layers,Green,114.291,169.9482,149.2734,-0.260275,2.32971
mock_08786,Trilayer,Purple-Blue,127.2461,148.042,209.4004,-0.152139,0.98118
mock_08787,Trilayer,Purple-Blue,127.4229,147.8643,209.3809,-0.164685,0.961424
mock_08788,Bulk,Yellow,187.4912,165.0127,122.043,-0.317686,4.974826
mock_08789,Monolayer,Light Blue,189.5244,204.5381,237.4238,-0.083212,0.405044
mock_08790,Trilayer,Purple-Blue,127.7334,147.915,209.293,-0.13169,1.108972
mock_08791,Monolayer,Light Blue,189.6396,204.624,237.4434,-0.051823,0.339939
mock_08792,Monolayer,Light Blue,189.5576,204.1602,237.4404,-0.059257,0.273674
mock_08793,Trilayer,Purple-Blue,127.3486,147.3926,209.0176,-0.147451,1.0203
mock_08794,Bulk,Yellow,187.6914,165.4268,120.8535,-0.337514,4.99501
mock_08795,Bilayer,Blue,154.376,179.1533,219.4395,-0.09809,0.675678
mock_08796,Bilayer,Blue,154.6562,179.4375,219.2432,-0.112466,0.669025
mock_08797,Bulk,Yellow,187.4834,165.5566,122.0664,-0.306628,5.206574
mock_08798,Few Layers,Green,114.8789,169.1758,149.7568,-0.21171,2.361269
mock_08799,Bulk,Yellow,187.416,165.3438,121.5918,-0.328852,5.018043
mock_08800,Bilayer,Blue,154.5498,179.5547,218.8887,-0.085498,0.491915
mock_08801,Trilayer,Purple-Blue,127.3018,147.6807,209.4277,-0.152333,1.063546
mock_08802,Trilayer,Purple-Blue,127.6045,147.1855,209.6201,-0.196984,0.876899
mock_08803,Few Layers,Green,114.499,169.5352,149.584,-0.240883,2.282892
mock_08804,Monolayer,Light Blue,189.5254,204.7246,236.9131,-0.071583,0.217231
mock_08805,Bilayer,Blue,154.4424,178.8379,219.4619,-0.099052,0.60256
mock_08806,Bulk,Yellow,187.665,165.6592,121.2412,-0.350687,5.039358
mock_08807,Trilayer,Purple-Blue,127.6172,147.4023,209.5811,-0.148719,1.099836
mock_08808,Monolayer,Light Blue,188.9531,204.3857,237.6768,-0.060781,0.390458
mock_08809,Bilayer,Blue,154.7695,179.6494,219.2383,-0.066775,0.572483
mock_08810,Bulk,Yellow,187.5518,165.625,121.6016,-0.303272,4.950842
mock_08811,Bulk,Yellow,187.7256,165.6816,121.4414,-0.311681,5.075949
mock_08812,Bulk,Yellow,187.832,165.3262,121.7295,-0.33255,5.150631
mock_08813,Bilayer,Blue,154.5156,179.9854,220.2793,-0.095184,0.709821
mock_08814,Monolayer,Light Blue,189.5117,204.667,237.4453,-0.050102,0.215469
mock_08815,Monolayer,Light Blue,189.7207,204.3789,237.6064,-0.037146,0.358012
mock_08816,Trilayer,Purple-Blue,127.8945,146.9121,209.7549,-0.14106,1.151073
mock_08817,Monolayer,Light Blue,189.7793,204.8799,237.6904,-0.076866,0.216452
mock_08818,Bilayer,Blue,154.4688,179.2061,219.373,-0.106352,0.784547
mock_08819,Few Layers,Green,114.3047,169.5781,149.6191,-0.220369,2.277513
mock_08820,Monolayer,Light Blue,189.9385,204.5615,237.3154,-0.055123,0.460849
mock_08821,Trilayer,Purple-Blue,127.3398,147.6182,209.5547,-0.154396,1.137723
mock_08822,Monolayer,Light Blue,189.5674,204.4658,237.3809,-0.0532,0.305052
mock_08823,Trilayer,Purple-Blue,127.6484,147.5303,209.5098,-0.172054,1.075057
mock_08824,Bulk,Yellow,187.6416,165.2695,120.9395,-0.309905,4.829569
mock_08825,Trilayer,Purple-Blue,127.626,147.4014,210.0654,-0.142086,1.103695
mock_08826,Trilayer,Purple-Blue,127.0908,147.4629,209.5234,-0.161619,0.907982
mock_08827,Bilayer,Blue,154.1807,179.7744,219.0938,-0.097756,0.663642
mock_08828,Few Layers,Green,114.3877,169.4062,149.3428,-0.25406,2.145346
mock_08829,Monolayer,Light Blue,189.7578,204.3467,237.1641,-0.04083,0.354317
mock_08830,Bilayer,Blue,154.7354,179.4766,219.376,-0.091204,0.755883
mock_08831,Trilayer,Purple-Blue,127.4482,147.457,209.4502,-0.176617,0.989732
mock_08832,Trilayer,Purple-Blue,127.4492,147.8008,209.0908,-0.141686,0.992876
mock_08833,Few Layers,Green,114.3115,169.5771,149.4365,-0.242058,2.142976
mock_08834,Bilayer,Blue,154.3076,179.667,219.6426,-0.088275,0.578506
mock_08835,Trilayer,Purple-Blue,127.1846,147.8389,209.0928,-0.150912,0.964015
mock_08836,Monolayer,Light Blue,190.0732,204.4258,237.6016,-0.019403,0.3687
mock_08837,Monolayer,Light Blue,189.8574,204.4658,237.2305,-0.057609,0.237614
mock_08838,Bilayer,Blue,154.582,179.6826,219.7578,-0.073283,0.62226
mock_08839,Monolayer,Light Blue,189.7285,204.627,237.4033,-0.069549,0.240923
mock_08840,Trilayer,Purple-Blue,127.8848,147.7402,209.5146,-0.149389,0.983084
mock_08841,Bilayer,Blue,154.498,179.376,219.6982,-0.135457,0.553342
mock_08842,Bulk,Yellow,187.46,165.877,121.7314,-0.338579,4.892587
mock_08843,Monolayer,Light Blue,189.6191,204.4268,237.1768,-0.074459,0.559791
mock_08844,Monolayer,Light Blue,189.5166,204.9785,237.5176,-0.037006,0.46647
mock_08845,Monolayer,Light Blue,189.7041,204.2607,237.2051,-0.046139,0.26317
mock_08846,Few Layers,Green,114.7607,169.9512,149.2979,-0.234157,2.093205
mock_08847,Monolayer,Light Blue,189.3438,204.625,237.2188,-0.06713,0.364087
mock_08848,Bilayer,Blue,154.6045,179.374,219.6035,-0.10731,0.781933
mock_08849,Trilayer,Purple-Blue,127.5654,147.5225,209.6807,-0.163707,0.992956
mock_08850,Few Layers,Green,114.5752,169.5225,149.2461,-0.28032,2.153571
mock_08851,Bilayer,Blue,154.3535,179.29,219.0859,-0.104895,0.653915
mock_08852,Bilayer,Blue,154.5225,179.2588,219.8311,-0.120536,0.58271
mock_08853,Bilayer,Blue,154.9463,179.0596,219.8281,-0.107189,0.586882
mock_08854,Bilayer,Blue,154.333,179.3096,219.0449,-0.082148,0.594551
mock_08855,Few Layers,Green,114.6533,169.75,149.4053,-0.248318,2.176765
mock_08856,Monolayer,Light Blue,189.7217,203.9609,237.2451,-0.047838,0.099694
mock_08857,Bulk,Yellow,187.7832,165.6377,121.7168,-0.326795,4.918941
mock_08858,Monolayer,Light Blue,189.7119,204.5674,236.7227,-0.028899,0.318586
mock_08859,Bulk,Yellow,187.6865,165.6426,121.8994,-0.343004,5.012294
mock_08860,Few Layers,Green,114.6855,169.6475,149.2949,-0.231031,2.251392
mock_08861,Few Layers,Green,114.0713,169.4697,149.3359,-0.232257,2.23517
mock_08862,Monolayer,Light Blue,189.2031,204.7168,237.5049,-0.04668,0.436309
mock_08863,Monolayer,Light Blue,189.2324,204.8516,237.6289,-0.066462,0.40042
mock_08864,Monolayer,Light Blue,188.9307,204.7256,237.4434,-0.071301,0.252463
mock_08865,Monolayer,Light Blue,189.9189,204.7949,237.4248,-0.041051,0.301295
mock_08866,Monolayer,Light Blue,189.5166,204.626,237.4883,-0.066243,0.335902
mock_08867,Few Layers,Green,114.3672,169.5596,149.4287,-0.245438,2.207602
mock_08868,Trilayer,Purple-Blue,127.7793,147.6807,209.457,-0.138096,1.057708
mock_08869,Few Layers,Green,114.6318,169.7178,149.8945,-0.253352,2.084467
mock_08870,Few Layers,Green,114.3848,169.3037,149.4805,-0.267459,2.277188
mock_08871,Bulk,Yellow,187.292,165.4395,121.3809,-0.310217,4.933726
mock_08872,Bilayer,Blue,154.5078,179.3359,219.6357,-0.11438,0.649627
mock_08873,Few Layers,Green,114.0869,169.4717,149.1465,-0.222289,2.282996
mock_08874,Bulk,Yellow,187.0283,165.5391,122.0312,-0.34471,5.134273
mock_08875,Bulk,Yellow,187.4736,165.4209,121.3477,-0.345772,4.987898
mock_08876,Few Layers,Green,114.7324,169.6211,149.1025,-0.240741,2.110421
mock_08877,Trilayer,Purple-Blue,127.542,147.5693,209.7051,-0.158179,1.065592
mock_08878,Monolayer,Light Blue,189.5078,204.6475,237.2314,-0.055889,0.344958
mock_08879,Few Layers,Green,114.5693,169.5371,149.374,-0.233419,2.071603
mock_08880,Bulk,Yellow,187.6113,165.3877,121.8242,-0.306734,5.061148
mock_08881,Monolayer,Light Blue,189.4121,204.3271,237.2041,-0.049455,0.386771
mock_08882,Bilayer,Blue,154.3262,178.8516,219.5615,-0.121487,0.698329
mock_08883,Few Layers,Green,114.5723,169.2188,149.459,-0.245848,2.182348
mock_08884,Bilayer,Blue,154.4033,179.1162,219.0918,-0.105311,0.539437
mock_08885,Bilayer,Blue,154.5273,179.3721,220.0352,-0.105688,0.723524
mock_08886,Monolayer,Light Blue,189.7178,204.2861,237.4238,-0.052813,0.170993
mock_08887,Few Layers,Green,114.2334,169.374,149.1836,-0.242372,2.212332
mock_08888,Few Layers,Green,114.7246,169.5518,150.2744,-0.246622,2.189713
mock_08889,Monolayer,Light Blue,189.7227,204.582,237.5859,-0.022694,0.392915
mock_08890,Trilayer,Purple-Blue,127.4844,147.8936,209.4092,-0.184603,1.053428
mock_08891,Bilayer,Blue,154.2812,179.9062,218.9834,-0.082762,0.563262
mock_08892,Few Layers,Green,114.0703,169.3643,149.5947,-0.259759,2.160054
mock_08893,Trilayer,Purple-Blue,127.6328,147.2852,209.1377,-0.138201,1.165338
mock_08894,Monolayer,Light Blue,189.7139,204.583,237.4199,-0.054194,0.274688
mock_08895,Monolayer,Light Blue,190.208,204.8486,237.5215,-0.06496,0.304264
mock_08896,Trilayer,Purple-Blue,127.4834,147.5664,209.4844,-0.177696,0.929206
mock_08897,Trilayer,Purple-Blue,127.3848,147.5967,209.2471,-0.164847,0.999763
mock_08898,Trilayer,Purple-Blue,127.4766,147.2812,209.5459,-0.171238,1.032125
mock_08899,Bilayer,Blue,154.7285,179.9756,219.583,-0.090769,0.712971
mock_08900,Few Layers,Green,114.6924,169.2461,149.4092,-0.228038,2.221839
mock_08901,Monolayer,Light Blue,189.0508,204.4766,237.5488,-0.039437,0.241297
mock_08902,Monolayer,Light Blue,189.665,204.9326,237.416,-0.054476,0.283132
mock_08903,Bilayer,Blue,154.1572,179.6816,219.2393,-0.096386,0.716326
mock_08904,Few Layers,Green,114.957,169.5391,149.5908,-0.249837,2.34945
mock_08905,Trilayer,Purple-Blue,127.5762,147.3105,209.4502,-0.134037,0.990709
mock_08906,Monolayer,Light Blue,189.9844,204.1094,237.4424,-0.058716,0.317479
mock_08907,Few Layers,Green,114.2852,169.333,149.7744,-0.212909,2.180066
mock_08908,Monolayer,Light Blue,189.457,204.707,237.3857,-0.094428,0.272227
mock_08909,Few Layers,Green,114.4023,168.9795,149.5322,-0.271014,2.146962
mock_08910,Monolayer,Light Blue,189.8057,204.3613,237.2139,-0.030131,0.235768
mock_08911,Few Layers,Green,114.1963,169.4668,149.5596,-0.248926,2.168862
mock_08912,Bulk,Yellow,187.6484,165.5439,121.5693,-0.315554,5.112483
mock_08913,Few Layers,Green,114.2832,169.4355,149.3838,-0.258012,2.129996
mock_08914,Bilayer,Blue,154.4824,179.8711,219.8477,-0.105648,0.662855
mock_08915,Bulk,Yellow,187.4092,164.96,121.1504,-0.344652,5.049429
mock_08916,Monolayer,Light Blue,189.1699,204.4102,237.5,-0.033167,0.337374
mock_08917,Trilayer,Purple-Blue,127.9053,147.29,209.3359,-0.141797,1.075743
mock_08918,Monolayer,Light Blue,189.4854,204.7773,237.792,-0.043637,0.349938
mock_08919,Trilayer,Purple-Blue,127.7002,147.6641,209.4355,-0.168218,1.064488
mock_08920,Trilayer,Purple-Blue,126.8633,147.8389,209.0635,-0.114182,1.066966
mock_08921,Monolayer,Light Blue,189.5381,204.8496,237.3232,-0.058569,0.35132
mock_08922,Bilayer,Blue,154.4482,179.6143,219.3721,-0.127074,0.638514
mock_08923,Monolayer,Light Blue,189.3652,204.1387,237.5293,-0.029533,0.392019
mock_08924,Bilayer,Blue,154.6426,179.0586,219.6133,-0.122955,0.646128
mock_08925,Few Layers,Green,114.7197,169.4678,149.4922,-0.270347,2.298457
mock_08926,Trilayer,Purple-Blue,126.999,147.5908,209.7236,-0.164209,1.000964
mock_08927,Bilayer,Blue,154.4307,179.5752,219.1104,-0.100604,0.758836
mock_08928,Monolayer,Light Blue,189.7139,204.4727,237.1748,-0.054329,0.375164
mock_08929,Bilayer,Blue,154.668,179.6387,219.5029,-0.114411,0.772328
mock_08930,Few Layers,Green,114.4023,169.1641,149.2959,-0.228259,2.119771
mock_08931,Few Layers,Green,114.3867,169.543,149.4883,-0.238938,2.329721
mock_08932,Bilayer,Blue,154.6182,179.8418,219.5107,-0.115176,0.727639
mock_08933,Trilayer,Purple-Blue,127.6133,147.3125,208.4648,-0.165827,0.943367
mock_08934,Trilayer,Purple-Blue,127.3867,147.6582,209.7754,-0.158082,0.979755
mock_08935,Few Layers,Green,113.875,169.6934,149.6689,-0.232753,2.007808
mock_08936,Trilayer,Purple-Blue,127.1826,147.583,209.5293,-0.171515,0.955097
mock_08937,Trilayer,Purple-Blue,127.7148,148.1133,209.3887,-0.161526,0.982813
mock_08938,Monolayer,Light Blue,189.9238,204.7471,237.958,-0.036921,0.407271
mock_08939,Bulk,Yellow,187.8691,165.3672,121.3604,-0.317843,5.056123
mock_08940,Bulk,Yellow,186.792,165.6426,121.2314,-0.322035,4.949757
mock_08941,Few Layers,Green,114.5615,169.7061,149.3291,-0.25322,2.283141
mock_08942,Few Layers,Green,114.5127,169.6338,149.4834,-0.242166,2.097916
mock_08943,Bulk,Yellow,187.3369,165.4512,121.7363,-0.31308,5.000939
mock_08944,Trilayer,Purple-Blue,127.4863,147.4775,209.4648,-0.166316,0.958015
mock_08945,Trilayer,Purple-Blue,127.3574,148.0889,209.4307,-0.160843,1.059304
mock_08946,Bilayer,Blue,154.8047,179.4834,219.5586,-0.121297,0.638015
mock_08947,Few Layers,Green,114.6035,169.5332,149.916,-0.251633,2.193302
mock_08948,Bilayer,Blue,154.5674,179.4531,219.541,-0.126839,0.655379
mock_08949,Trilayer,Purple-Blue,127.8506,147.9326,209.6484,-0.173664,1.023241
mock_08950,Few Layers,Green,114.541,169.1904,149.582,-0.237926,2.19571
mock_08951,Few Layers,Green,114.9258,169.6572,149.8359,-0.224421,2.155383
mock_08952,Few Layers,Green,114.3359,169.2988,149.2949,-0.257991,2.189646
mock_08953,Monolayer,Light Blue,189.6113,204.3584,237.8115,-0.02878,0.324953
mock_08954,Monolayer,Light Blue,189.8359,204.1982,237.1934,-0.042031,0.432028
mock_08955,Monolayer,Light Blue,189.9346,204.5312,237.293,-0.028369,0.247201
mock_08956,Bilayer,Blue,154.5098,179.3477,219.6162,-0.09297,0.631858
mock_08957,Bilayer,Blue,154.3691,179.0068,219.7617,-0.107813,0.594215
mock_08958,Trilayer,Purple-Blue,127.4932,147.5049,209.7061,-0.159171,0.993952
mock_08959,Bulk,Yellow,187.5713,165.8877,121.4727,-0.34142,5.053473
mock_08960,Trilayer,Purple-Blue,127.6348,147.5,209.2881,-0.167375,0.900611
mock_08961,Few Layers,Green,114.5703,169.7422,149.2354,-0.256258,2.220921
mock_08962,Monolayer,Light Blue,189.8047,204.4189,237.4473,-0.039342,0.391512
mock_08963,Bulk,Yellow,187.376,165.3467,121.5859,-0.341473,5.00405
mock_08964,Bilayer,Blue,154.9199,179.252,219.2891,-0.103358,0.586359
mock_08965,Few Layers,Green,114.1025,169.4844,149.5859,-0.24574,2.194715
mock_08966,Trilayer,Purple-Blue,127.2988,147.2852,209.1152,-0.160403,0.974833
mock_08967,Bilayer,Blue,154.4102,179.332,219.7207,-0.120327,0.518354
mock_08968,Monolayer,Light Blue,189.6895,204.5508,237.333,-0.060426,0.355184
mock_08969,Bulk,Yellow,187.6758,165.7305,121.5947,-0.321719,4.975717
mock_08970,Trilayer,Purple-Blue,127.7969,147.5684,209.4502,-0.19099,0.843766
mock_08971,Monolayer,Light Blue,189.0527,204.3672,237.7207,-0.022126,0.330353
mock_08972,Few Layers,Green,114.2324,169.4189,149.2275,-0.237221,2.183926
mock_08973,Monolayer,Light Blue,189.5371,204.9883,237.8193,-0.061453,0.435357
mock_08974,Bilayer,Blue,154.2256,179.25,219.3896,-0.100037,0.66963
mock_08975,Trilayer,Purple-Blue,127.5674,148.0283,209.5771,-0.162913,0.866865
mock_08976,Trilayer,Purple-Blue,127.1543,147.7109,209.333,-0.165142,0.88636
mock_08977,Few Layers,Green,114.5469,169.6943,149.3359,-0.223777,2.216462
mock_08978,Monolayer,Light Blue,189.3711,204.7451,237.3164,-0.055952,0.315687
mock_08979,Bilayer,Blue,154.8584,179.3594,219.1367,-0.09918,0.688769
mock_08980,Trilayer,Purple-Blue,127.3154,147.1855,209.5547,-0.152862,0.877037
mock_08981,Few Layers,Green,114.4033,169.6035,149.5811,-0.233438,2.133848
mock_08982,Bilayer,Blue,154.6006,179.458,219.9814,-0.103806,0.633555
mock_08983,Trilayer,Purple-Blue,127.0732,146.9209,209.5986,-0.17229,1.040853
mock_08984,Monolayer,Light Blue,189.4834,204.5225,237.71,-0.036394,0.221954
mock_08985,Bulk,Yellow,187.5508,165.8584,121.8389,-0.325342,5.116298
mock_08986,Bulk,Yellow,187.7236,165.7236,121.3164,-0.326944,4.968823
mock_08987,Bilayer,Blue,154.0908,180.0049,218.9287,-0.091226,0.797084
mock_08988,Bulk,Yellow,187.6895,165.8086,121.2764,-0.294921,5.018291
mock_08989,Few Layers,Green,114.5947,169.4941,149.7324,-0.234083,2.266114
mock_08990,Bilayer,Blue,154.6484,179.293,220.1318,-0.080896,0.578114
mock_08991,Trilayer,Purple-Blue,127.5693,147.2295,209.4551,-0.151025,1.011651
mock_08992,Trilayer,Purple-Blue,127.5303,147.7217,209.5273,-0.132283,1.031117
mock_08993,Monolayer,Light Blue,189.8896,204.6611,237.333,-0.039116,0.361853
mock_08994,Monolayer,Light Blue,189.5918,204.6191,237.3662,-0.056572,0.295718
mock_08995,Bilayer,Blue,154.4326,179.6631,219.6318,-0.076296,0.58502
mock_08996,Bulk,Yellow,187.5518,165.3408,121.4258,-0.334343,5.024713
mock_08997,Bulk,Yellow,187.2881,165.9375,121.1689,-0.307988,5.000229
mock_08998,Bilayer,Blue,154.7061,179.8145,219.4717,-0.073201,0.506461
mock_08999,Bilayer,Blue,154.7568,179.5635,219.5225,-0.078512,0.702382
mock_09000,Monolayer,Light Blue,189.4141,204.6191,237.0215,-0.055104,0.466066
mock_09001,Bulk,Yellow,187.7188,166.1016,121.9873,-0.324714,4.946801
mock_09002,Bulk,Yellow,187.335,165.5703,121.5469,-0.331148,5.110786
mock_09003,Monolayer,Light Blue,189.2725,204.3721,237.3643,-0.070922,0.250659
mock_09004,Bilayer,Blue,154.3379,179.5244,219.7666,-0.113079,0.697425
mock_09005,Few Layers,Green,114.1494,169.5889,149.8252,-0.245211,2.178141
mock_09006,Few Layers,Green,114.6104,169.4961,149.4482,-0.237711,2.198919
mock_09007,Monolayer,Light Blue,189.5498,204.3555,237.7393,-0.043772,0.315197
mock_09008,Bulk,Yellow,187.5859,165.4785,121.0439,-0.321599,5.041185
mock_09009,Bulk,Yellow,187.4102,165.5439,121.9834,-0.336646,5.080036
mock_09010,Monolayer,Light Blue,189.4893,204.6396,237.4668,-0.060759,0.322587
mock_09011,Monolayer,Light Blue,189.4502,204.418,237.5254,-0.036451,0.27335
mock_09012,Bulk,Yellow,187.5498,165.7041,121.5332,-0.305111,5.132826
mock_09013,Few Layers,Green,114.4863,169.8906,149.4404,-0.263071,2.169395
mock_09014,Few Layers,Green,115.0439,169.5176,149.1836,-0.254382,2.210208
mock_09015,Bulk,Yellow,187.6104,165.5088,121.499,-0.275377,4.941828
mock_09016,Bulk,Yellow,187.6699,165.5371,121.4854,-0.317383,4.930622
mock_09017,Bilayer,Blue,154.7988,179.2783,219.4707,-0.098589,0.671497
mock_09018,Trilayer,Purple-Blue,127.2539,147.8857,209.2822,-0.181528,1.04052
mock_09019,Monolayer,Light Blue,189.6348,204.6035,237.2119,-0.044738,0.186484
mock_09020,Monolayer,Light Blue,189.9932,204.5625,237.5342,-0.045223,0.352243
mock_09021,Monolayer,Light Blue,189.3115,204.0508,237.0977,-0.048602,0.17815
mock_09022,Monolayer,Light Blue,189.1074,204.5703,237.5332,-0.038548,0.296614
mock_09023,Monolayer,Light Blue,189.1895,204.5137,237.5537,-0.061308,0.353808
mock_09024,Trilayer,Purple-Blue,127.3154,147.04,209.7705,-0.137856,0.958319
mock_09025,Bulk,Yellow,187.6953,165.6406,121.6338,-0.31256,5.073092
mock_09026,Monolayer,Light Blue,189.1729,204.7539,237.3633,-0.054028,0.381987
mock_09027,Bilayer,Blue,154.5713,179.4863,219.5137,-0.087945,0.754562
mock_09028,Bilayer,Blue,154.4209,179.457,219.5889,-0.099207,0.655134
mock_09029,Monolayer,Light Blue,189.3477,204.7988,237.4023,-0.064233,0.39904
mock_09030,Few Layers,Green,114.8418,169.6826,149.4717,-0.240423,2.287901
mock_09031,Bilayer,Blue,154.4473,179.6426,219.7617,-0.078405,0.674608
mock_09032,Trilayer,Purple-Blue,126.9316,147.9492,209.9492,-0.158591,1.000373
mock_09033,Trilayer,Purple-Blue,126.9365,148.0791,209.5205,-0.151135,0.848752
mock_09034,Trilayer,Purple-Blue,128.0254,147.4385,209.499,-0.175114,1.063885
mock_09035,Bulk,Yellow,187.501,165.3193,121.498,-0.320048,5.078983
mock_09036,Few Layers,Green,114.1885,169.4141,149.7812,-0.253626,2.106661
mock_09037,Few Layers,Green,114.9434,169.7695,149.3291,-0.23967,2.234443
mock_09038,Monolayer,Light Blue,189.4639,203.9443,237.4111,-0.054098,0.454366
mock_09039,Few Layers,Green,114.4023,169.4072,149.833,-0.244358,2.299384
mock_09040,Bulk,Yellow,187.498,165.752,121.4434,-0.346044,5.070769
mock_09041,Monolayer,Light Blue,189.6689,204.2197,237.8672,-0.042428,0.211894
mock_09042,Few Layers,Green,115.1514,169.3271,149.1953,-0.234506,2.284984
mock_09043,Few Layers,Green,114.2568,169.4561,149.332,-0.225203,2.224716
mock_09044,Few Layers,Green,114.6094,169.5947,149.582,-0.230195,2.167385
mock_09045,Bulk,Yellow,187.5859,165.6172,121.459,-0.317605,4.848139
mock_09046,Bulk,Yellow,187.1992,165.7783,121.8701,-0.314916,4.940359
mock_09047,Few Layers,Green,114.667,169.4189,149.5029,-0.237197,2.203965
mock_09048,Trilayer,Purple-Blue,127.2676,147.7705,209.585,-0.143671,0.978489
mock_09049,Monolayer,Light Blue,189.5449,204.5889,236.79,-0.048164,0.343402
mock_09050,Trilayer,Purple-Blue,126.7441,147.7607,209.3682,-0.158833,1.084201
mock_09051,Monolayer,Light Blue,189.3652,204.2832,237.2451,-0.061569,0.468246
mock_09052,Few Layers,Green,114.2354,169.1729,149.1621,-0.238391,2.230316
mock_09053,Bulk,Yellow,187.3789,165.3545,121.4785,-0.33649,4.812919
mock_09054,Bilayer,Blue,154.6592,178.8428,219.4297,-0.09521,0.611553
mock_09055,Few Layers,Green,114.2158,169.7578,149.624,-0.219753,2.286881
mock_09056,Few Layers,Green,114.2666,169.2998,149.1152,-0.224457,2.213298
mock_09057,Few Layers,Green,114.4922,169.5586,149.6621,-0.219196,2.221152
mock_09058,Bilayer,Blue,154.2314,179.6445,219.6436,-0.07991,0.659617
mock_09059,Trilayer,Purple-Blue,127.334,147.5869,209.0996,-0.181636,0.925325
mock_09060,Bilayer,Blue,154.5723,179.9062,219.9365,-0.118738,0.599118
mock_09061,Few Layers,Green,114.7666,169.2158,149.4453,-0.213812,2.085595
mock_09062,Few Layers,Green,114.5479,169.0332,149.6357,-0.252186,2.163319
mock_09063,Trilayer,Purple-Blue,127.7383,147.3496,209.7822,-0.186825,1.024365
mock_09064,Trilayer,Purple-Blue,127.4316,147.0059,209.6289,-0.17342,1.053361
mock_09065,Bilayer,Blue,154.7119,179.1299,219.75,-0.104534,0.687564
mock_09066,Few Layers,Green,114.333,169.3125,149.5293,-0.236857,2.116072
mock_09067,Bulk,Yellow,187.1328,165.627,121.5488,-0.309365,5.147049
mock_09068,Monolayer,Light Blue,189.5283,204.2725,237.709,-0.058414,0.336684
mock_09069,Few Layers,Green,114.04,169.4209,149.5488,-0.235624,2.226921
mock_09070,Monolayer,Light Blue,189.6543,204.416,238.1641,-0.042592,0.338273
mock_09071,Bulk,Yellow,187.4404,165.626,121.0527,-0.332129,5.027198
mock_09072,Bilayer,Blue,155.3057,179.6094,219.1768,-0.124791,0.739057
mock_09073,Few Layers,Green,114.8682,169.6162,149.1885,-0.207982,2.110146
mock_09074,Bilayer,Blue,154.6523,179.333,219.2979,-0.106725,0.720531
mock_09075,Monolayer,Light Blue,189.1035,204.4238,237.3662,-0.047881,0.436878
mock_09076,Few Layers,Green,114.3242,169.2246,149.6562,-0.259965,2.051413
mock_09077,Trilayer,Purple-Blue,127.3174,147.4082,209.542,-0.167326,0.800388
mock_09078,Bulk,Yellow,187.0938,165.5254,121.0879,-0.321618,4.997613
mock_09079,Few Layers,Green,114.2627,169.7686,149.5898,-0.233056,2.152584
mock_09080,Trilayer,Purple-Blue,127.3154,147.3154,209.7607,-0.192461,0.916217
mock_09081,Bulk,Yellow,187.1279,165.627,121.4492,-0.324791,4.86931
mock_09082,Trilayer,Purple-Blue,127.3174,147.6475,209.5342,-0.158974,0.948763
mock_09083,Monolayer,Light Blue,189.6914,205.2295,236.9629,-0.044273,0.267723
mock_09084,Bulk,Yellow,187.5156,165.6387,121.54,-0.331726,5.031782
mock_09085,Trilayer,Purple-Blue,127.5107,147.2803,209.3457,-0.133704,0.934321
mock_09086,Trilayer,Purple-Blue,127.499,147.2051,209.4102,-0.14757,0.969511
mock_09087,Monolayer,Light Blue,189.8369,204.4258,237.4531,-0.036507,0.229509
mock_09088,Monolayer,Light Blue,189.8359,204.3525,237.5508,-0.048922,0.273441
mock_09089,Monolayer,Light Blue,189.7451,204.8252,237.4336,-0.03848,0.248456
mock_09090,Trilayer,Purple-Blue,127.5322,147.1191,209.1309,-0.157877,1.011138
mock_09091,Bilayer,Blue,154.3564,179.7891,219.6006,-0.112053,0.639621
mock_09092,Few Layers,Green,114.1123,169.4961,149.3125,-0.240776,2.289146
mock_09093,Trilayer,Purple-Blue,127.7578,147.1113,209.1943,-0.159381,1.157947
mock_09094,Monolayer,Light Blue,189.6055,204.75,237.7549,-0.070981,0.296254
mock_09095,Few Layers,Green,114.207,170.0078,149.4531,-0.254811,2.286098
mock_09096,Bilayer,Blue,154.5723,179.8584,219.4473,-0.117299,0.691653
mock_09097,Bilayer,Blue,154.1934,179.1904,219.5732,-0.100078,0.679939
mock_09098,Bilayer,Blue,154.4121,179.4609,219.4043,-0.103398,0.642892
mock_09099,Bilayer,Blue,154.208,179.0664,219.9336,-0.123797,0.503369
mock_09100,Monolayer,Light Blue,189.4873,204.5898,237.5869,-0.035941,0.305337
mock_09101,Few Layers,Green,114.4072,169.4766,149.2959,-0.234302,2.128414
mock_09102,Bilayer,Blue,154.751,179.2402,219.335,-0.112654,0.681588
mock_09103,Bulk,Yellow,187.8926,165.8232,121.5918,-0.311053,4.898913
mock_09104,Few Layers,Green,114.4424,169.2764,149.209,-0.260362,2.113398
mock_09105,Bilayer,Blue,153.9893,179.6328,219.5869,-0.109468,0.700348
mock_09106,Few Layers,Green,114.8203,169.4463,149.6836,-0.22556,2.227566
mock_09107,Trilayer,Purple-Blue,127.7969,147.5146,209.2646,-0.181821,1.084635
mock_09108,Bulk,Yellow,186.9961,165.4766,121.8887,-0.33815,5.065582
mock_09109,Monolayer,Light Blue,189.5283,204.1455,237.4648,-0.045897,0.224899
mock_09110,Bulk,Yellow,187.332,165.832,121.1484,-0.289775,4.976738
mock_09111,Bilayer,Blue,154.5186,179.792,219.8818,-0.107386,0.679361
mock_09112,Monolayer,Light Blue,189.3672,204.418,237.3438,-0.040233,0.388931
mock_09113,Bilayer,Blue,154.3789,179.2588,219.8877,-0.117081,0.639787
mock_09114,Trilayer,Purple-Blue,127.8193,147.5566,209.6299,-0.167278,0.900181
mock_09115,Monolayer,Light Blue,189.4922,204.1826,237.2578,-0.03403,0.387161
mock_09116,Few Layers,Green,114.04,169.4854,149.3311,-0.244855,2.013504
mock_09117,Bilayer,Blue,154.9619,179.7578,219.3926,-0.09719,0.534156
mock_09118,Bilayer,Blue,154.5908,179.3877,219.3145,-0.099792,0.612881
mock_09119,Bilayer,Blue,154.7002,179.6221,219.5547,-0.093868,0.704443
mock_09120,Bulk,Yellow,187.2686,165.1387,121.4541,-0.304176,4.976476
mock_09121,Trilayer,Purple-Blue,127.5977,147.335,210.1016,-0.178543,0.987381
mock_09122,Bulk,Yellow,187.252,165.2461,121.5039,-0.323932,5.021517
mock_09123,Monolayer,Light Blue,189.3076,204.0625,237.3037,-0.033913,0.326702
mock_09124,Bulk,Yellow,187.4336,165.1514,121.2227,-0.328864,4.912865
mock_09125,Few Layers,Green,114.5146,169.3711,149.4199,-0.245814,2.141867
mock_09126,Trilayer,Purple-Blue,127.2246,147.7559,209.8809,-0.168553,1.256331
mock_09127,Few Layers,Green,114.4316,169.001,149.4365,-0.257694,2.309082
mock_09128,Bulk,Yellow,187.8516,165.8203,121.8799,-0.303263,5.035988
mock_09129,Bulk,Yellow,187.4873,165.5586,121.623,-0.322766,4.970459
mock_09130,Bilayer,Blue,154.5576,179.2627,219.165,-0.105895,0.652139
mock_09131,Monolayer,Light Blue,189.168,204.4414,237.3291,-0.058605,0.268134
mock_09132,Monolayer,Light Blue,189.4434,204.7227,237.7803,-0.03521,0.350016
mock_09133,Few Layers,Green,114.7266,169.1924,149.3369,-0.247457,2.260109
mock_09134,Few Layers,Green,114.4082,169.71,149.7168,-0.245461,2.183062
mock_09135,Bilayer,Blue,155.0439,179.3906,219.3076,-0.091085,0.645532
mock_09136,Monolayer,Light Blue,189.4746,204.6143,237.3486,-0.04958,0.466572
mock_09137,Monolayer,Light Blue,189.6387,204.5273,237.7236,-0.067385,0.475188
mock_09138,Bilayer,Blue,154.6816,179.9424,219.7754,-0.069649,0.605477
mock_09139,Bilayer,Blue,154.334,179.1006,219.5186,-0.106017,0.728572
mock_09140,Monolayer,Light Blue,189.4775,204.4326,237.626,-0.062766,0.283724
mock_09141,Few Layers,Green,114.5371,168.8428,149.2676,-0.244385,2.258555
mock_09142,Monolayer,Light Blue,189.7061,204.6191,237.6641,-0.040693,0.322329
mock_09143,Trilayer,Purple-Blue,127.291,147.499,209.2617,-0.136237,1.088904
mock_09144,Bulk,Yellow,187.0469,165.6895,121.582,-0.308577,4.87551
mock_09145,Trilayer,Purple-Blue,127.4424,147.2725,209.5723,-0.155159,0.956834
mock_09146,Trilayer,Purple-Blue,127.6182,147.2158,209.5332,-0.161147,1.012736
mock_09147,Few Layers,Green,114.5469,169.5811,149.8125,-0.238901,2.147715
mock_09148,Bilayer,Blue,154.5205,179.4199,219.7568,-0.112827,0.53953
mock_09149,Monolayer,Light Blue,189.6299,204.5068,237.1465,-0.025179,0.196613
mock_09150,Trilayer,Purple-Blue,127.0928,147.376,209.377,-0.158532,1.09259
mock_09151,Bulk,Yellow,187.3369,165.4209,121.502,-0.326157,4.957561
mock_09152,Bilayer,Blue,154.2803,179.9521,219.0107,-0.097726,0.720207
mock_09153,Bulk,Yellow,187.2979,165.1436,121.0488,-0.330203,5.14616
mock_09154,Monolayer,Light Blue,189.1133,204.3096,237.1719,-0.062649,0.371798
mock_09155,Bulk,Yellow,187.4834,165.3701,121.3291,-0.32967,5.082798
mock_09156,Bulk,Yellow,187.4189,165.6133,121.3271,-0.308083,4.902782
mock_09157,Monolayer,Light Blue,189.3184,204.6084,237.499,-0.014985,0.342014
mock_09158,Trilayer,Purple-Blue,127.9551,147.5146,208.8887,-0.133443,0.963771
mock_09159,Few Layers,Green,114.4668,169.1611,149.2812,-0.234746,2.193404
mock_09160,Monolayer,Light Blue,189.3242,204.5088,237.3164,-0.053075,0.400041
mock_09161,Trilayer,Purple-Blue,127.3809,147.9785,209.5186,-0.184581,0.93405
mock_09162,Few Layers,Green,114.2637,169.5508,149.4004,-0.228571,2.096152
mock_09163,Monolayer,Light Blue,189.333,204.3125,237.1143,-0.069561,0.363583
mock_09164,Trilayer,Purple-Blue,127.5459,147.7822,209.5469,-0.186191,0.960928
mock_09165,Few Layers,Green,114.4229,169.5332,149.4873,-0.245108,2.359127
mock_09166,Trilayer,Purple-Blue,127.4268,147.3086,209.4727,-0.163984,1.021112
mock_09167,Trilayer,Purple-Blue,127.3193,147.3438,209.3828,-0.144913,0.983565
mock_09168,Few Layers,Green,114.0205,169.5811,149.8438,-0.244321,2.212873
mock_09169,Trilayer,Purple-Blue,127.4678,147.8086,209.8857,-0.171598,1.132861
mock_09170,Bilayer,Blue,154.3408,179.1318,219.5674,-0.116645,0.654457
mock_09171,Bulk,Yellow,188.5889,165.6426,121.6318,-0.324131,4.910576
mock_09172,Bilayer,Blue,154.8271,179.5889,219.4287,-0.088466,0.460788
mock_09173,Monolayer,Light Blue,189.3408,204.2637,237.707,-0.027832,0.506257
mock_09174,Few Layers,Green,114.2734,169.3135,148.9707,-0.24182,2.308863
mock_09175,Few Layers,Green,114.4668,169.1504,149.4678,-0.24419,2.108735
mock_09176,Monolayer,Light Blue,189.5527,204.3447,237.6865,-0.037103,0.404277
mock_09177,Monolayer,Light Blue,189.5312,204.9834,237.5264,-0.05604,0.313999
mock_09178,Trilayer,Purple-Blue,127.5527,147.4053,209.79,-0.162227,0.829744
mock_09179,Monolayer,Light Blue,189.3389,204.5322,237.8145,-0.04395,0.271687
mock_09180,Trilayer,Purple-Blue,127.2412,147.1338,209.582,-0.159122,0.970747
mock_09181,Bilayer,Blue,154.6807,179.127,219.7598,-0.096205,0.601765
mock_09182,Bilayer,Blue,154.25,179.5674,219.7461,-0.090409,0.607449
mock_09183,Bilayer,Blue,154.2812,179.9287,219.3486,-0.116916,0.648225
mock_09184,Trilayer,Purple-Blue,127.5518,148.0088,209.6123,-0.146888,1.068388
mock_09185,Trilayer,Purple-Blue,126.9023,147.3252,209.6973,-0.138886,0.966116
mock_09186,Trilayer,Purple-Blue,127.3242,147.3701,209.376,-0.149609,0.971646
mock_09187,Bilayer,Blue,154.5459,179.6074,219.4736,-0.088282,0.568786
mock_09188,Trilayer,Purple-Blue,127.7275,147.5322,209.5391,-0.17531,0.927847
mock_09189,Few Layers,Green,114.2549,169.4199,149.6084,-0.232698,2.207511
mock_09190,Few Layers,Green,114.0488,169.6709,149.8428,-0.250585,2.216107
mock_09191,Trilayer,Purple-Blue,127.6992,147.7686,209.9834,-0.166206,1.05373
mock_09192,Few Layers,Green,114.7695,169.5107,149.9111,-0.239527,2.267555
mock_09193,Few Layers,Green,114.5117,169.8096,149.3799,-0.241053,2.289916
mock_09194,Trilayer,Purple-Blue,127.5498,147.1572,209.0322,-0.161275,1.040924
mock_09195,Monolayer,Light Blue,189.4248,204.2354,237.3916,-0.058189,0.326411
mock_09196,Bilayer,Blue,154.4062,179.498,219.6104,-0.106247,0.778744
mock_09197,Bilayer,Blue,154.585,179.6797,219.46,-0.105675,0.641934
mock_09198,Monolayer,Light Blue,189.8096,204.4883,237.0039,-0.028536,0.293948
mock_09199,Bilayer,Blue,155.0371,179.625,219.1621,-0.128639,0.683749
mock_09200,Monolayer,Light Blue,189.3232,204.4648,237.7051,-0.054409,0.269685
mock_09201,Few Layers,Green,114.3896,169.1621,149.6875,-0.242623,2.058829
mock_09202,Monolayer,Light Blue,189.3555,204.5713,237.7188,-0.041813,0.37806
mock_09203,Few Layers,Green,114.5596,169.2871,149.6973,-0.215784,2.275751
mock_09204,Bulk,Yellow,187.1592,165.4404,121.8477,-0.280104,5.073729
mock_09205,Bilayer,Blue,154.5098,179.5322,219.3564,-0.101612,0.548877
mock_09206,Trilayer,Purple-Blue,127.8486,147.6641,209.5811,-0.158016,0.967167
mock_09207,Bulk,Yellow,187.4287,165.1826,121.71,-0.310937,5.009394
mock_09208,Bilayer,Blue,154.7188,180.1377,219.7871,-0.100311,0.771024
mock_09209,Trilayer,Purple-Blue,127.9189,147.8037,209.2393,-0.178677,1.010707
mock_09210,Bilayer,Blue,154.082,179.543,219.7012,-0.103336,0.777327
mock_09211,Monolayer,Light Blue,189.1533,204.6045,237.4658,-0.037615,0.26311
mock_09212,Trilayer,Purple-Blue,127.4277,147.7832,209.5508,-0.186012,1.011373
mock_09213,Monolayer,Light Blue,189.79,204.458,237.2686,-0.036788,0.31903
mock_09214,Few Layers,Green,114.5889,169.3291,149.707,-0.258472,2.359765
mock_09215,Few Layers,Green,114.3193,169.4463,148.8945,-0.237757,2.219971
mock_09216,Bilayer,Blue,154.6592,179.4951,219.2051,-0.109953,0.732721
mock_09217,Monolayer,Light Blue,189.8662,204.2451,237.5039,-0.066819,0.295326
mock_09218,Bilayer,Blue,154.8623,179.6191,219.2617,-0.076574,0.634422
mock_09219,Bilayer,Blue,155.0977,179.3193,219.9141,-0.11065,0.645725
mock_09220,Bilayer,Blue,154.291,179.6982,219.8574,-0.108367,0.751151
mock_09221,Trilayer,Purple-Blue,127.6973,147.7217,209.5771,-0.174027,0.986731
mock_09222,Bilayer,Blue,154.2686,180.1152,219.5293,-0.120735,0.522211
mock_09223,Bulk,Yellow,187.4863,165.2344,121.1748,-0.317011,5.060004
mock_09224,Bilayer,Blue,154.2979,179.6094,219.5713,-0.131506,0.817864
mock_09225,Bulk,Yellow,187.418,165.502,121.6836,-0.29135,5.047573
mock_09226,Bulk,Yellow,187.5322,165.5977,121.416,-0.312503,5.054738
mock_09227,Few Layers,Green,114.6074,169.2812,149.002,-0.235264,2.188009
mock_09228,Trilayer,Purple-Blue,127.3467,147.9443,209.248,-0.159993,0.958455
mock_09229,Bilayer,Blue,154.4756,179.0459,219.2227,-0.087522,0.639457
mock_09230,Few Layers,Green,114.6504,169.4053,149.4189,-0.237749,2.119068
mock_09231,Few Layers,Green,114.459,169.5459,149.2334,-0.24561,2.254045
mock_09232,Trilayer,Purple-Blue,127.4004,147.5996,209.6572,-0.161464,1.124411
mock_09233,Bilayer,Blue,154.3174,179.8867,219.5615,-0.088736,0.61642
mock_09234,Bulk,Yellow,187.5791,165.4355,121.4697,-0.325681,4.926835
mock_09235,Trilayer,Purple-Blue,127.7676,147.416,209.5742,-0.164405,1.02262
mock_09236,Trilayer,Purple-Blue,127.5039,147.375,209.4238,-0.174257,1.069704
mock_09237,Bulk,Yellow,187.2275,165.6572,121.5371,-0.29758,5.10155
mock_09238,Trilayer,Purple-Blue,127.959,147.8105,209.6611,-0.166548,0.972518
mock_09239,Bilayer,Blue,154.2275,179.3291,219.4688,-0.101051,0.608373
mock_09240,Bilayer,Blue,154.3467,179.127,219.1543,-0.11648,0.597081
mock_09241,Trilayer,Purple-Blue,127.5518,147.6602,209.5957,-0.178119,0.876304
mock_09242,Monolayer,Light Blue,189.3115,204.6562,237.3594,-0.041766,0.230292
mock_09243,Bilayer,Blue,154.0947,179.5986,219.2217,-0.109552,0.637305
mock_09244,Few Layers,Green,114.416,169.3564,149.8408,-0.243595,2.238481
mock_09245,Monolayer,Light Blue,189.2715,204.5771,237.6035,-0.047897,0.329056
mock_09246,Monolayer,Light Blue,189.709,204.2842,237.916,-0.051128,0.305224
mock_09247,Bulk,Yellow,188.0664,165.9873,121.2891,-0.335156,5.030257
mock_09248,Trilayer,Purple-Blue,127.5576,147.5498,209.5234,-0.174935,0.974721
mock_09249,Bilayer,Blue,153.9033,179.3398,219.4863,-0.110719,0.660205
mock_09250,Few Layers,Green,114.4395,169.5283,149.2607,-0.227292,2.222493
mock_09251,Bulk,Yellow,187.6885,165.293,121.8359,-0.342204,4.956787
mock_09252,Bulk,Yellow,187.8496,165.5029,121.3691,-0.324066,5.094859
mock_09253,Trilayer,Purple-Blue,127.3066,147.4082,209.1719,-0.178523,0.88653
mock_09254,Few Layers,Green,114.4375,169.584,149.5986,-0.238085,2.160192
mock_09255,Bilayer,Blue,154.5635,179.2725,219.1387,-0.102351,0.584814
mock_09256,Monolayer,Light Blue,189.4893,204.4551,237.8906,-0.037845,0.410404
mock_09257,Monolayer,Light Blue,189.167,204.3018,237.9375,-0.021955,0.402066
mock_09258,Monolayer,Light Blue,189.6406,204.7129,237.6377,-0.046105,0.364458
mock_09259,Monolayer,Light Blue,189.6641,204.2334,237.6475,-0.041059,0.43432
mock_09260,Bilayer,Blue,154.8975,179.6143,219.4531,-0.107553,0.730881
mock_09261,Few Layers,Green,114.6768,169.6406,149.4092,-0.236822,2.198019
mock_09262,Bilayer,Blue,154.5645,179.9785,219.5703,-0.109904,0.716683
mock_09263,Trilayer,Purple-Blue,126.8525,147.7051,209.6309,-0.171927,1.016965
mock_09264,Few Layers,Green,114.4883,170.0684,149.624,-0.23054,2.135644
mock_09265,Bilayer,Blue,154.5029,179.29,219.915,-0.073744,0.655697
mock_09266,Few Layers,Green,114.6592,169.0381,149.5732,-0.253308,2.303579
mock_09267,Monolayer,Light Blue,189.0996,204.5127,237.5869,-0.035013,0.443705
mock_09268,Bilayer,Blue,154.6055,178.9932,219.1523,-0.115122,0.757308
mock_09269,Monolayer,Light Blue,189.3545,204.1055,237.6035,-0.078537,0.459346
mock_09270,Few Layers,Green,114.5205,169.7324,149.7949,-0.24219,2.183326
mock_09271,Bilayer,Blue,154.4902,179.0186,219.2539,-0.104199,0.48482
mock_09272,Monolayer,Light Blue,189.0957,204.6348,237.2383,-0.068858,0.434645
mock_09273,Few Layers,Green,114.6035,169.5127,149.502,-0.231869,1.990876
mock_09274,Bilayer,Blue,154.9971,180.1201,219.4775,-0.128145,0.620736
mock_09275,Bilayer,Blue,154.7939,179.3271,219.2861,-0.098143,0.524424
mock_09276,Trilayer,Purple-Blue,127.4844,146.9814,209.585,-0.157231,1.034508
mock_09277,Trilayer,Purple-Blue,127.3564,147.2891,209.583,-0.171,0.925661
mock_09278,Bilayer,Blue,154.6357,179.4824,219.7529,-0.114155,0.761656
mock_09279,Monolayer,Light Blue,189.4014,204.666,237.1201,-0.054718,0.29142
mock_09280,Bulk,Yellow,187.3516,165.7988,121.3242,-0.294239,4.971144
mock_09281,Bilayer,Blue,154.3252,179.6211,219.5557,-0.080256,0.647936
mock_09282,Bulk,Yellow,187.624,165.5537,121.4854,-0.324488,5.113364
mock_09283,Bilayer,Blue,155.0918,179.7158,219.4971,-0.090336,0.625667
mock_09284,Trilayer,Purple-Blue,127.4121,147.4902,209.958,-0.18269,0.955664
mock_09285,Few Layers,Green,114.5283,169.2822,149.5059,-0.193336,2.345609
mock_09286,Trilayer,Purple-Blue,127.0977,147.8037,209.6113,-0.152809,0.928185
mock_09287,Few Layers,Green,115.1523,169.7402,149.6504,-0.234254,2.135556
mock_09288,Bilayer,Blue,154.6221,179.5547,219.2656,-0.090675,0.520293
mock_09289,Monolayer,Light Blue,189.8955,204.6758,237.7148,-0.036474,0.407648
mock_09290,Bilayer,Blue,154.4111,179.7646,219.3389,-0.106364,0.534549
mock_09291,Few Layers,Green,114.3359,169.2764,149.8604,-0.221857,2.193656
mock_09292,Bulk,Yellow,187.5166,165.5127,121.7412,-0.328897,4.872017
mock_09293,Bulk,Yellow,187.8291,165.6299,121.4355,-0.316958,5.17211
mock_09294,Monolayer,Light Blue,189.3174,204.1191,237.3027,-0.059708,0.33085
mock_09295,Bilayer,Blue,154.1523,179.4736,219.2178,-0.071652,0.771543
mock_09296,Monolayer,Light Blue,189.2314,204.5781,237.3594,-0.066027,0.283407
mock_09297,Trilayer,Purple-Blue,127.6982,147.4473,209.4668,-0.152657,1.12906
mock_09298,Trilayer,Purple-Blue,127.583,147.0986,209.3535,-0.174034,1.002159
mock_09299,Trilayer,Purple-Blue,127.3926,148.3594,209.0801,-0.1612,0.96179
mock_09300,Bilayer,Blue,154.0488,179.2881,219.2441,-0.115813,0.634651
mock_09301,Monolayer,Light Blue,189.7939,204.7549,237.249,-0.027016,0.260825
mock_09302,Bilayer,Blue,154.6084,179.4814,219.3604,-0.067098,0.695353
mock_09303,Bilayer,Blue,154.8086,179.4395,218.9883,-0.100189,0.486292
mock_09304,Few Layers,Green,114.4482,169.3818,149.6025,-0.226652,2.262488
mock_09305,Few Layers,Green,114.2402,169.5225,149.2275,-0.239566,2.116296
mock_09306,Bulk,Yellow,187.4385,165.3262,121.5557,-0.317409,5.116435
mock_09307,Bilayer,Blue,154.584,179.1514,219.4277,-0.095151,0.577378
mock_09308,Monolayer,Light Blue,189.374,204.5508,237.0156,-0.038282,0.309726
mock_09309,Bulk,Yellow,187.8867,165.3574,121.6377,-0.300981,5.099852
mock_09310,Few Layers,Green,114.5938,169.9688,149.5889,-0.2306,2.222272
mock_09311,Trilayer,Purple-Blue,127.4502,147.959,209.1387,-0.155793,1.050542
mock_09312,Trilayer,Purple-Blue,127.751,147.3496,209.502,-0.15058,1.017686
mock_09313,Monolayer,Light Blue,189.457,204.3213,237.5029,-0.02065,0.412936
mock_09314,Bilayer,Blue,154.7441,179.6162,219.6699,-0.102989,0.781875
mock_09315,Bilayer,Blue,154.2539,179.1279,220.0498,-0.087655,0.603239
mock_09316,Trilayer,Purple-Blue,127.3984,147.8154,209.8203,-0.159384,0.957641
mock_09317,Trilayer,Purple-Blue,127.3887,147.4346,209.7227,-0.166049,1.041366
mock_09318,Bilayer,Blue,154.3711,179.8516,219.3496,-0.087405,0.553447
mock_09319,Monolayer,Light Blue,189.5225,204.7959,237.167,-0.045859,0.249139
mock_09320,Monolayer,Light Blue,189.5938,204.4902,237.2559,-0.043561,0.319727
mock_09321,Trilayer,Purple-Blue,126.9746,147.1406,209.2129,-0.163263,0.996303
mock_09322,Few Layers,Green,114.5527,170.0146,149.2715,-0.243381,2.231864
mock_09323,Monolayer,Light Blue,189.7705,204.5898,237.1953,-0.024538,0.339954
mock_09324,Bilayer,Blue,154.7363,179.75,219.4229,-0.104924,0.558089
mock_09325,Few Layers,Green,114.5703,169.4512,149.6074,-0.250868,2.250544
mock_09326,Bilayer,Blue,154.4541,179.5225,219.1855,-0.091551,0.725638
mock_09327,Trilayer,Purple-Blue,127.8145,147.2998,209.8232,-0.167708,1.038463
mock_09328,Monolayer,Light Blue,189.7344,204.4082,237.9229,-0.042404,0.283161
mock_09329,Monolayer,Light Blue,189.4736,204.7529,237.6699,-0.018717,0.317646
mock_09330,Bilayer,Blue,154.4316,179.6113,219.4121,-0.082559,0.720534
mock_09331,Bilayer,Blue,154.501,179.667,219.1631,-0.095168,0.692746
mock_09332,Trilayer,Purple-Blue,127.5674,147.4531,209.5225,-0.169678,1.048422
mock_09333,Trilayer,Purple-Blue,127.2451,147.2314,209.167,-0.172419,1.035566
mock_09334,Bilayer,Blue,154.8154,179.4912,219.5693,-0.113993,0.764154
mock_09335,Trilayer,Purple-Blue,127.5322,147.7568,209.2354,-0.156185,1.155235
mock_09336,Monolayer,Light Blue,189.7002,204.4053,237.6309,-0.062312,0.506156
mock_09337,Bilayer,Blue,154.6611,179.4092,219.1162,-0.10072,0.63664
mock_09338,Bilayer,Blue,154.166,179.0498,220.0078,-0.115686,0.723114
mock_09339,Monolayer,Light Blue,189.4385,203.8164,237.6504,-0.071209,0.318659
mock_09340,Monolayer,Light Blue,189.4854,204.1182,237.0801,-0.060071,0.432879
mock_09341,Bulk,Yellow,187.4609,165.623,121.1904,-0.325912,4.902421
mock_09342,Bilayer,Blue,154.6904,179.1904,219.6875,-0.104122,0.650241
mock_09343,Bulk,Yellow,187.9023,165.4268,121.4893,-0.305696,4.978287
mock_09344,Bilayer,Blue,154.6689,179.9033,219.5498,-0.083015,0.511942
mock_09345,Bulk,Yellow,187.2773,165.5254,121.6943,-0.302031,5.136602
mock_09346,Monolayer,Light Blue,189.7744,204.4434,237.3936,-0.058536,0.31089
mock_09347,Monolayer,Light Blue,189.4736,204.541,237.4502,-0.041871,0.342489
mock_09348,Bulk,Yellow,187.1963,165.4746,121.207,-0.307084,5.053812
mock_09349,Bulk,Yellow,187.6631,165.5332,121.7598,-0.322449,5.034903
mock_09350,Monolayer,Light Blue,188.917,204.3115,237.7139,-0.05529,0.367945
mock_09351,Monolayer,Light Blue,189.6699,204.6025,237.0762,-0.062912,0.267613
mock_09352,Monolayer,Light Blue,189.375,204.8408,237.6201,-0.048619,0.281229
mock_09353,Monolayer,Light Blue,189.6562,204.5176,237.4023,-0.046433,0.2256
mock_09354,Bulk,Yellow,187.4854,165.4883,121.2539,-0.336504,4.935385
mock_09355,Bilayer,Blue,154.3584,179.6738,219.4883,-0.107207,0.600952
mock_09356,Bilayer,Blue,154.6055,179.374,219.2793,-0.086,0.558833
mock_09357,Bilayer,Blue,154.4902,179.7168,220.0859,-0.103267,0.675316
mock_09358,Bilayer,Blue,153.9971,179.6436,219.4473,-0.103039,0.712782
mock_09359,Trilayer,Purple-Blue,127.7227,147.4014,209.5996,-0.165418,0.981983
mock_09360,Trilayer,Purple-Blue,127.6641,147.373,209.1055,-0.13577,0.985894
mock_09361,Monolayer,Light Blue,190.2256,204.7959,237.5303,-0.055145,0.276582
mock_09362,Monolayer,Light Blue,189.9893,203.9893,237.499,-0.033501,0.459901
mock_09363,Monolayer,Light Blue,189.5859,204.9209,237.7617,-0.035856,0.301885
mock_09364,Bilayer,Blue,154.5254,179.417,219.168,-0.119929,0.659026
mock_09365,Few Layers,Green,114.5537,169.4531,149.4395,-0.232397,2.143231
mock_09366,Few Layers,Green,114.5703,169.085,149.6455,-0.248266,2.283454
mock_09367,Few Layers,Green,114.7188,169.6543,149.4531,-0.222686,2.060455
mock_09368,Monolayer,Light Blue,189.6367,204.415,237.2637,-0.039137,0.383681
mock_09369,Bilayer,Blue,154.7363,179.9707,219.2891,-0.126589,0.644697
mock_09370,Few Layers,Green,114.8662,169.4453,149.3516,-0.232651,2.159546
mock_09371,Bulk,Yellow,187.2754,165.5283,121.1943,-0.321448,4.940678
mock_09372,Trilayer,Purple-Blue,127.2168,147.7676,209.5801,-0.155524,0.912573
mock_09373,Monolayer,Light Blue,189.8379,204.3516,237.5752,-0.051489,0.383151
mock_09374,Bulk,Yellow,187.2734,165.3135,121.8838,-0.320135,5.060926
mock_09375,Monolayer,Light Blue,189.2041,204.7178,237.4521,-0.065093,0.319953
mock_09376,Bulk,Yellow,187.332,165.0654,121.8486,-0.32418,4.954508
mock_09377,Monolayer,Light Blue,189.3711,204.1357,237.8018,-0.067391,0.356606
mock_09378,Monolayer,Light Blue,189.7998,204.1562,237.6006,-0.063025,0.328841
mock_09379,Few Layers,Green,114.584,169.6826,149.5059,-0.243174,2.17823
mock_09380,Bulk,Yellow,187.3672,165.9365,121.6621,-0.326242,5.026138
mock_09381,Few Layers,Green,114.4746,169.7324,149.4521,-0.226019,2.116188
mock_09382,Bilayer,Blue,154.6582,179.6074,219.3906,-0.09659,0.621152
mock_09383,Monolayer,Light Blue,189.6074,204.79,237.332,-0.039926,0.292747
mock_09384,Monolayer,Light Blue,189.0889,204.626,237.2188,-0.041778,0.302848
mock_09385,Monolayer,Light Blue,189.2891,204.3828,237.3789,-0.082902,0.30677
mock_09386,Monolayer,Light Blue,189.6689,204.2568,237.4043,-0.051936,0.396543
mock_09387,Few Layers,Green,114.4346,169.4854,149.4541,-0.23302,2.163558
mock_09388,Bilayer,Blue,153.9795,178.8379,219.4893,-0.096279,0.71208
mock_09389,Trilayer,Purple-Blue,127.5762,147.7344,209.751,-0.142563,0.884841
mock_09390,Few Layers,Green,114.6533,169.7871,149.1738,-0.220238,2.228363
mock_09391,Bilayer,Blue,154.6299,180.0352,219.584,-0.089144,0.593704
mock_09392,Monolayer,Light Blue,189.708,204.3379,237.2617,-0.035451,0.453522
mock_09393,Monolayer,Light Blue,190.1846,204.4434,237.8125,-0.046669,0.296455
mock_09394,Bulk,Yellow,187.3291,165.5303,121.71,-0.328584,5.020144
mock_09395,Trilayer,Purple-Blue,127.2568,147.1758,209.3467,-0.159886,0.955411
mock_09396,Bulk,Yellow,187.3691,165.1025,121.9707,-0.334202,5.122366
mock_09397,Bilayer,Blue,154.6025,179.2617,219.4404,-0.09253,0.568839
mock_09398,Bilayer,Blue,154.2041,179.6748,219.2891,-0.114193,0.732486
mock_09399,Bilayer,Blue,154.749,179.3779,219.6074,-0.117438,0.655476
mock_09400,Bulk,Yellow,187.6396,165.6328,121.6865,-0.32985,4.965796
mock_09401,Few Layers,Green,114.5645,169.4014,149.4648,-0.241642,2.27779
mock_09402,Trilayer,Purple-Blue,127.5303,147.5938,209.3936,-0.170599,1.019752
mock_09403,Trilayer,Purple-Blue,126.9189,147.4307,209.3418,-0.16373,1.104504
mock_09404,Few Layers,Green,114.5156,169.6094,149.8535,-0.245667,2.105041
mock_09405,Trilayer,Purple-Blue,127.5137,147.7598,209.333,-0.152036,0.989889
mock_09406,Few Layers,Green,114.5205,169.3262,149.4199,-0.244225,2.222878
mock_09407,Monolayer,Light Blue,189.7764,204.75,237.2607,-0.056517,0.434018
mock_09408,Bilayer,Blue,154.5693,179.5977,219.1709,-0.103126,0.805148
mock_09409,Monolayer,Light Blue,189.5,204.3779,237.7891,-0.064689,0.426307
mock_09410,Trilayer,Purple-Blue,127.6328,147.7266,209.6348,-0.172659,1.057513
mock_09411,Few Layers,Green,114.4756,169.4648,149.5039,-0.257016,2.231937
mock_09412,Bilayer,Blue,154.2256,179.0254,219.3467,-0.127459,0.771281
mock_09413,Monolayer,Light Blue,190.0049,204.4521,237.3555,-0.052537,0.40604
mock_09414,Few Layers,Green,114.7471,169.7021,149.4082,-0.264522,2.10174
mock_09415,Trilayer,Purple-Blue,127.4785,147.5811,209.8779,-0.174732,1.088073
mock_09416,Bulk,Yellow,187.291,165.5303,121.4746,-0.310309,4.844773
mock_09417,Bulk,Yellow,186.8857,165.7412,121.2139,-0.301265,4.999499
mock_09418,Bulk,Yellow,187.3652,165.5928,121.2832,-0.319801,4.861877
mock_09419,Monolayer,Light Blue,189.8584,204.5068,237.209,-0.057256,0.298845
mock_09420,Trilayer,Purple-Blue,127.3906,147.4805,209.6943,-0.141449,0.903711
mock_09421,Monolayer,Light Blue,189.5381,204.6729,237.5391,-0.025007,0.404026
mock_09422,Trilayer,Purple-Blue,127.8506,147.0547,209.0889,-0.158832,0.989736
mock_09423,Monolayer,Light Blue,189.1924,204.4551,238.0117,-0.053674,0.339627
mock_09424,Bulk,Yellow,187.4297,165.7705,121.6445,-0.324521,5.042293
mock_09425,Bilayer,Blue,154.8955,179.3066,219.4336,-0.131169,0.62735
mock_09426,Trilayer,Purple-Blue,127.3584,147.2393,209.2529,-0.164532,0.981037
mock_09427,Monolayer,Light Blue,189.626,204.5527,237.4189,-0.058311,0.394035
mock_09428,Monolayer,Light Blue,189.6553,204.2461,237.5928,-0.053918,0.358334
mock_09429,Bulk,Yellow,187.1074,165.3242,121.4834,-0.310283,5.052605
mock_09430,Monolayer,Light Blue,189.9609,204.6816,237.5703,-0.055797,0.233046
mock_09431,Few Layers,Green,114.4609,169.3447,149.5947,-0.239397,2.27152
mock_09432,Bilayer,Blue,154.3115,179.6504,219.3018,-0.079467,0.722713
mock_09433,Trilayer,Purple-Blue,127.3818,147.3066,209.6182,-0.163126,0.904077
mock_09434,Bulk,Yellow,187.6289,165.4658,121.5967,-0.316958,4.977425
mock_09435,Trilayer,Purple-Blue,127.3438,147.584,209.5674,-0.161487,1.108403
mock_09436,Bulk,Yellow,187.668,164.9014,121.4043,-0.291129,5.047358
mock_09437,Bilayer,Blue,154.5488,179.7578,219.3428,-0.08298,0.644566
mock_09438,Few Layers,Green,114.8047,170.1377,149.0938,-0.241929,2.251118
mock_09439,Bulk,Yellow,187.1143,166.0283,121.4805,-0.306258,4.944001
mock_09440,Bulk,Yellow,186.8711,165.6426,121.1543,-0.315956,5.046712
mock_09441,Trilayer,Purple-Blue,127.4033,147.8203,209.4131,-0.180076,0.993477
mock_09442,Bulk,Yellow,187.3057,165.8457,121.4414,-0.340677,4.926012
mock_09443,Monolayer,Light Blue,189.4365,204.7344,237.6318,-0.052649,0.261983
mock_09444,Few Layers,Green,114.626,169.2959,149.5254,-0.234112,2.148253
mock_09445,Monolayer,Light Blue,189.5859,204.3848,237.5693,-0.058057,0.2026
mock_09446,Monolayer,Light Blue,189.2725,204.5889,237.7969,-0.065067,0.352922
mock_09447,Monolayer,Light Blue,189.5146,204.3936,237.2178,-0.066789,0.523372
mock_09448,Trilayer,Purple-Blue,127.4209,147.3438,209.4922,-0.147687,1.044891
mock_09449,Bilayer,Blue,154.498,179.3945,219.7227,-0.103275,0.737133
mock_09450,Trilayer,Purple-Blue,127.0371,147.335,209.4268,-0.139522,0.965036
mock_09451,Trilayer,Purple-Blue,127.4717,147.3398,209.7148,-0.139669,0.906342
mock_09452,Bulk,Yellow,186.79,165.1611,121.0273,-0.330783,5.06428
mock_09453,Few Layers,Green,114.3506,169.2549,149.6621,-0.252054,2.223377
mock_09454,Bulk,Yellow,187.7451,165.2236,121.3457,-0.314647,5.058779
mock_09455,Monolayer,Light Blue,189.5664,204.2012,237.3604,-0.049113,0.286074
mock_09456,Bilayer,Blue,154.293,179.0127,219.5303,-0.103214,0.647032
mock_09457,Bulk,Yellow,187.9707,165.4707,121.8379,-0.348037,5.021835
mock_09458,Bilayer,Blue,154.2773,179.0332,219.4053,-0.095822,0.499669
mock_09459,Bulk,Yellow,187.3682,165.6006,121.4043,-0.312692,4.915664
mock_09460,Trilayer,Purple-Blue,127.6641,147.3545,209.2998,-0.179858,0.980921
mock_09461,Bilayer,Blue,154.4678,179.6299,219.4531,-0.100298,0.6626
mock_09462,Trilayer,Purple-Blue,127.6279,147.7891,209.542,-0.162302,0.946173
mock_09463,Few Layers,Green,114.4365,169.3965,149.4199,-0.22007,2.175761
mock_09464,Bulk,Yellow,187.666,165.0342,121.7148,-0.274385,4.986596
mock_09465,Few Layers,Green,114.457,169.4092,149.6846,-0.252389,2.187671
mock_09466,Trilayer,Purple-Blue,127.125,147.6377,209.168,-0.159849,0.896144
mock_09467,Bilayer,Blue,154.3545,179.4844,220.0654,-0.070906,0.579729
mock_09468,Trilayer,Purple-Blue,127.7383,147.6992,209.8193,-0.149826,1.025542
mock_09469,Bilayer,Blue,154.6992,179.873,219.7744,-0.085913,0.720967
mock_09470,Monolayer,Light Blue,189.6064,204.751,237.4355,-0.058595,0.355661
mock_09471,Bulk,Yellow,187.5693,165.3047,121.8076,-0.346394,4.923075
mock_09472,Monolayer,Light Blue,189.5059,204.6309,237.3516,-0.049036,0.380019
mock_09473,Bulk,Yellow,187.252,165.7295,121.2236,-0.328809,5.053416
mock_09474,Bilayer,Blue,154.2959,179.5605,219.7344,-0.128749,0.674926
mock_09475,Few Layers,Green,115.2891,169.5684,149.7852,-0.230442,2.134916
mock_09476,Trilayer,Purple-Blue,127.5371,147.5566,209.918,-0.177541,0.91309
mock_09477,Trilayer,Purple-Blue,127.501,147.3506,209.2822,-0.186721,1.001507
mock_09478,Bulk,Yellow,187.4141,165.623,121.8486,-0.300341,4.963051
mock_09479,Trilayer,Purple-Blue,127.3066,147.6074,209.3525,-0.162002,1.049414
mock_09480,Bulk,Yellow,187.1465,165.3438,121.502,-0.338286,5.079591
mock_09481,Monolayer,Light Blue,189.46,204.2891,237.2393,-0.057822,0.271626
mock_09482,Monolayer,Light Blue,189.5332,204.3643,237.4893,-0.036158,0.302524
mock_09483,Bilayer,Blue,154.6221,179.6826,219.0967,-0.135466,0.617722
mock_09484,Trilayer,Purple-Blue,127.6963,147.2568,209.8291,-0.172339,0.865468
mock_09485,Trilayer,Purple-Blue,127.3027,147.3887,209.4365,-0.135958,1.166876
mock_09486,Few Layers,Green,113.9922,169.6201,149.7207,-0.243798,2.171169
mock_09487,Bilayer,Blue,154.4873,179.5332,219.6025,-0.099473,0.564356
mock_09488,Trilayer,Purple-Blue,127.7217,147.4219,209.2109,-0.161722,0.977359
mock_09489,Trilayer,Purple-Blue,127.4102,147.2432,209.6348,-0.163887,1.144421
mock_09490,Monolayer,Light Blue,189.2607,204.2559,237.5186,-0.042334,0.371964
mock_09491,Bilayer,Blue,154.4121,179.2637,219.6309,-0.083137,0.662911
mock_09492,Monolayer,Light Blue,189.7793,203.8467,236.8789,-0.073462,0.458535
mock_09493,Trilayer,Purple-Blue,127.4609,147.7002,209.6025,-0.146991,0.903056
mock_09494,Few Layers,Green,114.4463,169.2559,149.8398,-0.232628,2.085549
mock_09495,Few Layers,Green,114.5059,169.5508,149.1367,-0.25018,2.263629
mock_09496,Bilayer,Blue,154.4482,179.5908,218.7695,-0.088397,0.569668
mock_09497,Few Layers,Green,114.6396,169.3965,149.6162,-0.218429,2.358097
mock_09498,Few Layers,Green,114.6064,169.5186,148.7168,-0.20717,2.232799
mock_09499,Few Layers,Green,114.2412,169.7588,149.2959,-0.219224,2.199774
mock_09500,Trilayer,Purple-Blue,127.6953,147.7178,209.3887,-0.191351,1.00894
mock_09501,Monolayer,Light Blue,189.6133,204.4932,237.4951,-0.044488,0.23072
mock_09502,Monolayer,Light Blue,189.5908,204.6162,237.2217,-0.059394,0.214653
mock_09503,Monolayer,Light Blue,189.8525,204.8555,237.4492,-0.061559,0.357584
mock_09504,Monolayer,Light Blue,189.6367,204.8096,237.8926,-0.04212,0.306937
mock_09505,Trilayer,Purple-Blue,127.4482,147.6299,209.6934,-0.180762,0.956509
mock_09506,Monolayer,Light Blue,189.5869,204.4258,237.6367,-0.030658,0.340882
mock_09507,Trilayer,Purple-Blue,127.5098,147.3633,209.6797,-0.137994,0.970781
mock_09508,Trilayer,Purple-Blue,127.6748,147.2607,209.4443,-0.130916,0.994804
mock_09509,Trilayer,Purple-Blue,127.4404,147.4258,209.7461,-0.1472,0.898933
mock_09510,Monolayer,Light Blue,189.1641,204.5459,237.5889,-0.061267,0.271673
mock_09511,Bulk,Yellow,187.2266,165.2744,121.5605,-0.322569,4.87858
mock_09512,Bilayer,Blue,154.2285,179.2334,219.3789,-0.133288,0.601123
mock_09513,Bilayer,Blue,155.0352,179.4668,219.459,-0.114363,0.621298
mock_09514,Monolayer,Light Blue,189.8076,204.4922,237.6201,-0.048121,0.272689
mock_09515,Bulk,Yellow,187.6406,165.8076,121.4951,-0.319414,5.193692
mock_09516,Monolayer,Light Blue,189.3496,204.877,237.0957,-0.048348,0.405261
mock_09517,Monolayer,Light Blue,189.7861,204.5186,237.4023,-0.053932,0.357214
mock_09518,Monolayer,Light Blue,189.668,204.9932,237.4814,-0.038521,0.426572
mock_09519,Monolayer,Light Blue,189.1074,204.9238,237.8906,-0.030051,0.282677
mock_09520,Monolayer,Light Blue,189.7295,204.3682,237.6523,-0.068193,0.300816
mock_09521,Trilayer,Purple-Blue,127.4258,147.6191,209.4326,-0.161402,1.035285
mock_09522,Bilayer,Blue,154.2188,179.627,219.623,-0.103331,0.677521
mock_09523,Few Layers,Green,114.1699,169.3145,149.4561,-0.228893,2.112425
mock_09524,Bilayer,Blue,154.7822,179.6484,219.2939,-0.077697,0.57461
mock_09525,Bilayer,Blue,154.6328,179.458,219.5342,-0.11113,0.732075
mock_09526,Trilayer,Purple-Blue,127.3066,147.6338,209.0273,-0.167949,1.054061
mock_09527,Monolayer,Light Blue,188.9756,204.8584,237.5049,-0.050093,0.366981
mock_09528,Bilayer,Blue,154.335,179.9053,219.3301,-0.079342,0.620514
mock_09529,Few Layers,Green,113.9629,169.2109,149.3096,-0.252065,2.167898
mock_09530,Few Layers,Green,114.2822,169.3398,149.4717,-0.217278,2.253804
mock_09531,Monolayer,Light Blue,189.0,204.3447,237.5664,-0.043562,0.35421
mock_09532,Few Layers,Green,114.5918,169.5371,149.2275,-0.23392,2.215911
mock_09533,Trilayer,Purple-Blue,126.9062,147.4658,209.6709,-0.152511,0.843644
mock_09534,Trilayer,Purple-Blue,127.8945,147.4854,209.249,-0.177763,1.053942
mock_09535,Bilayer,Blue,154.0986,179.9033,219.5293,-0.067649,0.770284
mock_09536,Few Layers,Green,114.332,169.2422,149.6719,-0.229697,2.12116
mock_09537,Bilayer,Blue,154.6855,179.5049,219.5713,-0.076586,0.599799
mock_09538,Monolayer,Light Blue,189.2158,204.2803,237.7188,-0.050683,0.362331
mock_09539,Trilayer,Purple-Blue,127.7627,147.0762,209.7148,-0.141963,1.02469
mock_09540,Trilayer,Purple-Blue,127.6094,147.8652,209.6045,-0.154566,0.955214
mock_09541,Monolayer,Light Blue,189.5947,204.3145,237.5352,-0.065847,0.304123
mock_09542,Monolayer,Light Blue,189.7363,204.0869,237.6631,-0.042075,0.312178
mock_09543,Bilayer,Blue,155.0059,179.3838,219.582,-0.102105,0.677633
mock_09544,Bilayer,Blue,154.1924,179.5859,219.418,-0.073194,0.58429
mock_09545,Bilayer,Blue,154.3574,179.5352,219.3643,-0.100583,0.583654
mock_09546,Bilayer,Blue,154.168,179.8506,219.2949,-0.083968,0.56739
mock_09547,Bulk,Yellow,187.4482,165.5479,121.7168,-0.335401,5.026216
mock_09548,Bilayer,Blue,154.2188,179.8369,219.8164,-0.101669,0.945737
mock_09549,Bulk,Yellow,187.7637,165.207,121.4834,-0.309493,5.058147
mock_09550,Bilayer,Blue,154.6758,179.4033,219.5,-0.098923,0.557853
mock_09551,Few Layers,Green,114.4375,169.4453,149.4443,-0.233235,2.108594
mock_09552,Monolayer,Light Blue,189.5352,204.9316,237.2695,-0.043724,0.394911
mock_09553,Bilayer,Blue,154.2861,179.168,219.6777,-0.117804,0.708319
mock_09554,Few Layers,Green,114.7266,169.3252,149.4746,-0.232336,2.186842
mock_09555,Monolayer,Light Blue,189.7021,204.584,237.0508,-0.069755,0.164037
mock_09556,Trilayer,Purple-Blue,127.3652,147.3828,209.8223,-0.161284,0.984018
mock_09557,Trilayer,Purple-Blue,128.0791,147.749,209.2871,-0.167962,0.968093
mock_09558,Monolayer,Light Blue,189.4248,204.4561,237.8613,-0.041026,0.333787
mock_09559,Bilayer,Blue,154.4756,179.6504,219.6836,-0.103044,0.618303
mock_09560,Few Layers,Green,114.1006,169.5811,149.4131,-0.234851,2.286444
mock_09561,Few Layers,Green,114.4307,169.2109,149.4717,-0.237096,2.200838
mock_09562,Bilayer,Blue,154.8066,179.7051,220.0283,-0.103863,0.784392
mock_09563,Bulk,Yellow,187.1094,165.2734,121.3311,-0.293185,5.001146
mock_09564,Trilayer,Purple-Blue,127.5527,147.1104,209.4287,-0.182708,0.969603
mock_09565,Monolayer,Light Blue,189.3936,204.7188,237.3975,-0.044936,0.394465
mock_09566,Monolayer,Light Blue,189.8838,204.6064,237.5078,-0.041113,0.361221
mock_09567,Bilayer,Blue,154.6797,179.7705,219.2441,-0.096939,0.582668
mock_09568,Bulk,Yellow,187.9629,165.7002,121.1709,-0.329055,4.829998
mock_09569,Few Layers,Green,114.7842,169.3652,149.5898,-0.223499,1.99553
mock_09570,Monolayer,Light Blue,189.2402,204.3057,237.2705,-0.084074,0.327472
mock_09571,Bulk,Yellow,187.2939,165.1797,121.6484,-0.313016,5.068016
mock_09572,Monolayer,Light Blue,189.4736,204.1445,237.7246,-0.044038,0.431542
mock_09573,Bulk,Yellow,187.5,165.7764,121.4463,-0.337464,4.992947
mock_09574,Few Layers,Green,113.876,169.5488,149.46,-0.214645,2.318436
mock_09575,Monolayer,Light Blue,189.208,204.5117,237.6074,-0.039289,0.392527
mock_09576,Bulk,Yellow,187.4668,165.5254,121.5791,-0.310435,4.925245
mock_09577,Bilayer,Blue,154.7285,179.5596,219.7051,-0.100972,0.628768
mock_09578,Few Layers,Green,114.6729,169.3633,149.5576,-0.228919,2.261797
mock_09579,Trilayer,Purple-Blue,127.6641,147.7666,209.4355,-0.156077,0.923992
mock_09580,Few Layers,Green,115.1572,169.2891,149.1436,-0.220798,2.175612
mock_09581,Monolayer,Light Blue,189.3037,204.3555,237.2881,-0.068785,0.331912
mock_09582,Monolayer,Light Blue,188.7988,204.1865,237.0801,-0.07408,0.236268
mock_09583,Monolayer,Light Blue,189.7275,204.5859,237.4697,-0.057122,0.317375
mock_09584,Monolayer,Light Blue,189.1807,204.6016,237.2588,-0.055566,0.318005
mock_09585,Trilayer,Purple-Blue,127.3008,147.0312,208.8857,-0.180139,0.975431
mock_09586,Monolayer,Light Blue,189.7207,204.2568,237.6797,-0.03615,0.412868
mock_09587,Few Layers,Green,114.3789,169.4863,149.4053,-0.250152,2.382642
mock_09588,Few Layers,Green,114.4902,169.4941,149.1816,-0.208152,2.216051
mock_09589,Monolayer,Light Blue,189.626,204.2266,237.4072,-0.079054,0.344191
mock_09590,Bilayer,Blue,154.7529,179.4287,219.3184,-0.071277,0.586392
mock_09591,Monolayer,Light Blue,189.6357,204.1006,237.7051,-0.062067,0.256318
mock_09592,Trilayer,Purple-Blue,127.0908,147.7305,210.0986,-0.176037,0.942921
mock_09593,Few Layers,Green,114.4199,169.2666,149.6943,-0.217373,2.27941
mock_09594,Bulk,Yellow,187.5654,165.4395,121.4297,-0.336652,5.057099
mock_09595,Bulk,Yellow,187.4619,165.3525,121.3779,-0.32297,4.991281
mock_09596,Trilayer,Purple-Blue,127.3574,147.9531,209.627,-0.144588,1.122765
mock_09597,Monolayer,Light Blue,189.8008,204.8057,237.6641,-0.05275,0.472648
mock_09598,Bilayer,Blue,154.8037,179.1152,219.7842,-0.097504,0.825721
mock_09599,Bulk,Yellow,187.1377,165.6084,121.3301,-0.308253,4.965808
mock_09600,Trilayer,Purple-Blue,127.2881,148.249,209.418,-0.15854,0.85722
mock_09601,Few Layers,Green,114.4141,170.1143,149.7881,-0.239552,2.188291
mock_09602,Bilayer,Blue,154.0674,179.6562,219.7227,-0.119139,0.599025
mock_09603,Monolayer,Light Blue,189.958,204.207,237.0928,-0.049906,0.24312
mock_09604,Bulk,Yellow,187.6182,165.583,121.6846,-0.311727,4.958531
mock_09605,Monolayer,Light Blue,189.3125,204.5947,237.9766,-0.020769,0.297477
mock_09606,Bulk,Yellow,187.4932,165.0713,121.9082,-0.314301,4.931079
mock_09607,Monolayer,Light Blue,189.1396,204.8125,236.8213,-0.055019,0.388496
mock_09608,Few Layers,Green,114.5908,169.667,149.583,-0.234242,2.136405
mock_09609,Trilayer,Purple-Blue,127.3809,147.4062,209.0742,-0.170436,0.936847
mock_09610,Few Layers,Green,114.5205,170.0146,149.3086,-0.237887,2.183946
mock_09611,Few Layers,Green,114.7637,169.1709,149.1309,-0.222193,2.230045
mock_09612,Monolayer,Light Blue,189.9834,204.2705,237.3105,-0.045255,0.397653
mock_09613,Bilayer,Blue,154.1387,179.1875,219.6094,-0.07601,0.624786
mock_09614,Bilayer,Blue,154.3076,179.5264,220.0068,-0.091921,0.745328
mock_09615,Trilayer,Purple-Blue,127.498,147.5166,209.2188,-0.188569,0.991671
mock_09616,Trilayer,Purple-Blue,127.4844,147.0576,209.6572,-0.164865,1.030304
mock_09617,Few Layers,Green,114.0635,169.2852,149.7393,-0.255797,2.17033
mock_09618,Few Layers,Green,114.2275,169.3984,149.2734,-0.240954,2.228516
mock_09619,Monolayer,Light Blue,189.1572,204.4072,237.3721,-0.0702,0.347688
mock_09620,Trilayer,Purple-Blue,127.3691,147.5029,209.3096,-0.160842,0.90433
mock_09621,Trilayer,Purple-Blue,127.6094,147.3545,209.416,-0.180672,1.031552
mock_09622,Monolayer,Light Blue,189.5127,204.2891,237.252,-0.062096,0.316272
mock_09623,Bulk,Yellow,187.8975,165.4189,121.6133,-0.309616,5.018573
mock_09624,Bilayer,Blue,154.1895,179.0352,219.6211,-0.07911,0.616872
mock_09625,Monolayer,Light Blue,189.5225,204.8164,237.5547,-0.046517,0.173626
mock_09626,Bilayer,Blue,154.6006,179.5234,219.8896,-0.091349,0.80015
mock_09627,Monolayer,Light Blue,189.2324,204.7324,237.3945,-0.06118,0.373954
mock_09628,Trilayer,Purple-Blue,127.3301,147.709,209.2734,-0.180972,0.883326
mock_09629,Bilayer,Blue,155.0283,179.5889,219.2949,-0.084461,0.760909
mock_09630,Monolayer,Light Blue,189.9219,204.5889,237.2227,-0.037009,0.245592
mock_09631,Monolayer,Light Blue,189.2266,204.6719,237.6641,-0.044792,0.430189
mock_09632,Bilayer,Blue,154.373,179.458,219.7422,-0.103054,0.612895
mock_09633,Bilayer,Blue,154.7344,179.3672,219.2383,-0.090287,0.641433
mock_09634,Monolayer,Light Blue,189.6475,204.8643,237.3389,-0.035519,0.341139
mock_09635,Monolayer,Light Blue,189.3369,204.6299,238.084,-0.064524,0.348669
mock_09636,Few Layers,Green,114.1562,169.6641,149.6631,-0.236975,2.301195
mock_09637,Monolayer,Light Blue,189.5957,204.5322,237.6562,-0.051222,0.30562
mock_09638,Few Layers,Green,114.8779,169.082,149.3096,-0.231044,2.300382
mock_09639,Trilayer,Purple-Blue,127.8223,147.7344,209.3018,-0.158,0.974681
mock_09640,Monolayer,Light Blue,189.4805,204.3936,237.3848,-0.104159,0.376198
mock_09641,Trilayer,Purple-Blue,127.4775,147.3203,209.3896,-0.146119,0.939648
mock_09642,Few Layers,Green,114.6396,169.874,149.168,-0.239119,2.254705
mock_09643,Few Layers,Green,114.2285,169.5967,149.4521,-0.258084,2.296099
mock_09644,Trilayer,Purple-Blue,127.4434,147.3955,209.2207,-0.151151,0.984089
mock_09645,Trilayer,Purple-Blue,127.3525,147.7949,209.5996,-0.187123,1.063153
mock_09646,Few Layers,Green,114.5107,169.1123,149.3164,-0.243654,2.34598
mock_09647,Bilayer,Blue,154.252,179.585,219.7607,-0.069232,0.513931
mock_09648,Bilayer,Blue,154.8955,179.8096,219.3643,-0.102787,0.65568
mock_09649,Trilayer,Purple-Blue,127.4502,147.4482,209.5117,-0.143152,0.998706
mock_09650,Monolayer,Light Blue,189.4785,204.3057,237.9258,-0.037935,0.473901
mock_09651,Bilayer,Blue,155.0439,179.5576,219.3008,-0.09673,0.769861
mock_09652,Monolayer,Light Blue,189.8643,204.3818,237.1055,-0.064954,0.233693
mock_09653,Trilayer,Purple-Blue,126.8457,147.6406,209.7764,-0.133041,1.034193
mock_09654,Monolayer,Light Blue,189.8164,204.7832,237.7578,-0.059702,0.456137
mock_09655,Few Layers,Green,114.8086,169.8994,149.4746,-0.22468,2.231262
mock_09656,Monolayer,Light Blue,189.9219,204.6279,238.0518,-0.034465,0.279853
mock_09657,Monolayer,Light Blue,189.2998,204.54,237.3301,-0.036889,0.321473
mock_09658,Few Layers,Green,114.8486,169.752,149.2666,-0.248604,2.075293
mock_09659,Trilayer,Purple-Blue,127.5527,147.4844,209.1885,-0.147567,0.88789
mock_09660,Few Layers,Green,114.9951,169.1396,149.1807,-0.232281,2.194206
mock_09661,Few Layers,Green,114.4268,169.3447,149.7441,-0.24518,2.21998
mock_09662,Bilayer,Blue,154.6846,179.8457,219.3643,-0.089891,0.632667
mock_09663,Few Layers,Green,114.4336,169.2207,149.4043,-0.247816,2.115535
mock_09664,Trilayer,Purple-Blue,127.8545,147.7354,209.6885,-0.160001,0.971724
mock_09665,Monolayer,Light Blue,189.2646,204.2695,237.5859,-0.040984,0.432043
mock_09666,Monolayer,Light Blue,189.8818,204.6641,237.5898,-0.046504,0.258113
mock_09667,Bilayer,Blue,154.5703,179.5742,219.291,-0.08368,0.594819
mock_09668,Bilayer,Blue,154.2295,179.6133,219.168,-0.107987,0.5426
mock_09669,Bulk,Yellow,187.5938,165.7852,121.4404,-0.314374,4.970358
mock_09670,Few Layers,Green,114.7549,169.543,149.3945,-0.233887,2.347074
mock_09671,Trilayer,Purple-Blue,127.3271,147.6553,209.6826,-0.135728,0.936286
mock_09672,Bulk,Yellow,187.2939,165.4082,121.6104,-0.343055,5.049074
mock_09673,Bilayer,Blue,154.6582,179.6836,219.417,-0.099548,0.660788
mock_09674,Few Layers,Green,114.1455,169.8467,149.3447,-0.257787,2.185736
mock_09675,Trilayer,Purple-Blue,127.4688,147.8232,209.8018,-0.146111,1.06791
mock_09676,Monolayer,Light Blue,189.333,204.6846,237.4512,-0.057207,0.201918
mock_09677,Few Layers,Green,114.0469,169.4268,149.5908,-0.234718,2.172272
mock_09678,Trilayer,Purple-Blue,127.3945,147.2461,209.3916,-0.155322,1.018967
mock_09679,Monolayer,Light Blue,189.5234,204.7285,237.5439,-0.041733,0.289774
mock_09680,Trilayer,Purple-Blue,127.5332,147.1689,209.6016,-0.156951,1.153398
mock_09681,Bilayer,Blue,154.2617,179.8691,219.3252,-0.098248,0.694059
mock_09682,Bilayer,Blue,154.6562,179.2607,219.623,-0.111605,0.526727
mock_09683,Monolayer,Light Blue,189.2197,204.5439,237.4082,-0.041515,0.364322
mock_09684,Few Layers,Green,114.3916,169.5479,149.5947,-0.281157,2.288295
mock_09685,Trilayer,Purple-Blue,127.3164,147.2354,209.3174,-0.168733,1.079355
mock_09686,Bulk,Yellow,187.499,165.8213,120.8633,-0.314094,5.031051
mock_09687,Bulk,Yellow,187.1914,165.373,121.4746,-0.315592,5.06403
mock_09688,Bilayer,Blue,154.2871,179.3906,219.7998,-0.124431,0.669955
mock_09689,Monolayer,Light Blue,189.7139,204.2109,237.3291,-0.041878,0.16254
mock_09690,Bilayer,Blue,154.5654,179.625,219.7812,-0.098237,0.800401
mock_09691,Few Layers,Green,114.6211,169.5205,149.1396,-0.23043,2.185415
mock_09692,Few Layers,Green,114.292,169.7979,149.5439,-0.244588,2.13132
mock_09693,Bulk,Yellow,187.4219,165.418,121.6494,-0.324384,5.010521
mock_09694,Monolayer,Light Blue,189.8799,204.2852,237.5127,-0.048761,0.386786
mock_09695,Few Layers,Green,114.2627,169.7441,149.5752,-0.233711,2.110363
mock_09696,Few Layers,Green,114.8047,169.5049,149.2256,-0.248675,2.18647
mock_09697,Few Layers,Green,114.7236,169.7979,149.5391,-0.232171,2.285708
mock_09698,Monolayer,Light Blue,189.8984,204.7344,237.334,-0.07108,0.3236
mock_09699,Trilayer,Purple-Blue,127.1777,147.1436,209.7764,-0.197723,1.030275
mock_09700,Bilayer,Blue,154.6055,179.3018,219.8428,-0.117514,0.66749
mock_09701,Few Layers,Green,114.5498,169.5625,149.3262,-0.257681,2.213498
mock_09702,Bilayer,Blue,154.6523,179.7988,219.6289,-0.110347,0.717696
mock_09703,Bilayer,Blue,154.5117,179.4141,219.8184,-0.095271,0.645974
mock_09704,Few Layers,Green,114.666,169.1016,149.2705,-0.238265,2.269174
mock_09705,Few Layers,Green,114.5547,169.3311,149.5605,-0.263828,2.21296
mock_09706,Trilayer,Purple-Blue,127.4629,147.7324,209.1895,-0.179911,1.130758
mock_09707,Monolayer,Light Blue,189.625,204.4189,237.5625,-0.029298,0.290585
mock_09708,Bilayer,Blue,154.7041,179.7607,219.3262,-0.127498,0.644174
mock_09709,Monolayer,Light Blue,189.7188,204.8096,237.4951,-0.066871,0.205445
mock_09710,Trilayer,Purple-Blue,127.6953,147.5615,209.6152,-0.131381,1.023019
mock_09711,Bulk,Yellow,187.0625,165.1152,121.6455,-0.333097,5.073895
mock_09712,Monolayer,Light Blue,189.3018,204.3076,237.5986,-0.035601,0.197784
mock_09713,Bilayer,Blue,154.4463,179.7617,219.3701,-0.114545,0.618659
mock_09714,Few Layers,Green,114.8662,169.4805,149.9287,-0.217465,2.282755
mock_09715,Bilayer,Blue,154.0713,179.3857,219.8682,-0.090374,0.603993
mock_09716,Few Layers,Green,114.3359,169.2822,150.2363,-0.244025,2.29972
mock_09717,Trilayer,Purple-Blue,127.1182,147.1611,209.4355,-0.168141,0.95454
mock_09718,Monolayer,Light Blue,189.4434,204.2646,237.2285,-0.022368,0.36474
mock_09719,Bulk,Yellow,187.4756,166.458,121.0205,-0.337982,5.019287
mock_09720,Bulk,Yellow,187.6611,165.7109,121.3955,-0.31149,4.966398
mock_09721,Bilayer,Blue,154.7139,179.3721,219.4619,-0.100651,0.573558
mock_09722,Monolayer,Light Blue,189.0674,204.6025,237.4844,-0.037348,0.250973
mock_09723,Trilayer,Purple-Blue,127.9111,147.4736,209.5479,-0.169112,0.931755
mock_09724,Trilayer,Purple-Blue,127.7881,147.8369,209.5254,-0.155293,0.98975
mock_09725,Bulk,Yellow,187.8916,165.293,121.2227,-0.323512,4.834827
mock_09726,Monolayer,Light Blue,189.4551,204.3711,237.5078,-0.055555,0.303338
mock_09727,Bulk,Yellow,187.626,165.4932,121.6787,-0.31236,4.973985
mock_09728,Bilayer,Blue,154.7363,179.7617,219.8174,-0.130861,0.643623
mock_09729,Few Layers,Green,114.4756,169.4346,149.3643,-0.233969,2.213529
mock_09730,Trilayer,Purple-Blue,127.4961,147.8457,209.7012,-0.153235,0.971582
mock_09731,Bilayer,Blue,154.4434,179.4932,219.7002,-0.085962,0.604041
mock_09732,Bilayer,Blue,154.2246,179.5771,219.834,-0.097728,0.6573
mock_09733,Bulk,Yellow,187.2998,165.0967,120.9893,-0.324389,4.890904
mock_09734,Bulk,Yellow,188.1934,165.5938,121.7334,-0.297682,4.979391
mock_09735,Few Layers,Green,114.2461,169.2754,149.2373,-0.239649,2.144674
mock_09736,Bulk,Yellow,187.3457,165.6455,121.2002,-0.307542,4.941162
mock_09737,Monolayer,Light Blue,189.71,204.1943,237.5605,-0.04641,0.350971
mock_09738,Bilayer,Blue,154.4072,179.4141,219.6758,-0.100333,0.59135
mock_09739,Monolayer,Light Blue,189.292,204.6953,237.293,-0.076749,0.447126
mock_09740,Few Layers,Green,114.3301,169.5723,149.1523,-0.223267,2.193332
mock_09741,Bilayer,Blue,153.9141,179.7578,219.9111,-0.116264,0.554055
mock_09742,Bilayer,Blue,154.9033,179.6016,218.792,-0.083074,0.516768
mock_09743,Monolayer,Light Blue,189.5273,204.6719,237.3994,-0.050031,0.305505
mock_09744,Bilayer,Blue,154.501,179.7256,219.1562,-0.104121,0.695864
mock_09745,Monolayer,Light Blue,189.3887,204.5391,237.0068,-0.040302,0.267635
mock_09746,Bulk,Yellow,187.6973,165.6006,121.2793,-0.321291,4.987635
mock_09747,Bilayer,Blue,154.0957,179.6562,219.2295,-0.08684,0.908062
mock_09748,Trilayer,Purple-Blue,127.7441,147.6318,209.6572,-0.150239,0.972516
mock_09749,Monolayer,Light Blue,189.374,204.627,237.4727,-0.072011,0.303377
mock_09750,Monolayer,Light Blue,189.7568,205.1387,237.7314,-0.007013,0.388827
mock_09751,Bulk,Yellow,187.4316,165.5615,121.3262,-0.333292,5.12563
mock_09752,Monolayer,Light Blue,189.1992,204.6211,237.4092,-0.03917,0.354113
mock_09753,Monolayer,Light Blue,189.5439,204.5879,237.8115,-0.061751,0.342225
mock_09754,Trilayer,Purple-Blue,127.5996,147.4883,209.5986,-0.138313,0.903113
mock_09755,Bulk,Yellow,187.8398,165.6973,121.6328,-0.301439,5.028717
mock_09756,Bilayer,Blue,154.4912,179.2881,219.3848,-0.082413,0.743695
mock_09757,Bulk,Yellow,187.8047,165.8525,121.4883,-0.335741,5.025264
mock_09758,Few Layers,Green,115.1084,169.4102,149.7705,-0.233437,2.08045
mock_09759,Bilayer,Blue,154.0049,178.7881,219.332,-0.106174,0.664967
mock_09760,Monolayer,Light Blue,189.1982,203.998,237.2822,-0.049805,0.303301
mock_09761,Trilayer,Purple-Blue,127.4512,147.9121,209.7686,-0.174267,1.097232
mock_09762,Trilayer,Purple-Blue,127.9316,147.4355,209.6738,-0.150504,0.905201
mock_09763,Bilayer,Blue,154.4502,179.752,219.3779,-0.07753,0.583479
mock_09764,Bulk,Yellow,187.624,165.2139,121.6025,-0.306011,5.050843
mock_09765,Bulk,Yellow,187.3857,164.6699,121.7656,-0.349713,4.942139
mock_09766,Bilayer,Blue,154.4268,179.6553,219.5742,-0.12285,0.748649
mock_09767,Trilayer,Purple-Blue,127.8252,147.582,209.3955,-0.152994,0.894946
mock_09768,Bilayer,Blue,154.835,179.7041,219.3613,-0.102417,0.695113
mock_09769,Trilayer,Purple-Blue,127.4199,147.4248,209.373,-0.140699,1.068895
mock_09770,Monolayer,Light Blue,189.874,204.9834,237.5527,-0.055747,0.312141
mock_09771,Monolayer,Light Blue,189.7412,204.9561,237.4912,-0.063208,0.331909
mock_09772,Bilayer,Blue,154.0352,179.1904,219.5244,-0.089151,0.676981
mock_09773,Trilayer,Purple-Blue,127.4824,147.3115,209.2793,-0.148992,1.047594
mock_09774,Trilayer,Purple-Blue,127.6562,148.1172,209.1777,-0.160176,0.992689
mock_09775,Bilayer,Blue,154.416,179.0957,219.3555,-0.098761,0.605136
mock_09776,Trilayer,Purple-Blue,127.1514,147.46,209.3447,-0.177744,1.017132
mock_09777,Bilayer,Blue,154.5166,179.2285,219.2002,-0.084479,0.477722
mock_09778,Bilayer,Blue,154.3643,179.8369,219.0352,-0.119649,0.703047
mock_09779,Monolayer,Light Blue,189.0127,203.9912,237.4941,-0.046121,0.31186
mock_09780,Monolayer,Light Blue,189.3896,204.3564,237.1387,-0.047574,0.372838
mock_09781,Bilayer,Blue,154.3525,179.6934,219.2227,-0.082887,0.588412
mock_09782,Bilayer,Blue,154.3623,179.3877,219.6436,-0.099644,0.587189
mock_09783,Few Layers,Green,114.4053,169.4951,149.8916,-0.231642,2.200081
mock_09784,Trilayer,Purple-Blue,127.3848,147.7578,209.8555,-0.154237,0.954266
mock_09785,Bilayer,Blue,154.6416,179.7266,219.4912,-0.099647,0.69421
mock_09786,Trilayer,Purple-Blue,127.4561,147.0146,209.2354,-0.148917,1.061108
mock_09787,Monolayer,Light Blue,189.5723,204.3096,237.3066,-0.068751,0.263061
mock_09788,Bulk,Yellow,187.1426,165.3838,121.5586,-0.32309,4.971586
mock_09789,Monolayer,Light Blue,189.4521,204.6816,237.2676,-0.0661,0.429141
mock_09790,Bulk,Yellow,187.6016,165.5293,121.5537,-0.304944,5.004552
mock_09791,Monolayer,Light Blue,189.8184,204.8096,237.335,-0.05012,0.447408
mock_09792,Bilayer,Blue,154.7246,179.084,219.6582,-0.089402,0.673006
mock_09793,Monolayer,Light Blue,189.2949,204.6279,237.6455,-0.070229,0.419159
mock_09794,Few Layers,Green,114.5547,169.4971,149.3828,-0.243993,2.247167
mock_09795,Monolayer,Light Blue,189.6396,204.2031,237.3809,-0.056217,0.266156
mock_09796,Trilayer,Purple-Blue,127.5898,147.3574,209.3125,-0.175408,1.124122
mock_09797,Bulk,Yellow,187.3828,165.2305,121.4023,-0.328192,4.998897
mock_09798,Monolayer,Light Blue,189.3486,204.2725,237.3379,-0.037598,0.225174
mock_09799,Monolayer,Light Blue,189.585,204.5391,237.5605,-0.039083,0.343145
mock_09800,Few Layers,Green,114.04,169.5088,149.5713,-0.225185,2.263905
mock_09801,Few Layers,Green,114.5566,169.7031,149.5,-0.212578,2.180405
mock_09802,Trilayer,Purple-Blue,127.5869,147.5186,209.7666,-0.144901,0.915678
mock_09803,Monolayer,Light Blue,189.249,204.1641,237.5137,-0.012805,0.327748
mock_09804,Bilayer,Blue,154.2695,179.5986,219.5215,-0.082611,0.687463
mock_09805,Bilayer,Blue,154.1514,179.458,219.6074,-0.098145,0.605942
mock_09806,Few Layers,Green,114.0479,169.7559,149.7012,-0.246439,2.155311
mock_09807,Trilayer,Purple-Blue,127.9297,147.6191,209.5146,-0.174526,0.956751
mock_09808,Trilayer,Purple-Blue,127.8945,147.374,209.8232,-0.157977,0.814214
mock_09809,Monolayer,Light Blue,189.3086,204.4756,237.4629,-0.057568,0.26415
mock_09810,Monolayer,Light Blue,189.5596,204.292,237.4746,-0.095356,0.294386
mock_09811,Monolayer,Light Blue,189.5449,204.4424,237.0303,-0.092042,0.211875
mock_09812,Bilayer,Blue,154.0742,179.585,219.4883,-0.125907,0.730774
mock_09813,Monolayer,Light Blue,189.6016,204.5146,237.5547,-0.038325,0.456905
mock_09814,Bilayer,Blue,154.5742,179.7451,219.7578,-0.093332,0.723094
mock_09815,Trilayer,Purple-Blue,127.6113,147.8779,209.7754,-0.15907,0.94808
mock_09816,Trilayer,Purple-Blue,127.8037,147.3857,209.46,-0.150374,1.1264
mock_09817,Monolayer,Light Blue,189.5439,204.4297,237.3359,-0.041822,0.344607
mock_09818,Bilayer,Blue,155.0615,179.3291,219.3936,-0.098704,0.757789
mock_09819,Trilayer,Purple-Blue,127.1367,147.4404,209.584,-0.144226,0.994754
mock_09820,Monolayer,Light Blue,189.6279,204.127,237.2793,-0.04696,0.349386
mock_09821,Few Layers,Green,114.4717,169.5225,149.5332,-0.264489,2.216997
mock_09822,Monolayer,Light Blue,189.5254,205.3223,237.6895,-0.046441,0.449075
mock_09823,Trilayer,Purple-Blue,127.4307,147.79,209.2393,-0.152457,0.958257
mock_09824,Few Layers,Green,114.3457,169.6416,149.4912,-0.221326,2.163462
mock_09825,Monolayer,Light Blue,189.167,204.5137,237.3867,-0.04095,0.446004
mock_09826,Monolayer,Light Blue,189.4883,204.54,237.5312,-0.017687,0.40059
mock_09827,Monolayer,Light Blue,189.9004,204.4873,237.7119,-0.037988,0.297608
mock_09828,Few Layers,Green,115.1201,169.6201,149.1162,-0.254601,2.154215
mock_09829,Monolayer,Light Blue,189.7363,204.2871,237.3271,-0.030253,0.251222
mock_09830,Bilayer,Blue,154.29,179.3164,219.3662,-0.083583,0.594462
mock_09831,Bulk,Yellow,187.8154,165.6113,121.4258,-0.317809,4.990189
mock_09832,Few Layers,Green,114.3721,169.3848,149.3369,-0.248433,2.238949
mock_09833,Bulk,Yellow,187.5449,165.8125,121.4492,-0.303916,5.019569
mock_09834,Trilayer,Purple-Blue,127.5762,147.541,209.8096,-0.160955,0.936673
mock_09835,Bilayer,Blue,154.5635,179.5947,219.2197,-0.099423,0.57396
mock_09836,Few Layers,Green,114.7363,169.7012,149.4639,-0.253671,2.189271
mock_09837,Monolayer,Light Blue,189.4316,204.3291,237.3232,-0.029509,0.383732
mock_09838,Bilayer,Blue,154.2725,180.1025,219.3496,-0.114128,0.695495
mock_09839,Few Layers,Green,114.5547,168.9717,149.6885,-0.24304,2.137134
mock_09840,Few Layers,Green,114.4443,169.4287,149.9062,-0.242927,2.34101
mock_09841,Trilayer,Purple-Blue,127.1748,147.9092,209.0098,-0.173774,1.018463
mock_09842,Bilayer,Blue,154.5596,179.5771,219.5264,-0.109814,0.645629
mock_09843,Monolayer,Light Blue,189.3584,204.3672,237.125,-0.051806,0.29475
mock_09844,Monolayer,Light Blue,189.3809,204.5645,237.4404,-0.053819,0.433795
mock_09845,Bilayer,Blue,154.0898,179.4463,219.5215,-0.099758,0.58426
mock_09846,Bilayer,Blue,154.75,179.6826,219.624,-0.103907,0.651728
mock_09847,Monolayer,Light Blue,189.0801,204.5723,237.4014,-0.046892,0.281336
mock_09848,Bulk,Yellow,187.5449,165.9678,121.6797,-0.31841,4.931169
mock_09849,Bulk,Yellow,187.3223,165.4775,121.7686,-0.346167,4.961832
mock_09850,Monolayer,Light Blue,189.7871,204.8242,237.2607,-0.05581,0.294681
mock_09851,Bulk,Yellow,187.6201,165.5762,121.1797,-0.347585,5.102948
mock_09852,Few Layers,Green,114.2695,169.6641,149.8418,-0.239595,2.186261
mock_09853,Monolayer,Light Blue,189.6865,204.6143,237.2607,-0.01723,0.378421
mock_09854,Trilayer,Purple-Blue,127.3506,147.5957,209.7461,-0.145683,0.896042
mock_09855,Bulk,Yellow,187.7207,165.7949,121.9082,-0.32193,4.990267
mock_09856,Trilayer,Purple-Blue,127.1934,147.6094,209.4189,-0.17686,1.005679
mock_09857,Bilayer,Blue,154.417,179.293,219.8486,-0.097233,0.555913
mock_09858,Bulk,Yellow,187.665,165.127,121.9141,-0.331697,4.871315
mock_09859,Monolayer,Light Blue,189.4219,204.499,236.9482,-0.063152,0.235434
mock_09860,Monolayer,Light Blue,189.4609,204.5439,237.5801,-0.068532,0.335938
mock_09861,Few Layers,Green,114.292,169.5254,149.2236,-0.224143,2.363205
mock_09862,Bulk,Yellow,187.4932,165.4004,121.1514,-0.330958,5.081642
mock_09863,Trilayer,Purple-Blue,127.2637,147.3184,209.3682,-0.164584,0.931788
mock_09864,Monolayer,Light Blue,189.3789,204.5986,237.5107,-0.009736,0.317204
mock_09865,Bilayer,Blue,154.5039,179.2471,219.1416,-0.108188,0.510749
mock_09866,Monolayer,Light Blue,189.7695,204.5557,237.2109,-0.028965,0.430684
mock_09867,Trilayer,Purple-Blue,127.4453,147.2393,209.6582,-0.181686,0.91732
mock_09868,Few Layers,Green,114.626,169.876,149.1748,-0.212173,2.213574
mock_09869,Few Layers,Green,114.2334,169.8818,150.1426,-0.241109,2.169112
mock_09870,Bulk,Yellow,187.7393,165.251,121.2598,-0.290893,4.836975
mock_09871,Monolayer,Light Blue,189.5381,204.5449,237.5479,-0.037718,0.239542
mock_09872,Bulk,Yellow,188.1602,165.5723,121.1035,-0.334521,4.91115
mock_09873,Bilayer,Blue,154.2256,179.2539,219.5869,-0.075491,0.778134
mock_09874,Monolayer,Light Blue,189.7383,204.5625,237.7295,-0.056821,0.376069
mock_09875,Monolayer,Light Blue,189.6465,204.3291,237.2695,-0.062632,0.221285
mock_09876,Trilayer,Purple-Blue,127.7148,147.2217,209.5537,-0.165811,0.969623
mock_09877,Few Layers,Green,114.1758,169.4541,149.0449,-0.246282,2.360441
mock_09878,Bulk,Yellow,187.5723,165.6348,121.5547,-0.322268,5.073465
mock_09879,Monolayer,Light Blue,189.54,204.1973,237.6855,-0.055933,0.265
mock_09880,Few Layers,Green,114.1543,169.8721,149.6035,-0.228521,2.301513
mock_09881,Monolayer,Light Blue,189.3164,204.2832,237.1221,-0.058647,0.28248
mock_09882,Trilayer,Purple-Blue,127.1543,147.6328,209.8418,-0.158804,0.999415
mock_09883,Trilayer,Purple-Blue,126.9502,147.4414,209.3105,-0.155225,1.003025
mock_09884,Bulk,Yellow,187.3125,165.124,121.3672,-0.305359,4.895001
mock_09885,Few Layers,Green,114.1797,169.7461,149.1523,-0.222821,2.097221
mock_09886,Bilayer,Blue,154.7471,179.2734,219.29,-0.098448,0.540297
mock_09887,Bulk,Yellow,187.46,165.3447,121.6299,-0.301415,4.928352
mock_09888,Bilayer,Blue,154.7236,179.5029,219.3643,-0.107945,0.608192
mock_09889,Bilayer,Blue,154.2061,179.5156,219.7842,-0.087125,0.635872
mock_09890,Few Layers,Green,114.5439,169.4414,149.4561,-0.237512,2.299164
mock_09891,Trilayer,Purple-Blue,127.7715,147.373,209.5137,-0.168961,0.935349
mock_09892,Bilayer,Blue,154.5342,179.6396,219.3975,-0.10544,0.549262
mock_09893,Monolayer,Light Blue,189.582,204.5879,237.4082,-0.032538,0.322097
mock_09894,Few Layers,Green,114.2744,169.5986,149.0176,-0.253659,2.201893
mock_09895,Monolayer,Light Blue,189.165,204.5664,237.3506,-0.08052,0.316565
mock_09896,Monolayer,Light Blue,189.7998,204.7354,237.6553,-0.079863,0.326545
mock_09897,Monolayer,Light Blue,189.8164,204.8311,237.5186,-0.018947,0.225326
mock_09898,Monolayer,Light Blue,189.7744,204.1416,237.7051,-0.057714,0.321385
mock_09899,Few Layers,Green,114.4434,169.29,149.8184,-0.225172,2.06562
mock_09900,Monolayer,Light Blue,189.2881,204.5137,237.7568,-0.033731,0.267617
mock_09901,Monolayer,Light Blue,190.0947,203.9248,237.5312,-0.04155,0.31866
mock_09902,Trilayer,Purple-Blue,128.0479,147.6865,209.0137,-0.172958,0.968804
mock_09903,Bulk,Yellow,187.5713,165.4121,121.3525,-0.297743,4.940601
mock_09904,Bilayer,Blue,154.2715,179.4932,219.4619,-0.099181,0.608028
mock_09905,Bilayer,Blue,154.4385,179.873,219.1123,-0.078753,0.699119
mock_09906,Monolayer,Light Blue,189.4873,204.6582,237.3418,-0.049368,0.188488
mock_09907,Bulk,Yellow,187.2881,165.4092,121.1025,-0.333291,4.952648
mock_09908,Bilayer,Blue,154.4307,179.8975,219.4922,-0.115259,0.734111
mock_09909,Few Layers,Green,114.792,169.4463,149.3135,-0.216548,2.136894
mock_09910,Monolayer,Light Blue,189.3682,204.6143,237.3594,-0.062274,0.365572
mock_09911,Few Layers,Green,114.1973,169.3311,149.9512,-0.222733,2.146172
mock_09912,Few Layers,Green,114.7617,169.833,149.5996,-0.243371,2.264871
mock_09913,Trilayer,Purple-Blue,127.7139,147.0137,209.5361,-0.151514,0.999127
mock_09914,Bulk,Yellow,187.002,165.8604,121.4766,-0.332754,5.013752
mock_09915,Bulk,Yellow,187.5889,165.6523,121.4248,-0.307034,5.016294
mock_09916,Few Layers,Green,114.417,169.7881,149.667,-0.259319,2.21717
mock_09917,Few Layers,Green,114.0244,169.3213,149.5781,-0.229374,2.185143
mock_09918,Monolayer,Light Blue,190.0195,204.7832,237.0254,-0.052912,0.394742
mock_09919,Trilayer,Purple-Blue,127.6406,147.4551,209.7148,-0.179239,1.055516
mock_09920,Bilayer,Blue,154.6074,179.2109,219.6416,-0.100569,0.464004
mock_09921,Bulk,Yellow,187.4004,165.541,121.6367,-0.33989,5.056634
mock_09922,Bulk,Yellow,187.3525,165.2617,122.1807,-0.349267,4.896839
mock_09923,Monolayer,Light Blue,189.7988,203.9932,237.3135,-0.072544,0.394448
mock_09924,Monolayer,Light Blue,189.3008,204.2598,237.5615,-0.061572,0.326098
mock_09925,Monolayer,Light Blue,189.8223,204.5557,237.5586,-0.042486,0.393369
mock_09926,Few Layers,Green,114.458,169.9463,149.1025,-0.259323,2.069054
mock_09927,Bilayer,Blue,154.3379,179.5459,219.6758,-0.091071,0.621216
mock_09928,Monolayer,Light Blue,189.5254,204.5059,237.5059,-0.06045,0.465209
mock_09929,Bulk,Yellow,187.4932,165.3906,121.3457,-0.316545,5.071063
mock_09930,Bulk,Yellow,187.4873,165.5967,121.4756,-0.337074,5.073239
mock_09931,Monolayer,Light Blue,189.7871,204.7061,237.249,-0.06255,0.218974
mock_09932,Bilayer,Blue,154.2578,179.0107,219.3164,-0.099636,0.726884
mock_09933,Bilayer,Blue,154.7695,178.8486,219.4971,-0.101531,0.653299
mock_09934,Trilayer,Purple-Blue,127.585,147.6016,209.4521,-0.159847,1.065641
mock_09935,Trilayer,Purple-Blue,127.9023,147.7617,209.4121,-0.195105,1.058804
mock_09936,Monolayer,Light Blue,189.3438,204.4463,237.4404,-0.011778,0.330432
mock_09937,Trilayer,Purple-Blue,127.6016,147.4551,209.3213,-0.148745,1.092945
mock_09938,Bilayer,Blue,154.5645,179.6035,219.6016,-0.093404,0.703889
mock_09939,Monolayer,Light Blue,189.3379,204.8506,237.252,-0.05143,0.31382
mock_09940,Bilayer,Blue,154.418,179.4941,219.3682,-0.103461,0.709827
mock_09941,Bilayer,Blue,154.6602,179.4561,219.4053,-0.115671,0.635
mock_09942,Trilayer,Purple-Blue,127.582,147.1768,209.5332,-0.162423,0.998317
mock_09943,Bilayer,Blue,154.4707,179.9619,219.6104,-0.09691,0.5465
mock_09944,Monolayer,Light Blue,189.5723,204.4258,237.168,-0.039635,0.173404
mock_09945,Bilayer,Blue,154.3965,179.1592,219.6025,-0.099703,0.66287
mock_09946,Monolayer,Light Blue,189.3867,204.3291,237.4248,-0.047627,0.465743
mock_09947,Few Layers,Green,114.084,169.2617,149.3184,-0.214938,2.266191
mock_09948,Monolayer,Light Blue,189.5049,204.5254,237.6982,-0.034187,0.173968
mock_09949,Few Layers,Green,114.8447,169.2793,149.7168,-0.235401,2.193285
mock_09950,Monolayer,Light Blue,189.3477,204.6504,237.8154,-0.040555,0.273801
mock_09951,Trilayer,Purple-Blue,127.459,147.7832,209.0352,-0.132547,0.974277
mock_09952,Trilayer,Purple-Blue,127.1543,147.5762,209.626,-0.149346,0.941689
mock_09953,Trilayer,Purple-Blue,127.5576,148.1348,209.5195,-0.14788,1.004909
mock_09954,Bilayer,Blue,154.457,179.3799,219.6855,-0.09629,0.616828
mock_09955,Bulk,Yellow,187.7832,165.8789,121.5615,-0.345504,4.900769
mock_09956,Monolayer,Light Blue,189.1172,204.5898,237.2002,-0.088402,0.343945
mock_09957,Trilayer,Purple-Blue,127.4863,147.4326,209.3467,-0.189952,1.049925
mock_09958,Few Layers,Green,114.7646,169.4648,149.7373,-0.243169,2.068553
mock_09959,Bilayer,Blue,154.6299,179.3555,219.2764,-0.08981,0.72338
mock_09960,Monolayer,Light Blue,189.7559,204.4795,237.4961,-0.054503,0.522188
mock_09961,Bulk,Yellow,187.0996,165.0645,120.8125,-0.330723,5.0062
mock_09962,Bilayer,Blue,154.4268,179.6045,219.5449,-0.089519,0.789611
mock_09963,Trilayer,Purple-Blue,127.5557,147.2734,209.3623,-0.154868,1.07241
mock_09964,Trilayer,Purple-Blue,127.7305,147.8701,209.4805,-0.140185,0.924627
mock_09965,Bilayer,Blue,154.6494,179.1543,219.291,-0.088522,0.724351
mock_09966,Monolayer,Light Blue,189.2871,204.6895,237.5742,-0.07279,0.263542
mock_09967,Few Layers,Green,114.1221,169.7822,149.6914,-0.209426,2.182212
mock_09968,Monolayer,Light Blue,189.4531,204.2578,237.125,-0.062844,0.230948
mock_09969,Few Layers,Green,114.0977,169.6777,149.6426,-0.228745,2.123802
mock_09970,Few Layers,Green,114.8555,169.4922,149.4229,-0.225368,2.390388
mock_09971,Few Layers,Green,114.7812,169.4316,149.7266,-0.263664,2.30369
mock_09972,Trilayer,Purple-Blue,127.4336,147.4277,209.292,-0.138583,1.187514
mock_09973,Bulk,Yellow,187.7197,165.0596,121.3184,-0.310642,5.047429
mock_09974,Monolayer,Light Blue,189.1045,204.3896,237.3838,-0.04669,0.283543
mock_09975,Few Layers,Green,114.7715,169.3232,149.7051,-0.206175,2.057607
mock_09976,Bulk,Yellow,187.3936,165.1025,121.7441,-0.315265,5.050935
mock_09977,Trilayer,Purple-Blue,127.8975,147.7959,209.3252,-0.167888,1.076938
mock_09978,Trilayer,Purple-Blue,127.6582,147.9688,209.7051,-0.15059,0.885919
mock_09979,Few Layers,Green,114.4092,169.8652,149.749,-0.251057,2.116692
mock_09980,Few Layers,Green,114.1045,169.5488,149.3242,-0.242827,2.168295
mock_09981,Trilayer,Purple-Blue,127.4492,147.8428,209.1084,-0.161398,0.953373
mock_09982,Bilayer,Blue,154.6699,178.8438,219.4941,-0.150309,0.633913
mock_09983,Monolayer,Light Blue,189.6152,204.4873,237.7822,-0.060709,0.407476
mock_09984,Monolayer,Light Blue,189.96,204.0771,237.4502,-0.054024,0.243928
mock_09985,Bilayer,Blue,154.4531,180.0107,219.8301,-0.092442,0.701511
mock_09986,Monolayer,Light Blue,189.7939,204.7246,237.3359,-0.069239,0.326345
mock_09987,Monolayer,Light Blue,190.0996,203.9707,237.0195,-0.043347,0.238822
mock_09988,Bulk,Yellow,187.7188,165.3398,121.4648,-0.349939,5.043975
mock_09989,Monolayer,Light Blue,189.9746,204.8203,237.2812,-0.037793,0.344738
mock_09990,Few Layers,Green,114.5879,169.7559,149.7832,-0.252236,2.119414
mock_09991,Monolayer,Light Blue,189.9473,204.1494,237.6719,-0.037193,0.282435
mock_09992,Trilayer,Purple-Blue,127.6006,147.4082,209.6455,-0.160682,1.070388
mock_09993,Bilayer,Blue,154.2627,179.3896,219.5264,-0.077599,0.616007
mock_09994,Bulk,Yellow,187.6768,165.6943,121.4844,-0.319711,5.060402
mock_09995,Trilayer,Purple-Blue,127.2549,146.9385,209.3369,-0.168268,0.94437
mock_09996,Bilayer,Blue,154.6318,179.3672,219.8975,-0.102987,0.761866
mock_09997,Bulk,Yellow,187.6289,165.7168,121.1172,-0.323647,5.021826
mock_09998,Trilayer,Purple-Blue,127.2354,147.501,209.4141,-0.143493,1.004884
mock_09999,Monolayer,Light Blue,189.8545,204.5752,237.79,-0.056297,0.427513
